UID,Name,DOI,Citation,Rights,More Information,Data generalisations,Information withheld,Download limit
dr909,BRERC Notable Species records within the last 10 years,doi:10.15468/vntgox,Bristol Regional Environmental Records Centre ([Insert download year]). BRERC Notable Species records within the last 10 years. Occurrence dataset on the NBN Atlas,"Creative Commons, with Attribution, Non-commercial v4.0 (CC-BY-NC) BRERC retains copyright. The data is provided via the NBN Atlas for non-commercial purposes.","For more information: email info@brerc.org.uk, or https://registry.nbnatlas.org/public/show/dr909",,,
dp56,Royal Horticultural Society,,"Records provided by Royal Horticultural Society, accessed through NBN Atlas website.",,"For more information: email membership@rhs.org.uk, or https://registry.nbnatlas.org/public/show/dp56",,,
dp71,Butterfly Conservation,,"Records provided by Butterfly Conservation, accessed through NBN Atlas website.",,"For more information: email info@butterfly-conservation.org, or https://registry.nbnatlas.org/public/show/dp71",,,
dr2580,Northumberland Wildlife Trust - Records,10.15468/h6r5q5,Data supplied by Northumberland Wildlife Trust,"Creative Commons, with Attribution, Non-commercial v4.0 (CC-BY-NC) CC BY-NC
      		Creative Commons Attribution Non-Commercial","For more information: email data@northwt.org.uk, or https://registry.nbnatlas.org/public/show/dr2580",,,
dr1236,National Trust Species Records,doi:10.15468/opc6g1,National Trust ([Insert download year]). National Trust Species Records. Occurrence dataset on the NBN Atlas,Creative Commons Zero v1.0 (CC0) CC0,For more information:  https://registry.nbnatlas.org/public/show/dr1236,,,
dp121,Suffolk Biodiversity Information Service,,"Records provided by Suffolk Biodiversity Information Service, accessed through NBN Atlas website.",,For more information:  https://registry.nbnatlas.org/public/show/dp121,,,
dp244,Berkshire Moth Group,,"Records provided by Berkshire Moth Group, accessed through NBN Atlas website.",,For more information:  https://registry.nbnatlas.org/public/show/dp244,,,
dp266,"Natural History Museum, London",,"Records provided by Natural History Museum, London, accessed through NBN Atlas website.",,For more information:  https://registry.nbnatlas.org/public/show/dp266,,,
dp101,Cambridgeshire & Peterborough Environmental Records Centre,,"Records provided by Cambridgeshire & Peterborough Environmental Records Centre, accessed through NBN Atlas website.",,"For more information: email data@cperc.org.uk, or https://registry.nbnatlas.org/public/show/dp101",,,
dr3116,Cambridgeshire and Peterborough Environmental Records Centre data,10.15468/w4pz93,"Records provided by Cambridgeshire and Peterborough Environmental Records Centre data, accessed through NBN Atlas website.","Creative Commons, with Attribution, Non-commercial v4.0 (CC-BY-NC)",For more information:  https://registry.nbnatlas.org/public/show/dr3116,,,
dr2467,Leicestershire and Rutland Environmental Records Centre records 2020-2024,10.15468/gyrxjn,Leicestershire and Rutland Environmental Records Centre ([Insert year of download]). Leicestershire and Rutland Environmental Records Centre records 2020. Occurrence dataset on the NBN Atlas,"Creative Commons, with Attribution, Non-commercial v4.0 (CC-BY-NC) LRERC should be acknowledged in any use of the data.  The data supplier is contained within the dataset.  Further metadata on individual data suppliers datasets can be found by searching for the datasetID at https://my.lerc.online/Datasets.aspx?src=lr",For more information:  https://registry.nbnatlas.org/public/show/dr2467,,,
dr782,Shropshire Ecological Data Network database,doi:10.15468/5v5pvk,Shropshire Ecological Data Network ([Insert download year]). Shropshire Ecological Data Network database. Occurrence dataset on the NBN Atlas,Creative Commons with Attribution 4.0 (CC-BY) CC-BY,"For more information: email alex.lockton@gmail.com, or https://registry.nbnatlas.org/public/show/dr782",,,
dp120,Shropshire Ecological Data Network,,"Records provided by Shropshire Ecological Data Network, accessed through NBN Atlas website.",,For more information:  https://registry.nbnatlas.org/public/show/dp120,,,
dp107,Bristol Regional Environmental Records Centre,,"Records provided by Bristol Regional Environmental Records Centre, accessed through NBN Atlas website.",,"For more information: email dataenquiries@brerc.org.uk, or https://registry.nbnatlas.org/public/show/dp107",,,
dp105,Essex Wildlife Trust,,"Records provided by Essex Wildlife Trust, accessed through NBN Atlas website.",,For more information:  https://registry.nbnatlas.org/public/show/dp105,,,
dr867,Suffolk Biodiversity Information Service (SBIS) Dataset,doi:10.15468/ab4vwo,Suffolk Biodiversity Information Service ([Insert download year]). Suffolk Biodiversity Information Service (SBIS) Dataset. Occurrence dataset on the NBN Atlas,"Creative Commons, with Attribution, Non-commercial v4.0 (CC-BY-NC) CC-BY-NC","For more information: email martin.sanford@suffolk.gov.uk, or https://registry.nbnatlas.org/public/show/dr867",,,
dr789,"Macro-moth distribution records for the UK from Butterfly Conservation, up to 2019",doi:10.15468/xnm1lw,"Macro-moth distribution data from the National Moth Recording Scheme, courtesy of Butterfly Conservation.","Creative Commons, with Attribution, Non-commercial v4.0 (CC-BY-NC) Butterfly Conservation has NMRS database rights. Recorders retain copyright of their original records.",For more information:  https://registry.nbnatlas.org/public/show/dr789,,,
dr822,RHS monitoring of native and naturalised plants and animals at its gardens and surrounding areas,doi:10.15468/mjksef,Royal Horticultural Society ([Insert download year]). RHS monitoring of native and naturalised plants and animals at its gardens and surrounding areas. Occurrence dataset on the NBN Atlas,Creative Commons with Attribution 4.0 (CC-BY) CC-BY,"For more information: email andrewsalisbury@rhs.org.uk, or https://registry.nbnatlas.org/public/show/dr822",,,
dr3182,"Moth and butterfly records for sites in Harrow, London by John Hollingdale 2012-2019",10.15468/yd936j,"Harrow Nature Conservation Forum 2024. Moth and butterfly records for sites in Harrow, London by John Hollingdale 2012-2019. Occurrence dataset on the NBN Atlas.","Creative Commons, with Attribution, Non-commercial v4.0 (CC-BY-NC)",For more information:  https://registry.nbnatlas.org/public/show/dr3182,,,
dr938,BRERC species records from all years at full resolution excluding Notable Species within the last 10 years,doi:10.15468/h1ln5p,Bristol Regional Environmental Records Centre ([Insert download year]). BEREC species records from all years at full resolution excluding Notable Species within the last 10 years. Occurrence dataset on the NBN Atlas,"Creative Commons, with Attribution, Non-commercial v4.0 (CC-BY-NC) BRERC retains copyright. The data is provided via the NBN Atlas for non-commercial purposes.","For more information: email info@brerc.org.uk, or https://registry.nbnatlas.org/public/show/dr938",,,
dp83,Natural England,,"Records provided by Natural England, accessed through NBN Atlas website.",,For more information:  https://registry.nbnatlas.org/public/show/dp83,,,
dr3763,"ORKS Wildlife Recording Platform, Cornwall & Isles of Scilly",,Environmental Records Centre for Cornwall & Isles of Scilly 2025. ORKS Wildlife Recording Platform. Occurrence dataset on the NBN Atlas.,"Creative Commons, with Attribution, Non-commercial v4.0 (CC-BY-NC)",For more information:  https://registry.nbnatlas.org/public/show/dr3763,,,
dp297,Environmental Records Centre for Cornwall & Isles of Scilly,,"Records provided by Environmental Records Centre for Cornwall & Isles of Scilly, accessed through NBN Atlas website.",,"For more information: email erccisstaff@cornwallwildlifetrust.org.uk, or https://registry.nbnatlas.org/public/show/dp297",,,
dr2677,Collection Specimens,https://doi.org/10.5519/0002965,Natural History Museum (2023). Data Portal query on 1 resources https://doi.org/10.5519/qd.i4tk4lrk,Creative Commons Zero v1.0 (CC0) CC0-1.0,"For more information: email data@nhm.ac.uk, or https://registry.nbnatlas.org/public/show/dr2677",,,
dp154,NatureSpot,,"Records provided by NatureSpot, accessed through NBN Atlas website.",,"For more information: email info@naturespot.org, or https://registry.nbnatlas.org/public/show/dp154",,,
dr2139,Moths in Berkshire vice-county - records verified via iRecord,10.15468/mjrypq,Berkshire Moth Group. [Date of download.] Records verified via iRecord.,"Creative Commons with Attribution 4.0 (CC-BY) CC BY
      		Creative Commons Attribution",For more information:  https://registry.nbnatlas.org/public/show/dr2139,,,
dr3689,Essex Wildlife Trust - Records,,Data supplied by Essex Wildlife Trust,"Creative Commons with Attribution 4.0 (CC-BY) CC BY
      		Creative Commons Attribution","For more information: email records@essexwt.org.uk, or https://registry.nbnatlas.org/public/show/dr3689",,,
dr1842,iRecord Surveys,doi:10.15468/i7x5ca,Natural England iRecord Surveys ([year of download]),"Open Government Licence (OGL) OGL 
      		Open Government Licence (OGL 3.0)",For more information:  https://registry.nbnatlas.org/public/show/dr1842,,,
dp156,Leicestershire and Rutland Environmental Records Centre,,"Records provided by Leicestershire and Rutland Environmental Records Centre, accessed through NBN Atlas website.",,"For more information: email LRERC@leics.gov.uk, or https://registry.nbnatlas.org/public/show/dp156",,,
dp112,Isle of Wight Local Records Centre,,"Records provided by Isle of Wight Local Records Centre, accessed through NBN Atlas website.",,For more information:  https://registry.nbnatlas.org/public/show/dp112,,,
dp256,Northumberland Wildlife Trust,,"Records provided by Northumberland Wildlife Trust, accessed through NBN Atlas website.",,"For more information: email data@northwt.org.uk, or https://registry.nbnatlas.org/public/show/dp256",,,
dp271,Harrow Nature Conservation Forum,,"Records provided by Harrow Nature Conservation Forum, accessed through NBN Atlas website.",,For more information:  https://registry.nbnatlas.org/public/show/dp271,,,
dr814,Isle of Wight Notable Species,doi:10.15468/sm4ety,Isle of Wight Local Records Centre ([Insert download year]). Isle of Wight Notable Species. Occurrence dataset on the NBN Atlas,"Creative Commons, with Attribution, Non-commercial v4.0 (CC-BY-NC) CC-BY-NC","For more information: email lrc@iow.gov.uk, or https://registry.nbnatlas.org/public/show/dr814",,,
dp116,National Trust,,"Records provided by National Trust, accessed through NBN Atlas website.",,For more information:  https://registry.nbnatlas.org/public/show/dp116,,,
dr855,All taxa records for Leicestershire and Rutland,doi:10.15468/i46are,"Records provided by All taxa records for Leicestershire and Rutland, accessed through NBN Atlas website.","Creative Commons with Attribution 4.0 (CC-BY) CC BY
      		Creative Commons Attribution",For more information:  https://registry.nbnatlas.org/public/show/dr855,,,
dr1372,BTO First Atlas of Breeding Birds in Britain and Ireland: 1968-1972,doi:10.15468/cfigc5,British Trust for Ornithology ([Insert download year]). BTO First Atlas of Breeding Birds in Britain and Ireland: 1968-1972. Occurrence dataset on the NBN Atlas,"Creative Commons, with Attribution, Non-commercial v4.0 (CC-BY-NC) CC-BY-NC",For more information:  https://registry.nbnatlas.org/public/show/dr1372,,,
dr2463,Leicestershire and Rutland Environmental Records Centre records pre 2000,10.15468/res3cx,Leicestershire and Rutland Environmental Records Centre ([Insert year of download]). Leicestershire and Rutland Environmental Records Centre records pre 2000. Occurrence dataset on the NBN Atlas.,"Creative Commons, with Attribution, Non-commercial v4.0 (CC-BY-NC) LRERC should be acknowledged in any use of the data.  The data supplier is contained within the dataset.  Further metadata on individual data suppliers datasets can be found by searching for the datasetID at https://my.lerc.online/Datasets.aspx?src=lr",For more information:  https://registry.nbnatlas.org/public/show/dr2463,,,
dp165,Argyll Bird Club,,"Records provided by Argyll Bird Club, accessed through NBN Atlas website.",,For more information:  https://registry.nbnatlas.org/public/show/dp165,,,
dp201,Manx National Heritage,,"Records provided by Manx National Heritage, accessed through NBN Atlas website.",,"For more information: email enquiries@mnh.gov.im, or https://registry.nbnatlas.org/public/show/dp201",,,
dr3716,Bird records via iRecord - unverified records,,Bird records via iRecord - unverified records. [Date of download] Records verified via iRecord.,"Creative Commons with Attribution 4.0 (CC-BY) CC BY
      		Creative Commons Attribution",For more information:  https://registry.nbnatlas.org/public/show/dr3716,,,
dp162,Fife Nature Records Centre,,"Records provided by Fife Nature Records Centre, accessed through NBN Atlas website.",,"For more information: email nature.info@fife.gov.uk, or https://registry.nbnatlas.org/public/show/dp162",,,
dr1415,North East Scotland Breeding Bird Atlas 2002-06,doi:10.15468/hny7nf,The Scottish Ornithologists' Club ([Insert download year]). North East Scotland Breeding Bird Atlas 2002-06. Occurrence dataset on the NBN Atlas,Creative Commons with Attribution 4.0 (CC-BY) CC-BY,"For more information: email clive.mckay@the-soc.org.uk, or https://registry.nbnatlas.org/public/show/dr1415",,,
dr1935,NRW Regional Data: South East Wales Non-sensitive species,10.15468/g7xxs8,SEWBReC ([Insert download year]). NRW Regional Data: South East Wales Non-sensitive species. Occurrence dataset on the NBN Atlas,Open Government Licence (OGL),For more information:  https://registry.nbnatlas.org/public/show/dr1935,,,
dr3717,Bird records via iRecord - verified records,,Bird records via iRecord - verified records. [Date of download] Records verified via iRecord.,"Creative Commons with Attribution 4.0 (CC-BY) CC BY
      		Creative Commons Attribution",For more information:  https://registry.nbnatlas.org/public/show/dr3717,,,
dr749,Seasearch Marine Surveys in Scotland,doi:10.15468/0hyjxi,Seasearch ([Insert download year]). Seasearch Marine Surveys in Scotland. Occurrence dataset on the NBN Atlas,Creative Commons with Attribution 4.0 (CC-BY) CC-BY,"For more information: email info@seasearch.org.uk, or https://registry.nbnatlas.org/public/show/dr749",,,
dr502,Biological Recording in Scotland - Scotsman Wildlife Surveys,doi:10.15468/t50yhv,The Wildlife Information Centre or BRISC (depends on orginator in dataset name),"Creative Commons, with Attribution, Non-commercial v4.0 (CC-BY-NC) CC-BY-NC","For more information: email admin@wildlifeinformation.co.uk, or https://registry.nbnatlas.org/public/show/dr502",,,
dp59,Argyll Biological Records Centre,,"Records provided by Argyll Biological Records Centre, accessed through NBN Atlas website.",,"For more information: email data@lnhg.org.uk, or https://registry.nbnatlas.org/public/show/dp59",,,
dp205,The Road Lab UK,,"Records provided by The Road Lab UK, accessed through NBN Atlas website.",,For more information:  https://registry.nbnatlas.org/public/show/dp205,,,
dp43,The Wildlife Information Centre,,"Records provided by The Wildlife Information Centre, accessed through NBN Atlas website.",,"For more information: email info@wildlifeinformation.co.uk, or https://registry.nbnatlas.org/public/show/dp43",,,
dp0,Royal Society for the Protection of Birds,,"Records provided by Royal Society for the Protection of Birds, accessed through NBN Atlas website.",,"For more information: email Dataunit@rspb.org.uk, or https://registry.nbnatlas.org/public/show/dp0",,,
dp41,John Muir Trust,,"Records provided by John Muir Trust, accessed through NBN Atlas website.",,"For more information: email admin@johnmuirtrust.org, or https://registry.nbnatlas.org/public/show/dp41",,,
dp2,Scottish Wildlife Trust,,"Records provided by Scottish Wildlife Trust, accessed through NBN Atlas website.",,"For more information: email kedata@scottishwildlifetrust.org.uk, or https://registry.nbnatlas.org/public/show/dp2",,,
dp280,Birda,,"Records provided by Birda, accessed through NBN Atlas website.",,"For more information: email support@birda.org, or https://registry.nbnatlas.org/public/show/dp280",,,
dr2194,East Lothian Council Ranger Service Records,10.15468/fhf9y7,"East Lothian Council Ranger Service Records, TWIC (2020)","Creative Commons, with Attribution, Non-commercial v4.0 (CC-BY-NC)",For more information:  https://registry.nbnatlas.org/public/show/dr2194,,,
dr3162,Birds (BTO+partners) 2021 - 2023,,"Records provided by BTO, accessed through NBN Atlas website.","Creative Commons, with Attribution, Non-commercial v4.0 (CC-BY-NC)",For more information:  https://registry.nbnatlas.org/public/show/dr3162,,,
dr2992,Birda - Global Observation Dataset (UK records),https://doi.org/10.15468/6kud7x,"White J, White N, Barker D, Evans D, Steer T, David M, Benevente S, Cunningham S, Smith E, Fonseca F, Betteridge E (2023). Birda - Global Observation Dataset. Version 1.14. Birda. Occurrence dataset https://doi.org/10.15468/6kud7x",Creative Commons with Attribution 4.0 (CC-BY),For more information:  https://registry.nbnatlas.org/public/show/dr2992,,,
dr1420,Miscellaneous records held on the Cofnod database,doi:10.15468/hcgqsi,Cofnod ([Insert download year]). Miscellaneous records held on the Cofnod database. Occurrence dataset on the NBN Atlas,"Creative Commons, with Attribution, Non-commercial v4.0 (CC-BY-NC) CC-BY-NC","For more information: email record@cofnod.org.uk, or https://registry.nbnatlas.org/public/show/dr1420",,,
dr1269,Highland bird data 2002 - 2003 - non-breeding records,doi:10.15468/ovr9nu,"Scottish Ornithologists' Club, The ([Insert download year]). Highland bird data 2002 - 2003 - non-breeding records. Occurrence dataset on the NBN Atlas",Creative Commons with Attribution 4.0 (CC-BY) CC-BY,"For more information: email clive.mckay@the-soc.org.uk, or https://registry.nbnatlas.org/public/show/dr1269",,,
dr2117,South East Scotland Tetrad Atlas 2008 - 2013 - non-sensitive breeding species,10.15468/9xhy5h,"Murray, R.D., Andrews, I.J. & Holling, M. 2019. Birds in South-east Scotland 2007-13: a tetrad atlas of the birds of Lothian and Borders. The Scottish Ornithologists‚Äô Club, Aberlady.",Creative Commons with Attribution 4.0 (CC-BY),For more information:  https://registry.nbnatlas.org/public/show/dr2117,,,
dr1267,Highland Breeding Bird Data 2002-2003 - non-sensitive breeding species,doi:10.15468/559t1y,"Scottish Ornithologists' Club, The ([Insert download year]). Highland Breeding Bird Data 2002-2003 - non-sensitive breeding species. Occurrence dataset on the NBN Atlas",Creative Commons with Attribution 4.0 (CC-BY) CC-BY,"For more information: email clive.mckay@the-soc.org.uk, or https://registry.nbnatlas.org/public/show/dr1267",,,
dr851,Merseyside BioBank (verified),doi:10.15468/ar0p6s,Merseyside BioBank (2020) www.merseysidebiobank.org.uk,"Creative Commons, with Attribution, Non-commercial v4.0 (CC-BY-NC) CC-BY-NC","For more information: email Info@MerseysideBioBank.org.uk, or https://registry.nbnatlas.org/public/show/dr851",,,
dr2118,South East Scotland Tetrad Atlas 2007 - 2013 - non-sensitive winter species,10.15468/28drbf,"Murray, R.D., Andrews, I.J. & Holling, M. 2019. Birds in South-east Scotland 2007-13: a tetrad atlas of the birds of Lothian and Borders. The Scottish Ornithologists‚Äô Club, Aberlady.",Creative Commons with Attribution 4.0 (CC-BY),For more information:  https://registry.nbnatlas.org/public/show/dr2118,,,
dr1827,"Calf of Man (Isle of Man) Bird Observatory Daily Logs, 1959-2004",doi:10.15468/rzpbo5,"Manx National Heritage Library and Archives ([Insert download year]). Calf of Man (Isle of Man) Bird Observatory Daily Logs, 1959-2004. Occurrence dataset on the NBN Atlas","Creative Commons, with Attribution, Non-commercial v4.0 (CC-BY-NC)",For more information:  https://registry.nbnatlas.org/public/show/dr1827,,,
dp77,Biological Records Centre,,"Records provided by Biological Records Centre, accessed through NBN Atlas website.",,"For more information: email brc@ceh.ac.uk, or https://registry.nbnatlas.org/public/show/dp77",,,
dr1156,BTO Second Atlas of Breeding Birds in Britain and Ireland: 1988-1991,doi:10.15468/cisnhd,British Trust for Ornithology ([Insert download year]). BTO Second Atlas of Breeding Birds in Britain and Ireland: 1988-1991. Occurrence dataset on the NBN Atlas,"Creative Commons, with Attribution, Non-commercial v4.0 (CC-BY-NC) CC-BY-NC",For more information:  https://registry.nbnatlas.org/public/show/dr1156,,,
dr1277,South East Scotland Tetrad Atlas 1988 - 1994 - non-sensitive breeding species,doi:10.15468/ofiznf,The Scottish Ornithologists' Club ([Insert download year]). South East Scotland Tetrad Atlas 1988 - 1994 - non-sensitive breeding species. Occurrence dataset on the NBN Atlas,Creative Commons with Attribution 4.0 (CC-BY) CC-BY,"For more information: email clive.mckay@the-soc.org.uk, or https://registry.nbnatlas.org/public/show/dr1277",,,
dr1395,Fife non-breeding bird 5km atlas 1991-99,doi:10.15468/rnxyvi,The Scottish Ornithologists' Club ([Insert download year]). Fife non-breeding bird 5km atlas 1991-99. Occurrence dataset on the NBN Atlas,Creative Commons with Attribution 4.0 (CC-BY) CC-BY,"For more information: email clive.mckay@the-soc.org.uk, or https://registry.nbnatlas.org/public/show/dr1395",,,
dr1312,Stackpole National Nature Reserve Species Inventory and Ad-hoc Sightings from Across Pembrokeshire,10.15468/k6hvb8,Natural Resources Wales.  ([Insert year of download])  Stackpole National Nature Reserve Species Inventory and Ad-hoc Sightings from Across Pembrokeshire. Occurrence dataset accessed through the NBNAtlas,"Open Government Licence (OGL) ¬© CNC/NRW
Data may be re-used under the terms of the Open Government Licence providing it is done so, acknowledging both the source and NRW's copyright. It is the recipient's responsibility to ensure the data is fit for the intended purpose.

Attribution statement: Contains Natural Resources Wales information ¬© Natural Resources Wales and Database Right. All rights Reserved.",For more information:  https://registry.nbnatlas.org/public/show/dr1312,,,
dp186,West Wales Biodiversity Information Centre,,"Records provided by West Wales Biodiversity Information Centre, accessed through NBN Atlas website.",,For more information:  https://registry.nbnatlas.org/public/show/dp186,,,
dr1954,CEDaR Online Recording,10.15468/ke4kw8,"Records provided by CEDaR Online Recording, accessed through NBN Atlas website.","Creative Commons with Attribution 4.0 (CC-BY) CC BY
      		Creative Commons Attribution",For more information:  https://registry.nbnatlas.org/public/show/dr1954,,,
dr528,Birds (BTO+partners) to 2005,,"Records provided by BTO, accessed through NBN Atlas website","Creative Commons, with Attribution, Non-commercial v4.0 (CC-BY-NC)",For more information:  https://registry.nbnatlas.org/public/show/dr528,,,
dr765,Commissioned surveys and staff surveys and reports for Scottish Wildlife Trust reserves - Verified data,doi:10.15468/a6snhl,Scottish Wildlife Trust ([Insert download year]). Commissioned surveys and staff surveys and reports for Scottish Wildlife Trust reserves - Verified data. Occurrence dataset on the NBN Atlas,Creative Commons with Attribution 4.0 (CC-BY) CC-BY,"For more information: email kedata@scottishwildlifetrust.org.uk, or https://registry.nbnatlas.org/public/show/dr765",,,
dr886,St Andrews BioBlitz 2014,10.15468/erweal,Fife Nature Records Centre ([Insert download year]). St Andrews BioBlitz 2014. Occurrence dataset on the NBN Atlas,"Creative Commons, with Attribution, Non-commercial v4.0 (CC-BY-NC) CC-BY-NC","For more information: email nature.info@fife.gov.uk, or https://registry.nbnatlas.org/public/show/dr886",,,
dr2370,Birds (BTO/JNCC/RSPB partnership),,"Records provided by BTO, accessed through NBN Atlas website",Open Government Licence (OGL),For more information:  https://registry.nbnatlas.org/public/show/dr2370,,,
dr871,Yorkshire Naturalists Union Marine and Coastal Section Records,,Yorkshire Naturalists' Union ([Insert download year]). Yorkshire Naturalists Union Marine and Coastal Section Records. Occurrence dataset on the NBN Atlas,Creative Commons Zero v1.0 (CC0) CC0,"For more information: email membership@ynu.org.uk, or https://registry.nbnatlas.org/public/show/dr871",,,
dr478,RSPB Annual Reserve Avian Monitoring,10.15468/ssn1l9,Royal Society for the Protection of Birds ([Insert download year]). RSPB Annual Reserve Avian Monitoring. Occurrence dataset on the NBN Atlas,Creative Commons Zero v1.0 (CC0),"For more information: email dataunit@rspb.org.uk, or https://registry.nbnatlas.org/public/show/dr478",,,
dr1289,Bird records for Argyll for the years 2002 and 2003.,10.15468/uilybi,Argyll Bird Club ([Insert download year]). Bird records for Argyll for the years 2002 and 2003. Occurrence dataset on the NBN Atlas,"Creative Commons, with Attribution, Non-commercial v4.0 (CC-BY-NC) CC-BY-NC","For more information: email david.wood@snh.gov.uk, or https://registry.nbnatlas.org/public/show/dr1289",,,
dr2417,"British bird study skins in the collections of World Museum, National Museums Liverpool",10.15468/tekr68,"World Museum, National Museums Liverpool (2020). British bird study skins in the collections of World Museum, National Museums Liverpool.","Creative Commons, with Attribution, Non-commercial v4.0 (CC-BY-NC)",For more information:  https://registry.nbnatlas.org/public/show/dr2417,,,
dr2380,Birds (BTO+partners) 2006 - 2010,,"Records provided by BTO, accessed through NBN Atlas website","Creative Commons, with Attribution, Non-commercial v4.0 (CC-BY-NC)",For more information:  https://registry.nbnatlas.org/public/show/dr2380,,,
dr2381,Birds (BTO+partners) 2011 - 2015,,"Records provided by BTO, accessed through NBN Atlas website","Creative Commons, with Attribution, Non-commercial v4.0 (CC-BY-NC)",For more information:  https://registry.nbnatlas.org/public/show/dr2381,,,
dr2382,Birds (BTO+partners) 2016 - 2020,,"Records provided by BTO, accessed through NBN Atlas website","Creative Commons, with Attribution, Non-commercial v4.0 (CC-BY-NC)",For more information:  https://registry.nbnatlas.org/public/show/dr2382,,,
dp242,"World Museum, National Museums Liverpool",,"Records provided by World Museum, National Museums Liverpool, accessed through NBN Atlas website.",,For more information:  https://registry.nbnatlas.org/public/show/dp242,,,
dr1335,Gloucestershire Historic Wildlife Sightings prior to 1st Jan 2000,doi:10.15468/dgf5es,Gloucestershire Centre for Environmental Records ([Insert download year]). Gloucestershire Historic Wildlife Sightings prior to 1st Jan 2000. Occurrence dataset on the NBN Atlas,Creative Commons with Attribution 4.0 (CC-BY) CC-BY,For more information:  https://registry.nbnatlas.org/public/show/dr1335,,,
dp122,Natural Resources Wales,,"Records provided by Natural Resources Wales, accessed through NBN Atlas website.",,"For more information: email opendata@cyfoethnaturiolcymru.gov.uk, or https://registry.nbnatlas.org/public/show/dp122",,,
dp123,North East Scotland Biological Records Centre,,"Records provided by North East Scotland Biological Records Centre, accessed through NBN Atlas website.",,"For more information: email nesbrec@aberdeenshire.gov.uk, or https://registry.nbnatlas.org/public/show/dp123",,,
dr1212,Welsh Invertebrate Database (WID),10.15468/bv8fcj,Natural Resources Wales.  ([Insert year of download])  Welsh Invertebrate Database (WID). Occurrence dataset accessed through the NBNAtlas,"Open Government Licence (OGL) ¬© CNC/NRW
Data may be re-used under the terms of the Open Government Licence providing it is done so, acknowledging both the source and NRW's copyright. It is the recipient's responsibility to ensure the data is fit for the intended purpose.

Attribution statement: Contains Natural Resources Wales information ¬© Natural Resources Wales and Database Right. All rights Reserved.",For more information:  https://registry.nbnatlas.org/public/show/dr1212,,,
dp129,Yorkshire Naturalists' Union,,"Records provided by Yorkshire Naturalists' Union, accessed through NBN Atlas website.",,"For more information: email membership@ynu.org.uk, or https://registry.nbnatlas.org/public/show/dp129",,,
dp126,South East Wales Biodiversity Records Centre,,"Records provided by South East Wales Biodiversity Records Centre, accessed through NBN Atlas website.",,For more information:  https://registry.nbnatlas.org/public/show/dp126,,,
dr819,Argyll Biological Records Dataset,10.15468/ejve6c,Argyll Biological Records Centre ([Insert year of download]). Argyll Biological Records Dataset. Occurrence dataset on the NBN Atlas.,Creative Commons with Attribution 4.0 (CC-BY),For more information:  https://registry.nbnatlas.org/public/show/dr819,,,
dr3486,Manx Biological Recording Partnership VERIFIED records loaded between 24/01/2024 and 23/01/2025.,10.15468/995nzr,Manx Biological Recording Partnership VERIFIED records loaded between 24/01/2024 and 23/01/2025.,"Creative Commons, with Attribution, Non-commercial v4.0 (CC-BY-NC) Please acknowledge the Manx Biological Recording Partnership,  https://isleofman.nbnatlas.org/",For more information:  https://registry.nbnatlas.org/public/show/dr3486,,,
dr3485,Manx Biological Recording Partnership UNVERIFIED records loaded between 24/01/2024 and 23/01/2025,10.15468/cdpss3,Manx Biological Recording Partnership UNVERIFIED records loaded between 24/01/2024 and 23/01/2025,"Creative Commons, with Attribution, Non-commercial v4.0 (CC-BY-NC) Please acknowledge the Manx Biological Recording Partnership,  https://isleofman.nbnatlas.org/",For more information:  https://registry.nbnatlas.org/public/show/dr3485,,,
dr1341,Fife breeding bird tetrad atlas 1991-99,doi:10.15468/yogoms,The Scottish Ornithologists' Club ([Insert download year]). Fife breeding bird tetrad atlas 1991-99. Occurrence dataset on the NBN Atlas,Creative Commons with Attribution 4.0 (CC-BY) CC-BY,"For more information: email clive.mckay@the-soc.org.uk, or https://registry.nbnatlas.org/public/show/dr1341",,,
dp111,Merseyside BioBank,,"Records provided by Merseyside BioBank, accessed through NBN Atlas website.",,"For more information: email info@merseysidebiobank.org.uk, or https://registry.nbnatlas.org/public/show/dp111",,,
dp119,Seasearch,,"Records provided by Seasearch, accessed through NBN Atlas website.",,For more information:  https://registry.nbnatlas.org/public/show/dp119,,,
dr1628,UK Roadkill Records,10.15468/r3xakd,The Road Lab ([Insert download year]). UK Roadkill Records. Occurrence dataset on the NBN Atlas,"Creative Commons, with Attribution, Non-commercial v4.0 (CC-BY-NC)",For more information:  https://registry.nbnatlas.org/public/show/dr1628,,,
dr931,SEWBReC Birds (South East Wales),doi:10.15468/qfainq,"Records provided by SEWBReC Birds (South East Wales), accessed through NBN Atlas website.","Creative Commons, with Attribution, Non-commercial v4.0 (CC-BY-NC) CC-BY-NC","For more information: email info@sewbrec.org.uk, or https://registry.nbnatlas.org/public/show/dr931",,,
dr777,"Species Records for John Muir Trust Properties Nevis, Sandwood, Quinag and Schiehallion 2010.",doi:10.15468/n9dwn0,"John Muir Trust ([Insert download year]). Species Records for John Muir Trust Properties Nevis, Sandwood, Quinag and Schiehallion 2010. Occurrence dataset on the NBN Atlas","Creative Commons, with Attribution, Non-commercial v4.0 (CC-BY-NC) CC-BY-NC","For more information: email Elizabeth@jmt.org , or https://registry.nbnatlas.org/public/show/dr777","Project Splatter has been actively collecting roadkill records since the beginning of 2013, but some records may fall before this. Records before 2013 will only be sporadic records, however. The majority of records have an exact date of that the animal was found on (DD/MM/YYYY). Some records, however, do not have a date associated with the record. In these instances, the cell is left blank.","Additional information about the Project, and links to social media pages, can be found at https://www.theroadlab.co.uk. Project Splatter is also available to answer any questions about the database.",
dp115,Manx Biological Recording Partnership,,"Records provided by Manx Biological Recording Partnership, accessed through NBN Atlas website.",,For more information:  https://registry.nbnatlas.org/public/show/dp115,,,
dp36,National Trust for Scotland,,"Records provided by National Trust for Scotland, accessed through NBN Atlas website.",,For more information:  https://registry.nbnatlas.org/public/show/dp36,,,
dr1350,North East Scotland Birds (1883-2010),doi:10.15468/o1okcz,"Records provided by North East Scotland Birds (1883-2010), accessed through NBN Atlas website.","Creative Commons, with Attribution, Non-commercial v4.0 (CC-BY-NC) CC-BY-NC","For more information: email nesbrec@aberdeenshire.gov.uk, or https://registry.nbnatlas.org/public/show/dr1350",,,
dp143,"Scottish Ornithologists' Club, The",,"Records provided by Scottish Ornithologists' Club, The, accessed through NBN Atlas website.",,"For more information: email mail@the-soc.org.uk, or https://registry.nbnatlas.org/public/show/dp143",,,
dr1237,BTO First Atlas of Wintering Birds in Britain and Ireland: 1981/82-1983/84,doi:10.15468/huodzs,British Trust for Ornithology ([Insert download year]). BTO First Atlas of Wintering Birds in Britain and Ireland: 1981/82-1983/84. Occurrence dataset on the NBN Atlas,"Creative Commons, with Attribution, Non-commercial v4.0 (CC-BY-NC) CC-BY-NC",For more information:  https://registry.nbnatlas.org/public/show/dr1237,,,
dr840,Fife Nature Records Centre Combined Dataset,10.15468/ccc1ip,Fife Nature Records Centre ([Insert year of download]). Fife Nature Records Centre Combined Dataset. Occurrence dataset on the NBN Atlas.,"Creative Commons, with Attribution, Non-commercial v4.0 (CC-BY-NC) CC-BY-NC",For more information:  https://registry.nbnatlas.org/public/show/dr840,,,
dr681,National Trust for Scotland Species Records,doi:10.15468/a5y1cz,National Trust for Scotland ([Insert download year]). National Trust for Scotland Species Records. Occurrence dataset on the NBN Atlas,Creative Commons with Attribution 4.0 (CC-BY) CC-BY,For more information:  https://registry.nbnatlas.org/public/show/dr681,,,
dr2449,"British bird eggs in the collections of World Museum, National Museums Liverpool",10.15468/n75arp,"World Museum, National Museums Liverpool ([Insert year of download). British bird eggs in the collections of World Museum, National Museums Liverpool.","Creative Commons, with Attribution, Non-commercial v4.0 (CC-BY-NC)",For more information:  https://registry.nbnatlas.org/public/show/dr2449,,,
dr1241,WTSWW Data: All Taxa (West Wales),10.15468/gaakk2,West Wales Biodiversity Information Centre ([Insert download year]). WTSWW Data: All Taxa (West Wales). Occurrence dataset on the NBN Atlas,"Creative Commons, with Attribution, Non-commercial v4.0 (CC-BY-NC) CC-BY-NC","For more information: email Kate.jones@wwbic.org.uk, or https://registry.nbnatlas.org/public/show/dr1241",,,
dr1248,NRW Regional Data: North Wales,doi:10.15468/krljpu,Cofnod ‚Äì North Wales Environmental Information Service ([Insert download year]). NRW Regional Data: North Wales. Occurrence dataset on the NBN Atlas,Open Government Licence (OGL) OGL,"For more information: email record@cofnod.org.uk, or https://registry.nbnatlas.org/public/show/dr1248",,,
dr1402,Yorkshire Wildlife Trust - Non-sensitive records from all taxonomic groups,doi:10.15468/2razk5,"Records provided by Yorkshire Wildlife Trust - Non-sensitive records from all taxonomic groups, accessed through NBN Atlas website.","Creative Commons, with Attribution, Non-commercial v4.0 (CC-BY-NC) CC-BY-NC",For more information:  https://registry.nbnatlas.org/public/show/dr1402,,,
dp130,Yorkshire Wildlife Trust,,"Records provided by Yorkshire Wildlife Trust, accessed through NBN Atlas website.",,"For more information: email info@ywt.org.uk, or https://registry.nbnatlas.org/public/show/dp130",,,
dp131,Cofnod - North Wales Environmental Information Service,,"Records provided by Cofnod - North Wales Environmental Information Service, accessed through NBN Atlas website.",,"For more information: email contactus@cofnod.org.uk, or https://registry.nbnatlas.org/public/show/dp131",,,
dr714,Corncrake national surveys - raw data,10.15468/oqwqca,RPSB ([Insert year of download]). Corncrake national surveys - raw data. Occurrence dataset on the NBN Atlas,"Creative Commons with Attribution 4.0 (CC-BY) Please acknowledge the RSPB, NatureScot and SCARABBS (Statutory Conservation Agencies and RSPB Breeding Birds Scheme) in any use of the data.","For more information: email dataunit@rspb.org.uk, or https://registry.nbnatlas.org/public/show/dr714",,,
dp29,British Trust for Ornithology,,"Records provided by British Trust for Ornithology, accessed through NBN Atlas website.",,"For more information: email info@bto.org, or https://registry.nbnatlas.org/public/show/dp29",,,
dr711,Seasearch Marine Surveys in Wales,doi:10.15468/4us2hk,Seasearch ([Insert download year]). Seasearch Marine Surveys in Wales. Occurrence dataset on the NBN Atlas,Creative Commons with Attribution 4.0 (CC-BY) CC-BY,"For more information: email info@seasearch.org.uk, or https://registry.nbnatlas.org/public/show/dr711",,,
dp137,Gloucestershire Centre for Environmental Records,,"Records provided by Gloucestershire Centre for Environmental Records, accessed through NBN Atlas website.",,"For more information: email gcer@gloucestershirewildlifetrust.co.uk, or https://registry.nbnatlas.org/public/show/dp137",,,
dp139,Centre for Environmental Data and Recording,,"Records provided by Centre for Environmental Data and Recording, accessed through NBN Atlas website.",,"For more information: email cedar.info@nmni.com, or https://registry.nbnatlas.org/public/show/dp139",,,
dp291,Holy Loch Nature Reserve,,"Records provided by Holy Loch Nature Reserve, accessed through NBN Atlas website.",,For more information:  https://registry.nbnatlas.org/public/show/dp291,,,
dp245,Scottish Raptor Monitoring Scheme,,"Records provided by Scottish Raptor Monitoring Scheme, accessed through NBN Atlas website.",,For more information:  https://registry.nbnatlas.org/public/show/dp245,,,
dp9,NatureScot,,"Records provided by NatureScot, accessed through NBN Atlas website.",,For more information:  https://registry.nbnatlas.org/public/show/dp9,,,
dr3366,Holy Loch Food Web,10.15468/sf86ac,"Hammatt, N. Holy Loch Food Web Project 2022-","Creative Commons, with Attribution, Non-commercial v4.0 (CC-BY-NC) Sandbank Community Development Trust",For more information:  https://registry.nbnatlas.org/public/show/dr3366,,,
dr3441,Caithness and Sutherland Peatlands SPA wader surveys 2023 final report data,10.15468/au8u88,"Ward, S. 2024. Site Condition Monitoring of golden plover, dunlin and greenshank in Caithness and Sutherland Peatlands Special Protection Area in 2004, 2009, 2015 and 2023. NatureScot Research Report RR1092 (2023 data)",Open Government Licence (OGL) NatureScot,For more information:  https://registry.nbnatlas.org/public/show/dr3441,,,
dr2637,RSPB Lochwinnoch incidental species records,10.15468/axk5hc,The Royal Society for the Protection of Birds ([Insert download year]). RSPB Lochwinnoch incidental species records. Occurrence dataset on the NBN Atlas,"Creative Commons with Attribution 4.0 (CC-BY) Garnock Connections is a Landscape Partnership Scheme led by RSPB Scotland in partnership with North Ayrshire Council, Scottish Environment Protection Agency (SEPA), NatureScot and the Scottish Wildlife Trust. Historic Environment Scotland (HES) act as an advisory body to the partnership. Garnock Connections has been supported by a grant from the National Lottery Heritage Fund and a grant from the Nature Restoration Fund.",For more information:  https://registry.nbnatlas.org/public/show/dr2637,,,
dr2717,Scottish Raptor Monitoring Scheme records of breeding raptors 2003 - 2024,,Scottish Raptor Monitoring Scheme ([Insert download year]). Scottish Raptor Monitoring Scheme records of breeding raptors 2003 - 2024. Occurrence dataset on the NBN Atlas. https://registry.nbnatlas.org/public/show/dr2717,"Creative Commons, with Attribution, Non-commercial v4.0 (CC-BY-NC)",For more information:  https://registry.nbnatlas.org/public/show/dr2717,Presence-only at 10km resolution,,
dr762,Species Records for John Muir Trust Properties 2007-2009,doi:10.15468/p5lw5z,John Muir Trust ([Insert download year]). Species Records for John Muir Trust Properties 2007-2009. Occurrence dataset on the NBN Atlas,"Creative Commons, with Attribution, Non-commercial v4.0 (CC-BY-NC) CC-BY-NC","For more information: email Elizabeth@jmt.org , or https://registry.nbnatlas.org/public/show/dr762",,,
dp109,Lancashire Environment Record Network,,"Records provided by Lancashire Environment Record Network, accessed through NBN Atlas website.",,"For more information: email lern@lancashire.gov.uk, or https://registry.nbnatlas.org/public/show/dp109",,,
dr766,Survey and monitoring records for Scottish Wildlife Trust reserves from reserve convenors and Trust volunteers - Verified data,doi:10.15468/yyd4b9,Scottish Wildlife Trust ([Insert download year]). Survey and monitoring records for Scottish Wildlife Trust reserves from reserve convenors and Trust volunteers - Verified data. Occurrence dataset on the NBN Atlas,Creative Commons with Attribution 4.0 (CC-BY) CC-BY,"For more information: email kedata@scottishwildlifetrust.org.uk, or https://registry.nbnatlas.org/public/show/dr766",,,
dr1164,LERN Records,doi:10.15468/esxc9a,Lancashire Environment Record Network ([Insert download year]). LERN Records. Occurrence dataset on the NBN Atlas,"Creative Commons, with Attribution, Non-commercial v4.0 (CC-BY-NC) CC-BY-NC","For more information: email lern@lancashire.gov.uk, or https://registry.nbnatlas.org/public/show/dr1164",,,
dr473,"White-tailed eagle reintroduction in Scotland, 1975 onwards - Sightings data",10.15468/kdsdew,Please acknowledge the Royal Society for the Protection of Birds (RSPB) and Scottish Natural Heritage (SNH) in any use of the data.,Creative Commons with Attribution 4.0 (CC-BY) CC-BY,"For more information: email dataunit@rspb.org.uk, or https://registry.nbnatlas.org/public/show/dr473",,,
dr2581,Nottinghamshire Wildlife Trust - Records,10.15468/p2vf4u,Data supplied by Nottinghamshire Wildlife Trust,"Creative Commons, with Attribution, Non-commercial v4.0 (CC-BY-NC) CC BY-NC
      		Creative Commons Attribution Non-Commercial","For more information: email info@nottswt.co.uk, or https://registry.nbnatlas.org/public/show/dr2581",,,
dr2582,Yorkshire Wildlife Trust - Records,10.15468/7vpuhc,Data supplied by Yorkshire Wildlife Trust,"Creative Commons with Attribution 4.0 (CC-BY) CC BY
      		Creative Commons Attribution","For more information: email info@ywt.org.uk, or https://registry.nbnatlas.org/public/show/dr2582",,,
dr2464,Leicestershire and Rutland Environmental Records Centre records 2000-2009,10.15468/cs2zzf,Leicestershire and Rutland Environmental Records Centre ([Insert year of download]). Leicestershire and Rutland Environmental Records Centre records 2000-2009. Occurrence dataset on the NBN Atlas.,"Creative Commons, with Attribution, Non-commercial v4.0 (CC-BY-NC) LRERC should be acknowledged in any use of the data.  The data supplier is contained within the dataset.  Further metadata on individual data suppliers datasets can be found by searching for the datasetID at https://my.lerc.online/Datasets.aspx?src=lr",For more information:  https://registry.nbnatlas.org/public/show/dr2464,,,
dr2465,Leicestershire and Rutland Environmental Records Centre records 2010-2014,10.15468/9n92x3,Leicestershire and Rutland Environmental Records Centre ([Insert year of download]). Leicestershire and Rutland Environmental Records Centre records 2010-2014. Occurrence dataset on the NBN Atlas,"Creative Commons, with Attribution, Non-commercial v4.0 (CC-BY-NC) LRERC should be acknowledged in any use of the data.  The data supplier is contained within the dataset.  Further metadata on individual data suppliers datasets can be found by searching for the datasetID at https://my.lerc.online/Datasets.aspx?src=lr",For more information:  https://registry.nbnatlas.org/public/show/dr2465,,,
dr3553,National Peatland Action Programme Water Vole and Otter Surveys,10.15468/adnwtk,Natural Resources Wales. ([Insert year of download]) National Peatland Action Programme Water Vole and Otter Surveys. Occurrence dataset accessed through the NBNAtlas.,"Open Government Licence (OGL) ¬© CNC/NRW

Data may be re-used under the terms of the Open Government Licence providing it is done so, acknowledging both the source and NRW's copyright. It is the recipient's responsibility to ensure the data is fit for the intended purpose.

Attribution statement: Contains Natural Resources Wales information ¬© Natural Resources Wales and Database Right. All rights Reserved.
Natural Resources Wales. ([Insert year of download]) National Peatland Action Programme Water Vole and Otter Surveys. Occurrence dataset accessed through the NBNAtlas.",For more information:  https://registry.nbnatlas.org/public/show/dr3553,,,
dr3310,"Record species dataset covering Cheshire, Halton, Warrington & Wirral",10.15468/5yc69s,"Records provided by Record species dataset covering Cheshire, Halton, Warrington & Wirral, accessed through NBN Atlas website.","Creative Commons, with Attribution, Non-commercial v4.0 (CC-BY-NC)",For more information:  https://registry.nbnatlas.org/public/show/dr3310,,,
dr344,Water vole survey of Beinn Eighe National Nature Reserve - October 2011,doi:10.15468/geg9y3,NatureScot ([Insert download year]). Water vole survey of Beinn Eighe National Nature Reserve - October 2011. Occurrence dataset on the NBN Atlas,Open Government Licence (OGL) OGL,For more information:  https://registry.nbnatlas.org/public/show/dr344,,,
dr1930,Copeland Island Bird Observatory SeaWatch Survey,10.15468/s45hpf,Centre for Environmental Data and Recording ([Insert download year]). Copeland Island Bird Observatory SeaWatch Survey. Occurrence dataset on the NBN Atlas,Creative Commons with Attribution 4.0 (CC-BY) Copeland Island Bird Observatory,For more information:  https://registry.nbnatlas.org/public/show/dr1930,,,
dr2466,Leicestershire and Rutland Environmental Records Centre records 2015-2019,10.15468/dues93,Leicestershire and Rutland Environmental Records Centre ([Insert year of download]). Leicestershire and Rutland Environmental Records Centre records 2015-2019. Occurrence dataset on the NBN Atlas.,"Creative Commons, with Attribution, Non-commercial v4.0 (CC-BY-NC) LRERC should be acknowledged in any use of the data.  The data supplier is contained within the dataset.  Further metadata on individual data suppliers datasets can be found by searching for the datasetID at https://my.lerc.online/Datasets.aspx?src=lr",For more information:  https://registry.nbnatlas.org/public/show/dr2466,,,
dr1934,NRW Regional Data: South East Wales Sensitive species,10.15468/zk26dm,SEWBReC ([Insert download year]). NRW Regional Data: South East Wales Sensitive species. Occurrence dataset on the NBN Atlas,Open Government Licence (OGL),For more information:  https://registry.nbnatlas.org/public/show/dr1934,,,
dr1417,Mammal records captured from Licence Returns submitted to Natural Resources Wales,doi:10.15468/turlas,"Records captured from Licence Returns submitted to Natural Resources Wales (primarily mammal records), COFNOD (2019)",Open Government Licence (OGL) OGL,"For more information: email record@cofnod.org.uk, or https://registry.nbnatlas.org/public/show/dr1417",,,
dr743,"Mammal records from Britain from the Atlas of Mammals (1993), with some subsequent records",doi:10.15468/1qyxis,"Biological Records Centre ([Insert download year]). Mammal records from Britain from the Atlas of Mammals (1993), with some subsequent records. Occurrence dataset on the NBN Atlas",Creative Commons with Attribution 4.0 (CC-BY) CC-BY,"For more information: email brc@ceh.ac.uk, or https://registry.nbnatlas.org/public/show/dr743",,,
dp3,Outer Hebrides Biological Recording,,"Records provided by Outer Hebrides Biological Recording, accessed through NBN Atlas website.",,"For more information: email admin@ohbr.org.uk, or https://registry.nbnatlas.org/public/show/dp3",,,
dp7,Highland Biological Recording Group,,"Records provided by Highland Biological Recording Group, accessed through NBN Atlas website.",,For more information:  https://registry.nbnatlas.org/public/show/dp7,,,
dp160,Glasgow Museums Biological Records Centre,,"Records provided by Glasgow Museums Biological Records Centre, accessed through NBN Atlas website.",,For more information:  https://registry.nbnatlas.org/public/show/dp160,,,
dr2079,Manx Biological Recording Partnership VERIFIED Isle of Man records between 14/02/2017 and 05/09/2019,10.15468/dudjqq,Manx Biological Recording Partnership (2019). Isle of Man verified records between 14/02/2017 and 05/09/2019,"Creative Commons, with Attribution, Non-commercial v4.0 (CC-BY-NC) Please acknowledge the Manx Biological Recording Partnership,  https://isleofman.nbnatlas.org/",For more information:  https://registry.nbnatlas.org/public/show/dr2079,,,
dp8,Mammal Society,,"Records provided by Mammal Society, accessed through NBN Atlas website.",,"For more information: email atlas@themammalsociety.org, or https://registry.nbnatlas.org/public/show/dp8",,,
dr1786,Montgomeryshire Wildlife Trust records held by BIS,doi:10.15468/vozyfp,"Montgomeryshire Wildlife Trust records held by BIS, 2026","Creative Commons, with Attribution, Non-commercial v4.0 (CC-BY-NC)",For more information:  https://registry.nbnatlas.org/public/show/dr1786,,,
dp275,British Herpetological Society,,"Records provided by British Herpetological Society, accessed through NBN Atlas website.",,For more information:  https://registry.nbnatlas.org/public/show/dp275,,,
dr1941,Northern Ireland Environment Agency (NIEA) Collated Species Records,10.15468/gefbqb,"Northern Ireland Environment Agency (NIEA) Collated Species Records, CEDaR (2019)",Open Government Licence (OGL),For more information:  https://registry.nbnatlas.org/public/show/dr1941,,,
dr1787,Radnorshire Wildlife Trust records held by BIS,doi:10.15468/hxqokw,"Radnorshire Wildlife Trust records held by BIS, 2026","Creative Commons, with Attribution, Non-commercial v4.0 (CC-BY-NC)",For more information:  https://registry.nbnatlas.org/public/show/dr1787,,,
dr1784,Miscellaneous records held by BIS,doi:10.15468/mo7peo,"Miscellaneous records held by BIS, 2026","Creative Commons, with Attribution, Non-commercial v4.0 (CC-BY-NC)",For more information:  https://registry.nbnatlas.org/public/show/dr1784,,,
dp277,MammalWeb,,"Records provided by MammalWeb, accessed through NBN Atlas website.",,For more information:  https://registry.nbnatlas.org/public/show/dp277,,,
dr1785,Brecknock Wildlife Trust (Now WTSWW Brecknockshire) records held by BIS,doi:10.15468/hd7pvq,"Brecknock Wildlife Trust records held by BIS, 2026","Creative Commons, with Attribution, Non-commercial v4.0 (CC-BY-NC)",For more information:  https://registry.nbnatlas.org/public/show/dr1785,,,
dr1306,Marine Records from Pembrokeshire Marine Species Atlas,10.15468/42yudm,Natural Resources Wales.  ([Insert year of download])  Marine Records from Pembrokeshire Marine Species Atlas.  Occurrence dataset accessed through the NBNAtlas,"Open Government Licence (OGL) ¬© CNC/NRW
Data may be re-used under the terms of the Open Government Licence providing it is done so, acknowledging both the source and NRW's copyright. It is the recipient's responsibility to ensure the data is fit for the intended purpose.

Attribution statement: Contains Natural Resources Wales information ¬© Natural Resources Wales and Database Right. All rights Reserved.",For more information:  https://registry.nbnatlas.org/public/show/dr1306,,,
dr1307,Natural Resources Wales (NRW) Licence Return Dataset,10.15468/wlg2vm,Natural Resources Wales.  ([Insert year of download]) Natural Resources Wales (NRW) Licence Return Dataset.  Occurrence dataset accessed through the NBNAtlas,"Open Government Licence (OGL) ¬© CNC/NRW
Data may be re-used under the terms of the Open Government Licence providing it is done so, acknowledging both the source and NRW's copyright. It is the recipient's responsibility to ensure the data is fit for the intended purpose.

Attribution statement: Contains Natural Resources Wales information ¬© Natural Resources Wales and Database Right. All rights Reserved.",For more information:  https://registry.nbnatlas.org/public/show/dr1307,,,
dr693,Seasearch Marine Surveys in Ireland,doi:10.15468/pyugge,Seasearch ([Insert download year]). Seasearch Marine Surveys in Ireland. Occurrence dataset on the NBN Atlas,Creative Commons with Attribution 4.0 (CC-BY) CC-BY,"For more information: email info@seasearch.org.uk, or https://registry.nbnatlas.org/public/show/dr693",,,
dr858,City of Edinburgh Natural Heritage Service - Ranger Ad-hoc records and sightings,doi:10.15468/ealk6c,The Wildlife Information Centre ([Insert download year]). City of Edinburgh Natural Heritage Service - Ranger Ad-hoc records and sightings. Occurrence dataset on the NBN Atlas,Open Government Licence (OGL) OGL,"For more information: email admin@wildlifeinformation.co.uk, or https://registry.nbnatlas.org/public/show/dr858",,,
dr1309,Glasgow Museums BRC: Mammals,10.15468/fphygc,Glasgow Museums BRC ([Insert download year]). Glasgow Museums BRC: Mammals. Occurrence dataset on the NBN Atlas,"Creative Commons, with Attribution, Non-commercial v4.0 (CC-BY-NC) CC-BY-NC",For more information:  https://registry.nbnatlas.org/public/show/dr1309,,,
dr807,SEWBReC Mammals (South East Wales),doi:10.15468/atlxpp,"Records provided by SEWBReC Mammals (South East Wales), accessed through NBN Atlas website.","Creative Commons, with Attribution, Non-commercial v4.0 (CC-BY-NC) CC-BY-NC","For more information: email info@sewbrec.org.uk, or https://registry.nbnatlas.org/public/show/dr807",,,
dp191,Sussex Biodiversity Record Centre,,"Records provided by Sussex Biodiversity Record Centre, accessed through NBN Atlas website.",,For more information:  https://registry.nbnatlas.org/public/show/dp191,,,
dr1270,"North East Scotland Terrestrial Mammals 1900-2017 (excluding squirrels, wild cats and marine mammals)",doi:10.15468/qt0mly,"Records provided by North East Scotland Terrestrial Mammals 1900-2017 (excluding squirrels, wild cats and marine mammals), accessed through NBN Atlas website.","Creative Commons, with Attribution, Non-commercial v4.0 (CC-BY-NC) CC-BY-NC","For more information: email nesbrec@aberdeenshire.gov.uk, or https://registry.nbnatlas.org/public/show/dr1270",This dataset is only available on the NBN Atlas at 1Km resolution. Users who wish to access data at a higher resolution and/or data relating to sensitive species should contact NESBReC directly. Data searches for commercial purposes will incur a service charge by NESBReC.,,
dr1155,Natural Resources Wales Regional Data : Mid-Wales,doi:10.15468/whj6d7,"Natural Resources Wales Regional Data : Mid-Wales, 2026",Open Government Licence (OGL),For more information:  https://registry.nbnatlas.org/public/show/dr1155,,,
dr1398,Mammal records for Dumfries and Galloway,doi:10.15468/oirkpx,South West Scotland Environmental Information Centre ([Insert download year]). Mammal records for Dumfries and Galloway. Occurrence dataset on the NBN Atlas,"Creative Commons, with Attribution, Non-commercial v4.0 (CC-BY-NC) CC-BY-NC","For more information: email info@dgerc.org.uk, or https://registry.nbnatlas.org/public/show/dr1398",,,
dr2006,TWIC General Records (2015 - present),10.15468/mfk5k7,"TWIC General Records (2015 - present), TWIC (2020)","Creative Commons, with Attribution, Non-commercial v4.0 (CC-BY-NC)",For more information:  https://registry.nbnatlas.org/public/show/dr2006,,,
dr2248,Bob Merritt invertebrate records for VCs 72-75,10.15468/a35rnz,SWSEIC (2020). Bob Merritt invertebrate records for VCs 72-75,"Creative Commons, with Attribution, Non-commercial v4.0 (CC-BY-NC)",For more information:  https://registry.nbnatlas.org/public/show/dr2248,,,
dr883,Marine Nature Conservation Review (MNCR) and associated benthic marine data held and managed by JNCC,doi:10.15468/kcx3ca,Joint Nature Conservation Committee ([Insert download year]). Marine Nature Conservation Review (MNCR) and associated benthic marine data held and managed by JNCC. Occurrence dataset on the NBN Atlas,Open Government Licence (OGL) OGL,For more information:  https://registry.nbnatlas.org/public/show/dr883,,,
dr885,HBRG Vertebrates (not Badger) Dataset,10.15468/vaassa,Highland Biological Recording Group ([Insert year of download]). HBRG Vertebrates (not Badger) Dataset. Occurrence dataset on the NBN Atlas.,Creative Commons with Attribution 4.0 (CC-BY) CC-BY,For more information:  https://registry.nbnatlas.org/public/show/dr885,,,
dr2005,R. Manning's Records,10.15468/n75ptu,The Wildlife Information Centre ([Insert download year]). R. Manning's Records. Occurrence dataset on the NBN Atlas,"Creative Commons, with Attribution, Non-commercial v4.0 (CC-BY-NC)",For more information:  https://registry.nbnatlas.org/public/show/dr2005,,,
dr529,Non-avian taxa (BTO+partners),doi:10.15468/2m9nxa,"Records provided by BTO, accessed through NBN Atlas website","Creative Commons, with Attribution, Non-commercial v4.0 (CC-BY-NC)",For more information:  https://registry.nbnatlas.org/public/show/dr529,,,
dp104,South West Scotland Environmental Information Centre (formerly DGERC),,"Records provided by South West Scotland Environmental Information Centre (formerly DGERC), accessed through NBN Atlas website.",,"For more information: email mpollitt@swseic.org.uk, or https://registry.nbnatlas.org/public/show/dp104",,,
dr922,TWIC Biodiversity Field Trip Data (1995-present),doi:10.15468/ljc0ke,The Wildlife Information Centre ([Insert download year]). TWIC Biodiversity Field Trip Data (1995-present). Occurrence dataset on the NBN Atlas. CC-BY-NC (DOI number: 10.15468/ljc0ke),"Creative Commons, with Attribution, Non-commercial v4.0 (CC-BY-NC) CC-BY-NC","For more information: email admin@wildlifeinformation.co.uk, or https://registry.nbnatlas.org/public/show/dr922",Badger records have been blurred to 2km-square resolution.,Recorder names have been withheld,
dr2096,Sheffield and Rotherham Wildlife Trust - Records,10.15468/x3wdpp,Data supplied by Sheffield and Rotherham Wildlife Trust,"Creative Commons, with Attribution, Non-commercial v4.0 (CC-BY-NC) CC BY-NC
      		Creative Commons Attribution Non-Commercial","For more information: email mail@wildsheffield.com, or https://registry.nbnatlas.org/public/show/dr2096",,,
dr2930,MammalWeb records Non-Commercial (pre-2024),10.15468/se5ad5,"Hsing, P.-Y., Hill, R. A., Smith, G. C., Bradley, S., Green, S. E., Kent, V. T., Mason, S. S., Rees, J., Whittingham, M. J., Cokill, J., MammalWeb citizen scientists & Stephens, P. A. (2022). Large-scale mammal monitoring: The potential of a citizen science camera-trapping project in the United Kingdom. Ecological Solutions and Evidence, 3, e12180. https://doi.org/10.1002/2688-8319.12180","Creative Commons, with Attribution, Non-commercial v4.0 (CC-BY-NC)",For more information:  https://registry.nbnatlas.org/public/show/dr2930,,,
dp177,Rotherham Biological Records Centre,,"Records provided by Rotherham Biological Records Centre, accessed through NBN Atlas website.",,For more information:  https://registry.nbnatlas.org/public/show/dp177,,,
dr510,The Wildlife Information Centre - LBS Network Strategic Survey,doi:10.15468/7l4izb,The Wildlife Information Centre or BRISC (depends on orginator in dataset name),"Creative Commons, with Attribution, Non-commercial v4.0 (CC-BY-NC) CC-BY-NC","For more information: email admin@wildlifeinformation.co.uk, or https://registry.nbnatlas.org/public/show/dr510",,,
dr1967,West Wales Online Records,10.15468/xenbgn,West Wales Biodiversity Information Centre ([Insert year of download]). West Wales Online Records. Occurrence dataset on the NBN Atlas,"Creative Commons, with Attribution, Non-commercial v4.0 (CC-BY-NC)",For more information:  https://registry.nbnatlas.org/public/show/dr1967,,,
dr2811,The Lothian Mammal Survey,10.15468/y4vrfh,The Wildlife Information Centre ([Insert download year]). The Lothian Mammal Survey. Occurrence dataset on the NBN Atlas,"Creative Commons, with Attribution, Non-commercial v4.0 (CC-BY-NC)",For more information:  https://registry.nbnatlas.org/public/show/dr2811,,,
dr2019,Collated IRTU Freshwater Surveys,10.15468/djpqaz,"Collated IRTU Freshwater Surveys, CEDaR (2019)",Open Government Licence (OGL) NIEA,For more information:  https://registry.nbnatlas.org/public/show/dr2019,,,
dr1726,Ulster Wildlife Living Seas Marine Species Records,10.15468/vkuz8x,Centre for Environmental Data and Recording ([Insert download year]). Ulster Wildlife Living Seas Marine Species Records. Occurrence dataset on the NBN Atlas,Creative Commons with Attribution 4.0 (CC-BY) Ulster Wildlife,For more information:  https://registry.nbnatlas.org/public/show/dr1726,,,
dr914,St Andrews BioBlitz 2015,10.15468/xtrbvy,Fife Nature Records Centre ([Insert download year]). St Andrews BioBlitz 2015. Occurrence dataset on the NBN Atlas,"Creative Commons, with Attribution, Non-commercial v4.0 (CC-BY-NC) CC-BY-NC","For more information: email nature.info@fife.gov.uk, or https://registry.nbnatlas.org/public/show/dr914",,,
dr911,WDC Shorewatch Sightings 2005-2023,doi:10.15468/9vuieb,"Whale and Dolphin Conservation (WDC) <Year of Publication>. <Species> sightings collected from Shorewatch sites around <site / region>. WDC Shorewatch Sightings Dataset <Insert time frame in which the sightings used were recorded>. Accessed <Insert the day, month and year the data were accessed and downloaded> via NBN Atlas occurrence download at http://nbnatlas.org. Made available under agreement on terms and conditions of use via the WDC Shorewatch Programme, whales.org/Shorewatch | data@shorewatch.org.","Creative Commons, with Attribution, Non-commercial v4.0 (CC-BY-NC) Please provide details of use to data@shorewatch.org for all data uses/publications (both formal and informal) so that we can internal track usage",For more information:  https://registry.nbnatlas.org/public/show/dr911,,"For more infomration about the Shorewatch Programme, please visit: whales.org/shorewatch.  For an up-to-date set of sightings data (more recent than annual) or for an effort-based data set, please contact shorewatch.data@whales.org",
dp96,BIS for Powys & Brecon Beacons National Park,,"Records provided by BIS for Powys & Brecon Beacons National Park, accessed through NBN Atlas website.",,"For more information: email info@bis.org.uk, or https://registry.nbnatlas.org/public/show/dp96",,,
dr2304,"River Dee catchment Survey and identification of sites of importance to otter, 2004",10.15468/ekeqbp,"Carss, D.N./Centre for Ecology and Hydrology (2004) Survey and identification of sites of importance to otter in the catchment of the River Dee. Scottish Natural Heritage Commissioned Report F03L08.",Open Government Licence (OGL),For more information:  https://registry.nbnatlas.org/public/show/dr2304,,,
dr2302,Review of otter status along the River Dee and its tributaries,10.15468/6hm2be,"Conroy, JWH. 2000. Review of otter status along the River Dee and its tributaries. CEH Banchory. Report to SNH",Open Government Licence (OGL),For more information:  https://registry.nbnatlas.org/public/show/dr2302,,,
dr780,Casual records for Scottish Wildlife Trust reserves - Verified data,doi:10.15468/zeay1d,Scottish Wildlife Trust ([Insert download year]). Casual records for Scottish Wildlife Trust reserves - Verified data. Occurrence dataset on the NBN Atlas,Creative Commons with Attribution 4.0 (CC-BY) CC-BY,"For more information: email kedata@scottishwildlifetrust.org.uk, or https://registry.nbnatlas.org/public/show/dr780",,,
dr1216,Rotherham Biological Records Centre - Non-sensitive Records from all taxonomic groups,doi:10.15468/d3tufo,Rotherham Biological Records Centre ([Insert download year]). Non-sensitive Records from all taxonomic groups. Occurrence dataset on the NBN Atlas.,"Creative Commons, with Attribution, Non-commercial v4.0 (CC-BY-NC) CC-BY-NC","For more information: email Paul.Leonard@rotherham.gov.uk, or https://registry.nbnatlas.org/public/show/dr1216",,,
dr826,City of Edinburgh Natural Heritage Service - Natural Heritage Service Data,doi:10.15468/lexela,The Wildlife Information Centre ([Insert download year]). City of Edinburgh Natural Heritage Service - Natural Heritage Service Data. Occurrence dataset on the NBN Atlas,Open Government Licence (OGL) OGL,"For more information: email admin@wildlifeinformation.co.uk, or https://registry.nbnatlas.org/public/show/dr826",,,
dp125,Whale and Dolphin Conservation,,"Records provided by Whale and Dolphin Conservation, accessed through NBN Atlas website.",,"For more information: email data@shorewatch.org, or https://registry.nbnatlas.org/public/show/dp125",,,
dr942,David Dodds Associates Ltd - Species Records,doi:10.15468/ie4asf,"David Dodds Associates Ltd - Species Records, TWIC (2020)","Creative Commons, with Attribution, Non-commercial v4.0 (CC-BY-NC) CC-BY-NC","For more information: email admin@wildlifeinformation.co.uk, or https://registry.nbnatlas.org/public/show/dr942",,,
dr787,"Otter (Lutra lutra), Outer Hebrides",doi:10.15468/tmvgpk,"Outer Hebrides Biological Recording ([Insert download year]) Otter (Lutra lutra), Outer Hebrides. Occurrence dataset on the NBN Atlas",Creative Commons with Attribution 4.0 (CC-BY) CC-BY,For more information:  https://registry.nbnatlas.org/public/show/dr787,,,
dp87,Joint Nature Conservation Committee,,"Records provided by Joint Nature Conservation Committee, accessed through NBN Atlas website.",,For more information:  https://registry.nbnatlas.org/public/show/dp87,,,
dp81,Hebridean Whale and Dolphin Trust,,"Records provided by Hebridean Whale and Dolphin Trust, accessed through NBN Atlas website.",,"For more information: email info@hwdt.org, or https://registry.nbnatlas.org/public/show/dp81",,,
dr1742,Patrick Roper‚Äôs Notebooks,doi:10.15468/ntnedq,"Records provided by Patrick Roper‚Äôs Notebooks, accessed through NBN Atlas website.",Creative Commons Zero v1.0 (CC0),For more information:  https://registry.nbnatlas.org/public/show/dr1742,,"For further detail please contact Penny Green at the Sussex Biodiversity Record Centre: pennygreen@sussexwt.org.uk  The SxBRC offers a comprehensive reporting service, the different search options can be viewed on the SxBRC website and you can download an information request form on which you can submit your enquiry: www.sxbrc.org.uk .

The data can be viewed at a 1km resolution however the full details may be obtained directly from the Sussex Biodiversity Record Centre on request. This is to protect the interests of our data providers and to enable us to keep functioning as a not-for-profit data-gathering organisation. An adminstrative charge may be made at the point of enquiry.",
dr2312,"Survey of Eurasian otter distribution in the Glenmore - Aviemore area, 2018: Camera trap mammal records",10.15468/r9a5re,"Pamplin, F. 2019. Survey of Eurasian otter (Lutra lutra) distribution in the Glenmore - Aviemore area. Scottish Natural Heritage Report.",Open Government Licence (OGL),For more information:  https://registry.nbnatlas.org/public/show/dr2312,,,
dr1229,"NRW Regional Data: all taxa (sensitive species only), West Wales",10.15468/0w974g,"West Wales Biodiversity Information Centre ([Insert download year]). NRW Regional Data: all taxa (sensitive species only), West Wales. Occurrence dataset on the NBN Atlas",Open Government Licence (OGL) OGL,"For more information: email Kate.jones@wwbic.org.uk, or https://registry.nbnatlas.org/public/show/dr1229",,,
dr3922,MammalWeb records (post-2024),10.15468/dc9a4h,"Hsing, P.-Y., Hill, R. A., Smith, G. C., Bradley, S., Green, S. E., Kent, V. T., Mason, S. S., Rees, J., Whittingham, M. J., Cokill, J., MammalWeb citizen scientists & Stephens, P. A. (2022). Large-scale mammal monitoring: The potential of a citizen science camera-trapping project in the United Kingdom. Ecological Solutions and Evidence, 3, e12180. https://doi.org/10.1002/2688-8319.12180",Creative Commons with Attribution 4.0 (CC-BY),For more information:  https://registry.nbnatlas.org/public/show/dr3922,,,
dp239,Sheffield and Rotherham Wildlife Trust,,"Records provided by Sheffield and Rotherham Wildlife Trust, accessed through NBN Atlas website.",,For more information:  https://registry.nbnatlas.org/public/show/dp239,,,
dr815,Protected and Invasive Species Records Collected Through Environment Agency Survey 1995 - 2021,doi:10.15468/awfvnp,Environment Agency ([Insert year of upload]). Protected and Invasive Species Records Collected Through Environment Agency Survey 1995 - 2021. Occurrence dataset on the NBN Atlas,Open Government Licence (OGL) OGL,"For more information: email marina.flamank@environment-agency.gov.uk, or https://registry.nbnatlas.org/public/show/dr815",,,
dr537,Visual sightings data set 2003-2021,,Hebridean Whale and Dolphin Trust ([Insert download year]). Visual sightings data set 2003-2021. Occurrence dataset on the NBN Atlas,"Creative Commons, with Attribution, Non-commercial v4.0 (CC-BY-NC) CC-BY-NC","For more information: email biodiversityofficer@hwdt.org, or https://registry.nbnatlas.org/public/show/dr537",,,
dr536,South Lanarkshire peatland records 2013,doi:10.15468/ne9wgl,"Records provided by South Lanarkshire peatland records 2013, accessed through NBN Atlas website.",Creative Commons Zero v1.0 (CC0) CC0,"For more information: email emilie.wadsworth@csgnt.org.uk, or https://registry.nbnatlas.org/public/show/dr536",,,
dr1190,Scottish Beaver Trial incidental species records,doi:10.15468/sn2oik,Scottish Beavers ([Insert download year]). Scottish Beaver Trial incidental species records. Occurrence dataset on the NBN Atlas,Creative Commons with Attribution 4.0 (CC-BY) CC-BY,"For more information: email gdowse@scottishwildlifetrust.org.uk, or https://registry.nbnatlas.org/public/show/dr1190",,,
dr2681,Lothian Wildlife Information Centre - I-Spy 100 (public),10.15468/49r9ta,Lothian Wildlife Information Centre ([Insert download year]). Lothian Wildlife Information Centre - I-Spy 100 (public). Occurrence dataset on the NBN Atlas,"Creative Commons, with Attribution, Non-commercial v4.0 (CC-BY-NC)",For more information:  https://registry.nbnatlas.org/public/show/dr2681,,,
dr2682,Lothian Wildlife Information Centre - General Records (1900-1989),10.15468/9zxene,Lothian Wildlife Information Centre ([Insert download year]). General Records (1900-1989). Occurrence dataset on the NBN Atlas,"Creative Commons, with Attribution, Non-commercial v4.0 (CC-BY-NC)",For more information:  https://registry.nbnatlas.org/public/show/dr2682,,,
dr2045,Fermanagh Flora,10.15468/naz4v7,"Fermanagh Flora, CEDaR (2019)","Creative Commons, with Attribution, Non-commercial v4.0 (CC-BY-NC)",For more information:  https://registry.nbnatlas.org/public/show/dr2045,,,
dr2287,British mammal skins in the collections of World Museum Liverpool,10.15468/hnrgzz,National Museums Liverpool ([Insert year of download]). British mammal skins in the collections of World Museum Liverpool. Occurrence dataset on the NBN Atlas,Creative Commons Zero v1.0 (CC0),For more information:  https://registry.nbnatlas.org/public/show/dr2287,,,
dr841,Merseyside BioBank Active Naturalists (verified),doi:10.15468/ugurj2,Merseyside BioBank (2020). Merseyside BioBank Active Naturalists (verified) www.merseysidebiobank.org.uk,"Creative Commons, with Attribution, Non-commercial v4.0 (CC-BY-NC) CC-BY-NC","For more information: email Info@MerseysideBioBank.org.uk, or https://registry.nbnatlas.org/public/show/dr841",,,
dr1510,Natalie Harmsworth's Records (2010-2019),10.15468/us5dxg,"Natalie Harmsworth's Records (2010-2019), TWIC (2019)","Creative Commons, with Attribution, Non-commercial v4.0 (CC-BY-NC) CC-BY-NC","For more information: email admin@wildlifeinformation.co.uk, or https://registry.nbnatlas.org/public/show/dr1510",,,
dp260,Herefordshire Wildlife Trust,,"Records provided by Herefordshire Wildlife Trust, accessed through NBN Atlas website.",,For more information:  https://registry.nbnatlas.org/public/show/dp260,,,
dr1515,Ron McBeath records (2010 - 2014),10.15468/jff6ct,The Wildlife Information Centre ([Insert download year]). Ron McBeath records (2010 - 2014). Occurrence dataset on the NBN Atlas,"Creative Commons, with Attribution, Non-commercial v4.0 (CC-BY-NC) CC-BY-NC","For more information: email admin@wildlifeinformation.co.uk, or https://registry.nbnatlas.org/public/show/dr1515",,,
dr1758,Dr Mary Gillham Archive Project,10.15468/ajv47f,SEWBReC ([Insert download year]). Dr Mary Gillham Archive Project. Occurrence dataset on the NBN Atlas,Creative Commons with Attribution 4.0 (CC-BY),For more information:  https://registry.nbnatlas.org/public/show/dr1758,,,
dr3416,Wales Otter Survey,10.15468/mkvhb4,"Natural Resources Wales, Vincent Wildlife Trust, Wales Wildlife Trust. ([Insert year of download]) Wales Otter Survey. Occurrence dataset accessed through the NBNAtlas.","Open Government Licence (OGL) ¬© CNC/NRW

Data may be re-used under the terms of the Open Government Licence providing it is done so, acknowledging both the source and NRW's copyright. It is the recipient's responsibility to ensure the data is fit for the intended purpose.

Attribution statement: Contains Natural Resources Wales, Vincent Wildlife Trust and Wales Wildlife Trust information ¬© Natural Resources Wales and Database Right. All rights Reserved.",For more information:  https://registry.nbnatlas.org/public/show/dr3416,,,
dr3939,WDC Shorewatch Sightings 2024-2025,10.15468/g8eb26,"Whale and Dolphin Conservation (WDC) <Year of Publication>. <Species> sightings collected from Shorewatch sites around <site / region>. WDC Shorewatch Sightings Dataset <Insert time frame in which the sightings used were recorded>. Accessed <Insert the day, month and year the data were accessed and downloaded> via NBN Atlas occurrence download at http://nbnatlas.org. Made available under agreement on terms and conditions of use via the WDC Shorewatch Programme, whales.org/Shorewatch | data@shorewatch.org.","Creative Commons, with Attribution, Non-commercial v4.0 (CC-BY-NC) Please provide details of use to data@shorewatch.org for all data uses/publications (both formal and informal) so that we can internal track usage",For more information:  https://registry.nbnatlas.org/public/show/dr3939,,,
dp148,Scottish Beavers,,"Records provided by Scottish Beavers, accessed through NBN Atlas website.",,"For more information: email gdowse@scottishwildlifetrust.org.uk, or https://registry.nbnatlas.org/public/show/dp148",,,
dr325,"Records of otters from surveys in relation to FCS casework in Angus, 2007",doi:10.15468/qeoq7t,"NatureScot ([Insert download year]). Records of otters from surveys in relation to FCS casework in Angus, 2007. Occurrence dataset on the NBN Atlas",Open Government Licence (OGL) OGL,For more information:  https://registry.nbnatlas.org/public/show/dr325,,,
dp39,Central Scotland Green Network Trust,,"Records provided by Central Scotland Green Network Trust, accessed through NBN Atlas website.",,"For more information: email contact@csgnt.org.uk, or https://registry.nbnatlas.org/public/show/dp39",,,
dr327,Records of otters from Site Condition Monitoring in Scotland 2011-2012,doi:10.15468/3kuoll,NatureScot ([Insert download year]). Records of otters from Site Condition Monitoring in Scotland 2011-2012. Occurrence dataset on the NBN Atlas,Open Government Licence (OGL) OGL,For more information:  https://registry.nbnatlas.org/public/show/dr327,,,
dr2970,British records of herpetofauna published in the British Herpetological Society's journals,10.15468/v36dwu,British Herpetological Society ([Insert download year]). British records of herpetofauna published in the British Herpetological Society's journals. Occurrence dataset on the NBN Atlas,"Creative Commons, with Attribution, Non-commercial v4.0 (CC-BY-NC)",For more information:  https://registry.nbnatlas.org/public/show/dr2970,,,
dr1486,Mammal Records (West Wales),10.15468/vitiic,West Wales Biodiversity Information Centre ([Insert year of download]). Mammal Records (West Wales). Occurrence dataset on the NBN Atlas,"Creative Commons, with Attribution, Non-commercial v4.0 (CC-BY-NC) CC-BY-NC",For more information:  https://registry.nbnatlas.org/public/show/dr1486,,Please contact the dataset administrator if more information is required.,
dr2451,Mammal Mapper App Sighting Records,10.15468/mjw32e,Mammal Society [date of download] Mammal Mapper App Sighting Records,"Creative Commons with Attribution 4.0 (CC-BY) CC BY
      		Creative Commons Attribution","For more information: email atlas@themammalsociety.org, or https://registry.nbnatlas.org/public/show/dr2451",,,
dr2331,Non-avian taxa (BTO/JNCC/RSPB partnership),,"Records provided by BTO, accessed through NBN Atlas website",Open Government Licence (OGL),For more information:  https://registry.nbnatlas.org/public/show/dr2331,,,
dr2578,Herefordshire Wildlife Trust - Records,10.15468/sau2jy,Data supplied by Herefordshire Wildlife Trust,"Creative Commons, with Attribution, Non-commercial v4.0 (CC-BY-NC) CC BY-NC
      		Creative Commons Attribution Non-Commercial","For more information: email a.nixon@herefordshirewt.co.uk, or https://registry.nbnatlas.org/public/show/dr2578",,,
dr1522,LWIC - Local Patch Project,10.15468/4q5ynf,The Wildlife Information Centre ([Insert download year]). LWIC - Local Patch Project. Occurrence dataset on the NBN Atlas,"Creative Commons, with Attribution, Non-commercial v4.0 (CC-BY-NC) CC-BY-NC","For more information: email admin@wildlifeinformation.co.uk, or https://registry.nbnatlas.org/public/show/dr1522",,,
dp133,Record,,"Records provided by Record, accessed through NBN Atlas website.",,"For more information: email Info@record-lrc.co.uk, or https://registry.nbnatlas.org/public/show/dp133",,,
dr3788,2018 onwards Forsinard Flows Protected Species Checks,10.15468/c6j48c,RSPB ([Insert year of download]). 2018 onwards Forsinard Flows Protected Species Checks. Occurrence record dataset on the NBN Atlas,Creative Commons with Attribution 4.0 (CC-BY) RSPB must be acknowledged in any use of these data.,For more information:  https://registry.nbnatlas.org/public/show/dr3788,,,
dr671,"National Mammal Atlas Project, online recording",doi:10.15468/i2eosa,"National Mammal Atlas Project, online recording ([year of download])","Creative Commons, with Attribution, Non-commercial v4.0 (CC-BY-NC) CC BY-NC
      		Creative Commons Attribution Non-Commercial",For more information:  https://registry.nbnatlas.org/public/show/dr671,,,
dp138,Environment Agency,,"Records provided by Environment Agency, accessed through NBN Atlas website.",,"For more information: email enquiries@environment-agency.gov.uk, or https://registry.nbnatlas.org/public/show/dp138",,,
dp259,Nottinghamshire Wildlife Trust,,"Records provided by Nottinghamshire Wildlife Trust, accessed through NBN Atlas website.",,For more information:  https://registry.nbnatlas.org/public/show/dp259,,,
dp204,The Woodland Trust,,"Records provided by The Woodland Trust, accessed through NBN Atlas website.",,"For more information: email conservation@woodlandtrust.org.uk, or https://registry.nbnatlas.org/public/show/dp204",,,
dr1301,Highland Breeding Bird Data 2002 - 2003 - sensitive breeding species,doi:10.15468/iddlbd,"Scottish Ornithologists' Club, The ([Insert download year]). Highland Breeding Bird Data 2002 - 2003 - sensitive breeding species. Occurrence dataset on the NBN Atlas",Creative Commons with Attribution 4.0 (CC-BY) CC-BY,"For more information: email clive.mckay@the-soc.org.uk, or https://registry.nbnatlas.org/public/show/dr1301",,,
dr818,TWIC Record a Raptor Survey,doi:10.15468/drsfui,"TWIC Record a Raptor Survey, TWIC (2020)","Creative Commons, with Attribution, Non-commercial v4.0 (CC-BY-NC) CC-BY-NC","For more information: email admin@wildlifeinformation.co.uk, or https://registry.nbnatlas.org/public/show/dr818",,,
dr1354,Sheffield Bird Study Group (Yorkshire records),doi:10.15468/ytwnad,Sheffield Bird Study Group ([Insert download year]). Sheffield Bird Study Group (Yorkshire records). Occurrence dataset on the NBN Atlas,"Creative Commons, with Attribution, Non-commercial v4.0 (CC-BY-NC) CC-BY-NC","For more information: email rdrwilliams@blueyonder.co.uk, or https://registry.nbnatlas.org/public/show/dr1354",,,
dr2202,Glen Finglas Species  Records,10.15468/vydcwc,"Glen Finglas Species Records, The Woodland Trust (2020)","Creative Commons, with Attribution, Non-commercial v4.0 (CC-BY-NC)",For more information:  https://registry.nbnatlas.org/public/show/dr2202,,,
dp147,Sheffield Bird Study Group,,"Records provided by Sheffield Bird Study Group, accessed through NBN Atlas website.",,For more information:  https://registry.nbnatlas.org/public/show/dp147,,,
dp57,Bat Conservation Trust,,"Records provided by Bat Conservation Trust, accessed through NBN Atlas website.",,"For more information: email enquiries@bats.org.uk, or https://registry.nbnatlas.org/public/show/dp57",,,
dr509,The Wildlife Information Centre - BioBlitz Events,doi:10.15468/1iynpe,The Wildlife Information Centre or BRISC (depends on orginator in dataset name),"Creative Commons, with Attribution, Non-commercial v4.0 (CC-BY-NC) CC-BY-NC","For more information: email admin@wildlifeinformation.co.uk, or https://registry.nbnatlas.org/public/show/dr509",,,
dr1250,Ty Canol National Nature Reserve (NNR) Species Inventory,10.15468/shxquu,Natural Resources Wales.  ([Insert year of download])  Ty Canol National Nature Reserve (NNR) Species Inventory. Occurrence dataset accessed through the NBNAtlas,"Open Government Licence (OGL) ¬© CNC/NRW
Data may be re-used under the terms of the Open Government Licence providing it is done so, acknowledging both the source and NRW's copyright. It is the recipient's responsibility to ensure the data is fit for the intended purpose.

Attribution statement: Contains Natural Resources Wales information ¬© Natural Resources Wales and Database Right. All rights Reserved.",For more information:  https://registry.nbnatlas.org/public/show/dr1250,,,
dr1134,Distribution of Bats in Greater Manchester,,Greater Manchester Ecology Unit ([Insert download year]). Distribution of Bats in Greater Manchester. Occurrence dataset on the NBN Atlas,"Creative Commons, with Attribution, Non-commercial v4.0 (CC-BY-NC) CC-BY-NC","For more information: email suzanne.waymont@tameside.gov.uk, or https://registry.nbnatlas.org/public/show/dr1134",,,
dp288,Ealing Wildlife Group,,"Records provided by Ealing Wildlife Group, accessed through NBN Atlas website.",,For more information:  https://registry.nbnatlas.org/public/show/dp288,,,
dp207,Wild Surveys,,"Records provided by Wild Surveys, accessed through NBN Atlas website.",,"For more information: email admin@wildsurveys.co.uk, or https://registry.nbnatlas.org/public/show/dp207",,,
dr3684,NightWatch,10.15468/ax5d4u,Bat Conservation Trust ([Insert year of download]). NightWatch. Occurrence dataset on the NBN Atlas.,Open Government Licence (OGL),For more information:  https://registry.nbnatlas.org/public/show/dr3684,,,
dr1143,Natural England bat roost visit records from 2013 onwards,doi:10.15468/oy8u34,"Natural England bat roost visit records from 2013 onwards, BCT (2019)",Open Government Licence (OGL) OGL,For more information:  https://registry.nbnatlas.org/public/show/dr1143,,,
dr2996,2018 Marine Biological Association of the UK (MBA) Yealm Bioblitz,,Marine Biological Association ([Insert download year]). 2018 Marine Biological Association of the UK (MBA) Yealm Bioblitz. Occurrence dataset on the NBN Atlas,Creative Commons with Attribution 4.0 (CC-BY),For more information:  https://registry.nbnatlas.org/public/show/dr2996,,,
dr1146,South Lancashire Bat Group (SLBG) Records,,Greater Manchester Ecology Unit ([Insert download year]). South Lancashire Bat Group (SLBG) Records. Occurrence dataset on the NBN Atlas,"Creative Commons, with Attribution, Non-commercial v4.0 (CC-BY-NC) CC-BY-NC","For more information: email suzanne.waymont@tameside.gov.uk, or https://registry.nbnatlas.org/public/show/dr1146",,,
dr1426,Ad-hoc Bat Records from Across Wales,10.15468/q1ob6g,Natural Resources Wales.  ([Insert year of download])  Ad-hoc Bat Records.  Occurrence dataset accessed through the NBNAtlas,"Open Government Licence (OGL) ¬© CNC/NRW
Data may be re-used under the terms of the Open Government Licence providing it is done so, acknowledging both the source and NRW's copyright. It is the recipient's responsibility to ensure the data is fit for the intended purpose.

Attribution statement: Contains Natural Resources Wales information ¬© Natural Resources Wales and Database Right. All rights Reserved.",For more information:  https://registry.nbnatlas.org/public/show/dr1426,,,
dp159,Greater Manchester Ecology Unit,,"Records provided by Greater Manchester Ecology Unit, accessed through NBN Atlas website.",,For more information:  https://registry.nbnatlas.org/public/show/dp159,,,
dr339,SNH Bat Casework records 1970-2007,doi:10.15468/ogugxm,SNH (2020). Bat Casework records 1970-2007,Open Government Licence (OGL) OGL,"For more information: email Colin.McLeod@SNH.gov.uk, or https://registry.nbnatlas.org/public/show/dr339",,,
dr2000,Manx Bat Group records 1848 to 2023,10.15468/y7rgxd,Manx Bat Group and Manx Biological Recording Partnership ([Insert download year]).  Manx Bat Group records 1848 to 2020. Occurrence dataset on the NBN Atlas,"Creative Commons, with Attribution, Non-commercial v4.0 (CC-BY-NC) Please acknowledge the Manx Bat Group and Manx Biological Recording Partnership",For more information:  https://registry.nbnatlas.org/public/show/dr2000,,,
dr2249,NBMP Sunset-Sunrise Survey,10.15468/brmbw2,"National Bat Monitoring Programme [date accessed] Sunset/Sunrise Survey, Bat Conservation Trust.","Open Government Licence (OGL) OGL
      		Open Government Licence",For more information:  https://registry.nbnatlas.org/public/show/dr2249,,,
dr926,TWIC - Identification Workshops dataset,doi:10.15468/pplu90,The Wildlife Information Centre ([Insert download year]). TWIC - Identification Workshops dataset. Occurrence dataset on the NBN Atlas,"Creative Commons, with Attribution, Non-commercial v4.0 (CC-BY-NC) CC-BY-NC","For more information: email admin@wildlifeinformation.co.uk, or https://registry.nbnatlas.org/public/show/dr926",,,
dr919,Field Survey,doi:10.15468/pmhdwn,Bat Conservation Trust ([Insert download year]). Field Survey. Occurrence dataset on the NBN Atlas,Open Government Licence (OGL) OGL,"For more information: email pbriggs@bats.org.uk, or https://registry.nbnatlas.org/public/show/dr919",,,
dr1286,Natural Resources Wales North Wales Bat Roosts,doi:10.15468/vylklh,"Natural Resources Wales North Wales Bat Roosts, COFNOD (2019)",Open Government Licence (OGL) OGL,"For more information: email record@cofnod.org.uk, or https://registry.nbnatlas.org/public/show/dr1286",,,
dr353,The BCT/MTUK Bats & Roadside Mammals Survey,doi:10.15468/39vba0,Bat Conservation Trust ([Insert download year]) National Bat Monitoring Programme. The BCT/MTUK Bats & Roadside Mammals Survey. Occurrence dataset on the NBN Atlas,Creative Commons with Attribution 4.0 (CC-BY) CC-BY,"For more information: email pbriggs@bats.org.uk, or https://registry.nbnatlas.org/public/show/dr353",,,
dr3756,Ealing Wildlife Group 2025 bat surveys,10.15468/55bj2f,Ealing Wildlife Group (2025). Bat records.,Creative Commons with Attribution 4.0 (CC-BY),For more information:  https://registry.nbnatlas.org/public/show/dr3756,,,
dr945,Hibernation Survey,doi:10.15468/vma6kb,Bat Conservation Trust ([Insert download year]) National Bat Monitoring Programme - Hibernation Survey. Occurrence dataset on the NBN Atlas,Open Government Licence (OGL) OGL,"For more information: email pbriggs@bats.org.uk, or https://registry.nbnatlas.org/public/show/dr945",,,
dr1619,Wild Surveys Common Pip Records,,"Records provided by Wild Surveys Common Pip Records, accessed through NBN Atlas website.",Creative Commons with Attribution 4.0 (CC-BY),For more information:  https://registry.nbnatlas.org/public/show/dr1619,,,
dr3240,Forestry England Passive Acoustic Bat Survey,10.15468/59853x,Bat Conservation Trust & Forestry England ([Insert download year]). Forestry England Passive Acoustic Bat Survey. Occurrence dataset on the NBN Atlas,Open Government Licence (OGL),For more information:  https://registry.nbnatlas.org/public/show/dr3240,,,
dp80,Marine Biological Association,,"Records provided by Marine Biological Association, accessed through NBN Atlas website.",,"For more information: email dassh.enquiries@mba.ac.uk, or https://registry.nbnatlas.org/public/show/dp80",,,
dr3921,Bats in Churches Project: DNA data,,Bat Conservation Trust ([Insert year of download]). Bats in Churches Project: DNA data,Creative Commons with Attribution 4.0 (CC-BY),For more information:  https://registry.nbnatlas.org/public/show/dr3921,,,
dr3920,Bats in Churches Project: acoustic data,,Bat Conservation Trust ([Insert year of download]). Bats in Churches Project: acoustic data,Creative Commons with Attribution 4.0 (CC-BY),For more information:  https://registry.nbnatlas.org/public/show/dr3920,,,
dr2450,Bat records from Nocturne Environmental Surveyors Ltd,10.15468/3b4z85,Nocturne Environmental Surveyors Ltd ([Insert year of download]). Bat records from Nocturne Environmental Surveyors Ltd. Occurrence dataset on the NBN Atlas,Creative Commons with Attribution 4.0 (CC-BY),For more information:  https://registry.nbnatlas.org/public/show/dr2450,,,
dr2690,"Southern Scotland Bat Survey, 2016",10.15468/raz4qk,"Newson, S.E., Evans, H.E., Gillings, S., Jarrett, D. & Wilson, M.W. 2017. A survey of high risk bat species across southern Scotland. Scottish Natural Heritage Commissioned Report No. 1008",Open Government Licence (OGL),For more information:  https://registry.nbnatlas.org/public/show/dr2690,,,
dr1643,SNH Bat Casework Recording log 2014,10.15468/fhgfxu,NatureScot ([Insert download  year]). SNH Bat Casework Recording log 2014. Occurrence dataset on the NBN Atlas,Open Government Licence (OGL),For more information:  https://registry.nbnatlas.org/public/show/dr1643,"The records in this dataset date from 2014. All records have a full date (YYYY-MM-DD). Some roosts may have been visited on more than one occasion during the year; in these cases, a date range of first and last visits is given.","Due to risk of disturbance at potential roosts/hibernacula, and to avoid identifying individual private dwellings, locations are restricted to 1 km2 resolution for public release. This sensitive information may be made available under licence to specific organisations and individuals that need to know to avoid harm to the environment. House names/numbers identifying private dwellings have been removed from the site names, where given.",
dr1644,SNH Bat Casework Recording log 2015,10.15468/lkivcj,NatureScot ([Insert download year]). SNH Bat Casework Recording log 2015. Occurrence dataset on the NBN Atlas,Open Government Licence (OGL),For more information:  https://registry.nbnatlas.org/public/show/dr1644,"The records in this dataset date from 2015. All records have a full date (YYYY-MM-DD). Some roosts may have been visited on more than one occasion during the year; in these cases, a date range of first and last visits is given.","Due to risk of disturbance at potential roosts/hibernacula, and to avoid identifying individual private dwellings, locations are restricted to 1 km2 resolution for public release. This sensitive information may be made available under licence to specific organisations and individuals that need to know to avoid harm to the environment. House names/numbers identifying private dwellings have been removed from the site names, where given.",
dp251,Nocturne Environmental Surveyors Ltd,,"Records provided by Nocturne Environmental Surveyors Ltd, accessed through NBN Atlas website.",,For more information:  https://registry.nbnatlas.org/public/show/dp251,,,
dr1646,SNH Bat Casework Recording log 2016,10.15468/jcw23j,NatureScot ([Insert download year]). SNH Bat Casework Recording log 2016. Occurrence dataset on the NBN Atlas,Open Government Licence (OGL),For more information:  https://registry.nbnatlas.org/public/show/dr1646,"The records in this dataset date from 2016. All records have a full date (YYYY-MM-DD). Some roosts may have been visited on more than one occasion during the year; in these cases, a date range of first and last visits is given.","Due to risk of disturbance at potential roosts/hibernacula, and to avoid identifying individual private dwellings, locations are restricted to 1 km2 resolution for public release. This sensitive information may be made available under licence to specific organisations and individuals that need to know to avoid harm to the environment. House names/numbers identifying private dwellings have been removed from the site names, where given.",
dr957,Roost Count,doi:10.15468/vm4psx,Bat Conservation Trust ([Insert download year]). National Bat Monitoring Programme Roost Count. Occurrence dataset on the NBN Atlas,Open Government Licence (OGL) OGL,"For more information: email pbriggs@bats.org.uk, or https://registry.nbnatlas.org/public/show/dr957",,,
dr679,Bechstein's Bat Survey Project,doi:10.15468/a6jgbl,Bat Conservation Trust ([Insert download year]). Bechstein's Bat Survey Project. Occurrence dataset on the NBN Atlas,Creative Commons with Attribution 4.0 (CC-BY) CC-BY,"For more information: email pbriggs@bats.org.uk, or https://registry.nbnatlas.org/public/show/dr679",,,
dp4,Caledonian Conservation,,"Records provided by Caledonian Conservation, accessed through NBN Atlas website.",,"For more information: email info@caledonianconservation.co.uk, or https://registry.nbnatlas.org/public/show/dp4",,,
dp103,Dorset Environmental Records Centre,,"Records provided by Dorset Environmental Records Centre, accessed through NBN Atlas website.",,"For more information: email Enquiries@derc.org.uk, or https://registry.nbnatlas.org/public/show/dp103",,,
dr1287,"NRW Regional Data: all taxa (excluding sensitive species), West Wales",10.15468/q3d1hl,"West Wales Biodiversity Information Centre ([Insert download year]). NRW Regional Data: all taxa (excluding sensitive species), West Wales. Occurrence dataset on the NBN Atlas",Open Government Licence (OGL) OGL,"For more information: email Kate.jones@wwbic.org.uk, or https://registry.nbnatlas.org/public/show/dr1287",,,
dr2812,Lothian Wildlife Information Centre surveys (Non-invertebrate - general),10.15468/krpff3,The Wildlife Information Centre ([Insert download year]). Lothian Wildlife Information Centre surveys (Non-invertebrate - general). Occurrence dataset on the NBN Atlas,"Creative Commons, with Attribution, Non-commercial v4.0 (CC-BY-NC)",For more information:  https://registry.nbnatlas.org/public/show/dr2812,,,
dr949,The Scottish Squirrel Database,doi:10.15468/fqg0h3,¬© Scottish Wildlife Trust (year),Creative Commons with Attribution 4.0 (CC-BY) Creative Commons with Attribution 4.0,"For more information: email SSRSData@scottishwildlifetrust.org.uk, or https://registry.nbnatlas.org/public/show/dr949",,The majority of the records are recorded at 100m grid references. Where the records have been generated from trapping results they have been given 1000m grid references as the locations may be sensitive.,
dr703,Dorset SSSI Species Records 1952 - 2004 (Natural England),doi:10.15468/vcjzts,Dorset Environmental Records Centre ([Insert download year]). Dorset SSSI Species Records 1952 - 2004 (Natural England). Occurrence dataset on the NBN Atlas,"Creative Commons, with Attribution, Non-commercial v4.0 (CC-BY-NC) CC-BY-NC","For more information: email derc@dorsetcc.gov.uk , or https://registry.nbnatlas.org/public/show/dr703",,,
dr899,Squirrel Collation for Wales,10.15468/gh3rt3,Natural Resources Wales.  ([Insert year of download]) Squirrel Collation for Wales . Occurrence dataset accessed through the NBNAtlas,"Open Government Licence (OGL) ¬© CNC/NRW
Data may be re-used under the terms of the Open Government Licence providing it is done so, acknowledging both the source and NRW's copyright. It is the recipient's responsibility to ensure the data is fit for the intended purpose.

Attribution statement: Contains Natural Resources Wales information ¬© Natural Resources Wales and Database Right. All rights Reserved.",For more information:  https://registry.nbnatlas.org/public/show/dr899,,,
dr1367,Caledonian Conservation Ltd Incidental Records 2014 onwards,doi:10.15468/1bigj0,Caledonian Conservation ([Insert download year]). Caledonian Conservation Ltd Incidental Records 2014 onwards. Occurrence dataset on the NBN Atlas,Creative Commons with Attribution 4.0 (CC-BY) CC-BY,"For more information: email chris.cathrine@caledonianconservation.co.uk, or https://registry.nbnatlas.org/public/show/dr1367",,,
dr1527,LWIC - Squirrel Survey (public),10.15468/bprkah,The Wildlife Information Centre ([Insert download year]).  LWIC - Squirrel Survey (public). Occurrence dataset on the NBN Atlas,"Creative Commons, with Attribution, Non-commercial v4.0 (CC-BY-NC) CC-BY-NC","For more information: email admin@wildlifeinformation.co.uk, or https://registry.nbnatlas.org/public/show/dr1527",,,
dr2614,"British records in the osteology collections of World Museum, National Museums Liverpool",10.15468/h9j65r,"World Museum, National Museums Liverpool ([Insert download year]). British records in the osteology collections of World Museum, National Museums Liverpool. Occurrence dataset on the NBN Atlas","Creative Commons, with Attribution, Non-commercial v4.0 (CC-BY-NC)",For more information:  https://registry.nbnatlas.org/public/show/dr2614,,,
dp58,Amphibian and Reptile Conservation,,"Records provided by Amphibian and Reptile Conservation, accessed through NBN Atlas website.",,"For more information: email enquiries@arc-trust.org, or https://registry.nbnatlas.org/public/show/dp58",,,
dr907,Great Crested Newt Special Area of Conservation (SAC) Monitoring Data,10.15468/u8mwy9,"Records provided by Great Crested Newt Special Area of Conservation (SAC) Monitoring Data, accessed through NBN Atlas website.",Open Government Licence (OGL) OGL,For more information:  https://registry.nbnatlas.org/public/show/dr907,,,
dp161,Freshwater Habitats Trust,,"Records provided by Freshwater Habitats Trust, accessed through NBN Atlas website.",,"For more information: email info@freshwaterhabitats.org.uk, or https://registry.nbnatlas.org/public/show/dp161",,,
dr1939,Great Crested Newt presence records determined from Class Licence return documents 2013-2018,10.15468/xe8xni,Natural England (2018). Great crested newt presence records determined from Class Licence return documents. Accessed on [insert date] at [insert URL],Open Government Licence (OGL),For more information:  https://registry.nbnatlas.org/public/show/dr1939,,,
dr3286,Ealing Wildlife Group 2023-2025 newt surveys,,Ealing Wildlife Group (2025). Amphibian records.,Creative Commons with Attribution 4.0 (CC-BY),For more information:  https://registry.nbnatlas.org/public/show/dr3286,,,
dr1385,Reptiles and Amphibians Dataset,doi:10.15468/1lhrhx,Biological Records Centre ([Insert download year]). Reptiles and Amphibians Dataset. Occurrence dataset on the NBN Atlas,Creative Commons with Attribution 4.0 (CC-BY) CC-BY,"For more information: email brc@ceh.ac.uk, or https://registry.nbnatlas.org/public/show/dr1385",,,
dr338,SNH Great crested newt records,doi:10.15468/utyxnl,NatureScot ([Insert download year]). SNH Great crested newt records. Occurrence dataset on the NBN Atlas,Open Government Licence (OGL) OGL,For more information:  https://registry.nbnatlas.org/public/show/dr338,,,
dr2121,British Reptiles & Amphibians in the collections of World Museum Liverpool,10.15468/qgb2vu,World Museum (2020). British Reptiles & Amphibians in the collections of World Museum Liverpool,Creative Commons Zero v1.0 (CC0),For more information:  https://registry.nbnatlas.org/public/show/dr2121,,,
dr1274,PondNet data 2012-2014,doi:10.15468/qv8ped,Freshwater Habitats Trust ([Insert download year]). PondNet data 2012-2014. Occurrence dataset on the NBN Atlas,Creative Commons with Attribution 4.0 (CC-BY) CC-BY,"For more information: email info@freshwaterhabitats.org.uk, or https://registry.nbnatlas.org/public/show/dr1274",,,
dr2769,Records of amphibians and reptiles via iRecord,10.15468/vqyv5y,Amphibian and Reptile Conservation and Biological Records Centre. [Date of download] Records verified via iRecord.,"Creative Commons with Attribution 4.0 (CC-BY) CC BY
      		Creative Commons Attribution",For more information:  https://registry.nbnatlas.org/public/show/dr2769,,,
dr881,Freshwater Site Visits and Ad-hoc Sightings,10.15468/hfredc,Natural Resources Wales.  ([Insert year of download])  Freshwater Site Visits and Ad-hoc Sightings.  Occurrence dataset accessed through the NBNAtlas,"Open Government Licence (OGL) ¬© CNC/NRW

Data may be re-used under the terms of the Open Government Licence providing it is done so, acknowledging both the source and NRW's copyright. It is the recipient's responsibility to ensure the data is fit for the intended purpose.

Attribution statement: Contains Natural Resources Wales information ¬© Natural Resources Wales and Database Right. All rights Reserved.",For more information:  https://registry.nbnatlas.org/public/show/dr881,,,
dr2129,"Assessment of the status of the great crested newt Triturus cristatus within the Scottish Natural Heritage East Highland Area, 2004",10.15468/5nehf7,"Inger, S.D., Osborne, R.L., Black, D.J. & Bates, M.A. (2004) Assessment of the status of the great crested newt Triturus cristatus within the SNH East Highland Area. Heritage Environmental Ltd., Auchterarder, for Scottish Natural Heritage, Dingwall.",Open Government Licence (OGL),For more information:  https://registry.nbnatlas.org/public/show/dr2129,,,
dp228,Amphibian and Reptile Groups of the UK,,"Records provided by Amphibian and Reptile Groups of the UK, accessed through NBN Atlas website.",,For more information:  https://registry.nbnatlas.org/public/show/dp228,,,
dr2130,"Assessment of the status of the great crested newt Triturus cristatus within the Scottish Natural Heritage East Highland Area, 2002",10.15468/77l3n5,"Knowles, S.M, Bates, M.A., Smith, S.M., Black, D.J. & Osborn, R.L. (2002) Assessment of the status of the great crested newt Triturus cristatus within the Scottish Natural Heritage East Highland Area. Heritage Environmental Ltd., Auchterarder, for Scottish Natural Heritage, Dingwall.",Open Government Licence (OGL),For more information:  https://registry.nbnatlas.org/public/show/dr2130,,,
dp180,Froglife,,"Records provided by Froglife, accessed through NBN Atlas website.",,"For more information: email info@froglife.org, or https://registry.nbnatlas.org/public/show/dp180",,,
dr2014,Record Pool,doi:10.15468/zen1gd,ARG UK ([Insert download year]). Record Pool. Occurrence dataset on the NBN Atlas,"Creative Commons, with Attribution, Non-commercial v4.0 (CC-BY-NC)",For more information:  https://registry.nbnatlas.org/public/show/dr2014,,,
dr236,ARC Species Database,,Amphibian and Reptile Conservation Trust ([Insert download year]). Amphibian and Reptile Conservation species database. Occurrence dataset on the NBN Atlas,"Creative Commons, with Attribution, Non-commercial v4.0 (CC-BY-NC) CC-BY-NC","For more information: email johnw.wilkinson@arc-trust.org, or https://registry.nbnatlas.org/public/show/dr236",,,
dr1209,Amphibian and reptile data for Dumfries and Galloway,doi:10.15468/016wkv,South West Scotland Environmental Information Centre ([Insert download year]). Amphibian and reptile data for Dumfries and Galloway. Occurrence dataset on the NBN Atlas,"Creative Commons, with Attribution, Non-commercial v4.0 (CC-BY-NC) CC-BY-NC","For more information: email info@dgerc.org.uk, or https://registry.nbnatlas.org/public/show/dr1209",,,
dr2785,A.T. Sumner's Records,,The Wildlife Information Centre ([Insert download year]). A.T. Sumner's Records. Occurrence dataset on the NBN Atlas,Creative Commons with Attribution 4.0 (CC-BY),For more information:  https://registry.nbnatlas.org/public/show/dr2785,,,
dr1351,Incidental herptile records 2005-16,doi:10.15468/xab51h,Caledonian Conservation ([Insert download year]). Incidental herptile records 2005-16. Occurrence dataset on the NBN Atlas,Creative Commons with Attribution 4.0 (CC-BY) CC-BY,"For more information: email chris.cathrine@caledonianconservation.co.uk, or https://registry.nbnatlas.org/public/show/dr1351",,,
dr960,Great Crested Newt (Triturus cristatus) Sites in Wales to 2003,10.15468/8mbp73,Natural Resources Wales.  ([Insert year of download])  Great Crested Newt (Trirurus cristatus) Sites in Wales to 2003.  Occurrence dataset accessed through the NBNAtlas,"Open Government Licence (OGL) ¬© CNC/NRW
Data may be re-used under the terms of the Open Government Licence providing it is done so, acknowledging both the source and NRW's copyright. It is the recipient's responsibility to ensure the data is fit for the intended purpose.

Attribution statement: Contains Natural Resources Wales information ¬© Natural Resources Wales and Database Right. All rights Reserved.",For more information:  https://registry.nbnatlas.org/public/show/dr960,,,
dr2203,Lothian Wildlife Information Centre - Amphibian Survey (public),10.15468/qnu5ax,"Lothian Wildlife Information Centre - Amphibian Survey (public), TWIC (2020)","Creative Commons, with Attribution, Non-commercial v4.0 (CC-BY-NC)",For more information:  https://registry.nbnatlas.org/public/show/dr2203,,,
dr951,SEWBReC Amphibians (South East Wales),doi:10.15468/hspywy,"Records provided by SEWBReC Amphibians (South East Wales), accessed through NBN Atlas website.","Creative Commons, with Attribution, Non-commercial v4.0 (CC-BY-NC) CC-BY-NC","For more information: email info@sewbrec.org.uk, or https://registry.nbnatlas.org/public/show/dr951",,,
dr1128,Froglife's amphibian and reptile records from the Dragon Finder App for Great Britain in 2016-2022 (inclusive),doi:10.15468/niyja0,Froglife ([Insert download year]). Froglife's amphibian and reptile records from the Dragon Finder App for Great Britain in 2016-2020 (inclusive). Occurrence dataset on the NBN Atlas,"Creative Commons, with Attribution, Non-commercial v4.0 (CC-BY-NC) Sensitive species (including smooth snake, sand lizard, adder, natterjack toad, north American bullfrog and pool frog) records are blurred to 10km.",For more information:  https://registry.nbnatlas.org/public/show/dr1128,,Access to this dataset is restricted for the following reasons. Some of the information held within this dataset related to species that are vulnerable to human disturbance or prejudice. At this time the data provider believes that full disclosure to the public would lead to environmental harm.,
dr1388,North East Scotland Amphibians & Reptiles 1850 - 2016,doi:10.15468/ruf7hc,North East Scotland Biological Records Centre ([Insert download year]). North East Scotland Amphibians & Reptiles 1850 - 2016. Occurrence dataset on the NBN Atlas,"Creative Commons, with Attribution, Non-commercial v4.0 (CC-BY-NC) CC-BY-NC","For more information: email nesbrec@aberdeenshire.gov.uk, or https://registry.nbnatlas.org/public/show/dr1388",,,
dr698,Dorset Sites of Nature Conservation Interest (SNCI) species records 2000-2008,doi:10.15468/r1ebqb,Dorset Environmental Records Centre ([Insert download year]). Dorset Sites of Nature Conservation Interest (SNCI) species records 2000-2008. Occurrence dataset on the NBN Atlas,"Creative Commons, with Attribution, Non-commercial v4.0 (CC-BY-NC) CC-BY-NC","For more information: email derc@dorsetcc.gov.uk , or https://registry.nbnatlas.org/public/show/dr698",,,
dp151,Norwich Reptile Study Group,,"Records provided by Norwich Reptile Study Group, accessed through NBN Atlas website.",,For more information:  https://registry.nbnatlas.org/public/show/dp151,,,
dr927,SEWBReC Reptiles (South East Wales),doi:10.15468/mkesjf,"Records provided by SEWBReC Reptiles (South East Wales), accessed through NBN Atlas website.","Creative Commons, with Attribution, Non-commercial v4.0 (CC-BY-NC) CC-BY-NC","For more information: email info@sewbrec.org.uk, or https://registry.nbnatlas.org/public/show/dr927",,,
dr875,HBRG P.F. Entwistle Colln and Notebooks Dataset,doi:10.15468/fmcwyl,Highland Biological Recording Group ([Insert year of download]). HBRG P.F. Entwistle Colln and Notebooks Dataset. Occurrence dataset on the NBN Atlas.,Creative Commons with Attribution 4.0 (CC-BY) CC-BY,For more information:  https://registry.nbnatlas.org/public/show/dr875,,,
dr689,Dorset Sites of Nature Conservation Interest (SNCI) species records pre 2000,doi:10.15468/qyg29v,Dorset Environmental Records Centre ([Insert download year]). Dorset Sites of Nature Conservation Interest (SNCI) species records pre 2000. Occurrence dataset on the NBN Atlas,"Creative Commons, with Attribution, Non-commercial v4.0 (CC-BY-NC) CC-BY-NC","For more information: email derc@dorsetcc.gov.uk , or https://registry.nbnatlas.org/public/show/dr689",,,
dr1361,Norwich Reptile Study Group Records for 2011,doi:10.15468/ajovn4,Norwich Reptile Study Group ([Insert download year]). Norwich Reptile Study Group Records for 2011. Occurrence dataset on the NBN Atlas,"Creative Commons, with Attribution, Non-commercial v4.0 (CC-BY-NC) CC-BY-NC","For more information: email LeeRuddEcology@hotmail.co.uk, or https://registry.nbnatlas.org/public/show/dr1361",,,