grid_id,Region,Longitude..WGS84.,Latitude..WGS84.,occurrence_probability_2026,forecast_year
298,South West,-5.24836807930904,50.0153103573744,0.7873426057145836,2026
299,South West,-5.17868938323196,50.0172420284515,0.9282807982527191,2026
300,South West,-5.10900321127499,50.0191319110839,0.9459527432855959,2026
424,South West,-5.66969646375358,50.0477199241224,0.7077632449602996,2026
430,South West,-5.25140208473323,50.0602066074962,0.9759322222156004,2026
431,South West,-5.18165858411537,50.0621413358739,0.9664951923125786,2026
432,South West,-5.11190758307166,50.0640342099042,0.9323001826738113,2026
556,South West,-5.67312738982924,50.0925959271448,0.7039197397071549,2026
557,South West,-5.60336750075949,50.0947850023861,0.7760220597610642,2026
561,South West,-5.3242445330743,50.1031226721909,0.9454575190514725,2026
562,South West,-5.25444375352979,50.1051023729563,0.9432158973104441,2026
563,South West,-5.1846352854453,50.1070401643091,0.94772007268657,2026
564,South West,-5.11481929227783,50.1089360352908,0.9903315105235787,2026
688,South West,-5.67656698272902,50.1374714084341,0.6583410271808678,2026
689,South West,-5.60674212253845,50.1396639484907,0.18794090480816164,2026
690,South West,-5.53690873032078,50.1418145715102,0.9764303353663862,2026
691,South West,-5.46706696946884,50.1439232653254,0.9634404281548695,2026
692,South West,-5.39721700349988,50.1459900180038,0.8903617206646247,2026
693,South West,-5.32735899605314,50.1480148178476,0.9244804019080531,2026
694,South West,-5.25749311088748,50.1499976533943,0.4948062565764557,2026
695,South West,-5.187619511879,50.1519385134164,0.26819181144090853,2026
696,South West,-5.1177383630186,50.1538373869222,0.9339416010337555,2026
821,,-5.61012527636772,50.1845423788163,0.0996528782439993,2026
822,South West,-5.54022672167337,50.1866964070386,0.18851378547191086,2026
823,South West,-5.47031977078833,50.1888084399642,0.9215362300680402,2026
824,South West,-5.40040458776353,50.190878465624,0.9270292531832995,2026
825,South West,-5.33048133677255,50.1929064722847,0.9156508253152352,2026
826,South West,-5.26055018210928,50.1948924484486,0.08769662353587897,2026
827,South West,-5.19061128818549,50.1968363828541,0.558478253595773,2026
828,South West,-5.12066481952843,50.1987382644758,0.9693848976815739,2026
829,,-5.0507109407784,50.2005980825247,0.9271097909622645,2026
830,South West,-4.98074981668632,50.2024158264483,0.8728141821811033,2026
847,South West,-3.7904622999677,50.2268710566878,0.9941977957287349,2026
848,South West,-3.72039904367546,50.2279299326847,0.9957076506378147,2026
849,,-3.65033169008475,50.2289465792463,0.9896862123027506,2026
957,South West,-5.33361158118601,50.237797635119,0.8414902014979271,2026
958,South West,-5.26361499261297,50.2397867577563,0.9563800261562267,2026
959,South West,-5.19361063924626,50.2417337722792,0.8327529707862685,2026
960,South West,-5.12359868615185,50.2436386676284,0.9320764793329863,2026
961,South West,-5.05357929850942,50.2455014329819,0.9279019285055629,2026
962,South West,-4.9835526416099,50.247322057755,0.9397905172999313,2026
963,South West,-4.91351888085306,50.2491005316006,0.8871161946792347,2026
964,South West,-4.84347818174503,50.2508368444092,0.9481082258485448,2026
978,South West,-3.86227278296829,50.2707132207664,0.9978678612164251,2026
979,South West,-3.79214793415587,50.2718160670511,0.9958557899839701,2026
980,South West,-3.72201880755224,50.2728766230137,0.9966779520354074,2026
981,South West,-3.65188557009503,50.2738948826106,0.9966352817244337,2026
1090,,-5.26668756793183,50.2846805809534,0.9309610267279831,2026
1091,South West,-5.19661759005581,50.2866306813474,0.8670323372318517,2026
1092,South West,-5.12653998734398,50.2885385960551,0.9231406921362527,2026
1093,South West,-5.05645492551783,50.2904043142213,0.9531301466995928,2026
1094,South West,-4.98636257041073,50.292227825229,0.9369739815417817,2026
1095,South West,-4.91626308796548,50.2940091186992,0.9113045194971379,2026
1096,South West,-4.84615664423186,50.2957481844915,0.8283559150935378,2026
1097,South West,-4.77604340536418,50.2974450127042,0.9382117902323404,2026
1108,South West,-4.004396916317,50.3133198502358,0.992925346116656,2026
1109,South West,-3.93421513055028,50.3145091422408,0.9937572656111259,2026
1110,South West,-3.86402871804161,50.3156560897335,0.991988270017898,2026
1111,South West,-3.79383784614841,50.31676068617,0.9881702243715793,2026
1112,South West,-3.72364268229534,50.3178229252472,0.982764792459336,2026
1113,South West,-3.65344339397173,50.3188428009032,0.9915984952578586,2026
1224,South West,-5.12948874767125,50.3334380494304,0.9346830011647965,2026
1225,South West,-5.05933784582762,50.3353067259365,0.8743952351006984,2026
1226,South West,-4.98917962656973,50.3371331285823,0.9199147977546478,2026
1227,South West,-4.91901425638588,50.3389172469572,0.9452388142030304,2026
1228,South West,-4.84884190187196,50.3406590708895,0.9036966405122973,2026
1229,South West,-4.77866272972898,50.3423585904472,0.919499781458524,2026
1230,South West,-4.70847690676056,50.3440157959375,0.9553325013448548,2026
1231,South West,-4.6382845998705,50.3456306779075,0.9819304042110603,2026
1232,South West,-4.56808597606026,50.3472032271441,0.9914201816975725,2026
1233,South West,-4.49788120242648,50.3487334346742,0.9145347329976256,2026
1234,,-4.42767044615849,50.350221291765,0.9840771972571454,2026
1237,South West,-4.21700395478065,50.3544306766804,0.9938752215523963,2026
1239,South West,-4.07653278310612,50.3570250318169,0.9947658955271977,2026
1240,South West,-4.00628964688497,50.358258616355,0.9672303736148036,2026
1241,South West,-3.93604170074036,50.3594497960635,0.9889449808748859,2026
1242,South West,-3.86578911251309,50.3605985641365,0.9949825409491224,2026
1243,South West,-3.79553205011405,50.3617049140102,0.9520065038234987,2026
1244,South West,-3.72527068152176,50.3627688393621,0.974478053643048,2026
1245,South West,-3.65500517477981,50.3637903341116,0.9564720136446033,2026
1246,South West,-3.58473569799431,50.36476939242,0.9912294574705317,2026
1356,South West,-5.13244499181194,50.3783370274276,0.9681185989960993,2026
1357,South West,-5.06222808357217,50.3802086678201,0.9550204848037439,2026
1358,South West,-4.99200383367479,50.3820379675266,0.9412298439858051,2026
1359,South West,-4.92177240915606,50.3838249161045,0.8086592666946232,2026
1360,South West,-4.85153397716045,50.3855695033511,0.36295411521700666,2026
1361,South West,-4.78128870493813,50.3872717193036,0.6392481710594825,2026
1362,South West,-4.71103675984248,50.3889315542396,0.8692295235387077,2026
1363,South West,-4.6407783093276,50.3905489986772,0.9588288194304928,2026
1364,South West,-4.57051352094582,50.392124043375,0.9627186714619412,2026
1365,South West,-4.50024256234518,50.3936566793325,0.9889834287049056,2026
1366,South West,-4.42996560126695,50.3951468977898,0.9637290787957634,2026
1367,South West,-4.35968280554308,50.3965946902286,0.969944192507071,2026
1368,South West,-4.28939434309376,50.3980000483716,0.9967086136910913,2026
1370,South West,-4.14880109012523,50.4006834298684,0.9961758339750494,2026
1371,South West,-4.07849663586467,50.4019614378755,0.9961465554722448,2026
1372,South West,-4.00818718739088,50.4031969808936,0.9929872470818433,2026
1373,South West,-3.93787291302719,50.404390051854,0.9964416111039662,2026
1374,South West,-3.86755398117,50.4055406439302,0.8300602814516945,2026
1375,South West,-3.79723056028621,50.406648750538,0.98982496709083,2026
1376,South West,-3.72690281891072,50.4077143653356,0.9792627960774238,2026
1377,South West,-3.65657092564387,50.4087374822237,0.9867725804829737,2026
1378,South West,-3.5862350491489,50.4097180953455,0.9925998729675253,2026
1379,,-3.5158953581494,50.410656199087,0.9552052579236395,2026
1490,South West,-4.99483521542141,50.4269423417723,0.9158451196949255,2026
1491,South West,-4.92453756942294,50.4287321258702,0.9550338525505504,2026
1492,South West,-4.85423289269507,50.4304794816232,0.8101679101076529,2026
1493,South West,-4.78392135303962,50.432184399038,0.7889311171087267,2026
1494,South West,-4.71360311836223,50.4338468683623,0.8150174658388147,2026
1495,South West,-4.64327835666981,50.4354668800851,0.9784832153480784,2026
1496,South West,-4.57294723606804,50.4370444249364,0.7869528770126569,2026
1497,South West,-4.50260992475888,50.4385794938881,0.769892990360376,2026
1498,South West,-4.43226659103802,50.4400720781537,0.9677901128357905,2026
1499,South West,-4.36191740329238,50.4415221691883,0.9309540399044949,2026
1500,South West,-4.29156252999757,50.4429297586893,0.9885025856218453,2026
1501,South West,-4.22120213971536,50.4442948385961,0.9961599361798502,2026
1502,South West,-4.15083640109114,50.4456174010905,0.9929654839681499,2026
1503,South West,-4.08046548285142,50.4468974385968,0.9931233488695118,2026
1504,South West,-4.01008955380125,50.4481349437817,0.6967495771542418,2026
1505,South West,-3.93970878282168,50.4493299095551,0.3267698468642661,2026
1506,South West,-3.86932333886725,50.4504823290693,0.22618005899656723,2026
1507,South West,-3.79893339096341,50.4515921957197,0.9937764968619589,2026
1508,South West,-3.72853910820397,50.4526595031452,0.995587562815663,2026
1509,South West,-3.65814065974857,50.4536842452275,0.9926808116324862,2026
1510,South West,-3.58773821482011,50.4546664160919,0.996413567339142,2026
1622,South West,-4.99767379561327,50.4718462510289,0.9660524038247296,2026
1623,South West,-4.92730976043912,50.4736388759823,0.853285602389345,2026
1624,South West,-4.85693867117676,50.4753890054522,0.8798583051745514,2026
1625,South West,-4.78656069618216,50.4770966294145,0.9127084957096026,2026
1626,South West,-4.71617600391572,50.478761738087,0.8604603669062829,2026
1627,South West,-4.64578476293965,50.4803843219292,0.9015935029860552,2026
1628,South West,-4.57538714191553,50.4819643716429,0.8878252614692451,2026
1629,South West,-4.50498330960175,50.483501878172,0.9358830747442154,2026
1630,South West,-4.43457343485095,50.4849968327029,0.8296262925348638,2026
1631,South West,-4.36415768660753,50.4864492266645,0.9642858882238654,2026
1632,South West,-4.29373623390505,50.4878590517287,0.8905539344721434,2026
1633,,-4.22330924586376,50.48922629981,0.9876938111422492,2026
1634,South West,-4.152876891688,50.4905509630661,0.9962150778906042,2026
1635,South West,-4.08243934066366,50.491833033898,0.9343960441183253,2026
1636,South West,-4.01199676215563,50.49307250495,0.635307804155427,2026
1637,South West,-3.94154932560523,50.4942693691097,0.3462230380442808,2026
1638,South West,-3.87109720052771,50.4954236195086,0.13540361320132635,2026
1639,South West,-3.80064055650958,50.4965352495219,0.9978171219108349,2026
1640,South West,-3.73017956320616,50.4976042527685,0.9951087824667507,2026
1641,South West,-3.65971439033891,50.4986306231115,0.9927567966346038,2026
1642,South West,-3.58924520769295,50.4996143546581,0.9968624685375688,2026
1643,South West,-3.51877218511441,50.5005554417595,0.9900877622334825,2026
1754,South West,-5.00051959816285,50.516749695005,0.9089354260646135,2026
1755,South West,-4.93008900556353,50.5185451661682,0.9540429568981983,2026
1757,South West,-4.78920675661576,50.5220084101965,0.9266916256416778,2026
1758,South West,-4.71875543819761,50.5236761631942,0.8799178324562108,2026
1759,South West,-4.64829754927592,50.5253013240073,0.2063430818310951,2026
1760,South West,-4.57783325907068,50.5268838833085,0.4742488135168121,2026
1761,South West,-4.50736273689921,50.5284238320141,0.5327922956392022,2026
1762,South West,-4.43688615217367,50.5299211612832,0.28145833877695137,2026
1763,South West,-4.36640367439846,50.5313758625184,0.8206882614075579,2026
1764,South West,-4.29591547316768,50.5327879273657,0.9853735909899924,2026
1765,South West,-4.22542171816257,50.5341573477148,0.9942313699149952,2026
1766,South West,-4.15492257914896,50.5354841156994,0.9834303707958645,2026
1767,South West,-4.08441822597469,50.5367682236968,0.908280562781328,2026
1768,South West,-4.01390882856705,50.5380096643287,0.4007724585428413,2026
1769,South West,-3.94339455693021,50.5392084304608,0.4640442206072673,2026
1770,South West,-3.87287558114263,50.5403645152034,0.18520036866267542,2026
1771,South West,-3.80235207135451,50.5414779119112,0.9836953689429535,2026
1772,South West,-3.73182419778519,50.5425486141835,0.9965998066739163,2026
1773,South West,-3.66129213072058,50.5435766158644,0.9940635473232352,2026
1774,South West,-3.59075604051056,50.5445619110429,0.9936297769409284,2026
1775,,-3.52021609756641,50.5455044940529,0.992242375239898,2026
1888,South West,-4.86237090830477,50.5652066887622,0.9906442309750484,2026
1889,South West,-4.79185955669227,50.5669197411465,0.9610738598019529,2026
1890,South West,-4.72134144300192,50.5685901434644,0.9000389529254775,2026
1891,South West,-4.65081673691422,50.5702178861165,0.5293294003084366,2026
1892,South West,-4.5802856082101,50.5718029597472,0.53600787501416,2026
1893,South West,-4.50974822676839,50.5733453552444,0.3479213322347158,2026
1894,South West,-4.4392047625633,50.5748450637402,0.9102606453393197,2026
1895,South West,-4.36865538566179,50.5763020766106,0.8928041294269379,2026
1896,South West,-4.29810026622104,50.5777163854759,0.9871699654870534,2026
1897,South West,-4.22753957448588,50.5790879822006,0.9544880767957342,2026
1898,South West,-4.15697348078616,50.5804168588942,0.9733090505478127,2026
1899,South West,-4.08640215553426,50.5817030079105,0.6479447551841842,2026
1900,South West,-4.01582576922243,50.5829464218483,0.4091631332093622,2026
1901,South West,-3.94524449242025,50.5841470935514,0.1913613370895231,2026
1902,South West,-3.87465849577201,50.5853050161088,0.16336719599453642,2026
1903,South West,-3.80406794999415,50.5864201828546,0.152587360758035,2026
1904,South West,-3.73347302587262,50.5874925873684,0.9824916500291785,2026
1905,South West,-3.66287389426035,50.5885222234752,0.992235533669128,2026
1906,South West,-3.59227072607458,50.5895090852459,0.9965278811873686,2026
1907,South West,-3.5216636922943,50.5904531669967,0.9943836951024765,2026
1922,South West,-2.4622107385483,50.5994776791366,0.9977105244463716,2026
1928,South West,-2.03832635169342,50.6003892496839,0.9904742920180246,2026
1938,South East,-1.33186318634566,50.5984812255737,0.9870744018991398,2026
1939,South East,-1.26122296295282,50.5980548203793,0.9936731981678271,2026
2022,South West,-4.72393404022257,50.6135036786767,0.4454894009717085,2026
2023,South West,-4.6533423471875,50.6151340080533,0.4206708296813011,2026
2024,South West,-4.58274421010524,50.6167216007719,0.2477293517303003,2026
2025,South West,-4.5121397994187,50.6182664476923,0.7707027237122861,2026
2026,South West,-4.44152928566667,50.6197685399192,0.9405008795177807,2026
2027,South West,-4.37091283948127,50.6212278688018,0.8274529775994612,2026
2028,South West,-4.30029063158532,50.6226444259347,0.9062569139036067,2026
2029,South West,-4.2296628327898,50.6240182031572,0.845430804871033,2026
2030,South West,-4.15902961399121,50.6253491925544,0.9609365489406759,2026
2031,South West,-4.088391146169,50.6266373864564,0.6727234010064412,2026
2032,South West,-4.017747600383,50.6278827774393,0.3316569443203081,2026
2033,South West,-3.94709914777077,50.6290853583247,0.01116399215972883,2026
2034,South West,-3.87644595954502,50.6302451221801,0.19093895430966928,2026
2035,South West,-3.80578820699101,50.6313620623192,0.3954535354549607,2026
2036,South West,-3.73512606146395,50.6324361723016,0.9963325822363411,2026
2037,South West,-3.66445969438634,50.6334674459333,0.9939924091082172,2026
2038,South West,-3.5937892772454,50.6344558772667,0.9957208714444108,2026
2039,South West,-3.52311498159047,50.6354014606006,0.9945601514588209,2026
2040,South West,-3.45243697903032,50.6363041904804,0.9951695080161993,2026
2041,South West,-3.38175544123059,50.6371640616984,0.9953780055375716,2026
2042,South West,-3.31107053991116,50.6379810692935,0.9923024608936138,2026
2053,South West,-2.53336379136455,50.6441379821833,0.9971342110456433,2026
2054,South West,-2.46265193810694,50.6444403292945,0.9981139033802067,2026
2056,South West,-2.32122502152224,50.644916305157,0.9921008723130597,2026
2057,South West,-2.25051030261494,50.64508993116,0.9949997671633196,2026
2058,South West,-2.17979497293267,50.6452206477917,0.9866775207730365,2026
2059,South West,-2.10907920471407,50.6453084542972,0.9864023813701666,2026
2060,South West,-2.03836317020453,50.6453533501696,0.9881484686330408,2026
2061,South West,-1.96764704165351,50.6453553351498,0.9962383636961224,2026
2069,South East,-1.40193529694267,50.6438264735382,0.9894473137199838,2026
2070,South East,-1.33122607260961,50.6434422897093,0.9707407698220967,2026
2071,South East,-1.26051847637264,50.6430152060238,0.9932068371377608,2026
2072,South East,-1.1898126803516,50.6425452249474,0.9969012498504939,2026
2154,South West,-4.72653325185394,50.65841676861,0.22430424559325038,2026
2155,South West,-4.65587440152664,50.6600496896137,0.16821847168345197,2026
2156,South West,-4.58520908562291,50.6616398061955,0.24498880252099858,2026
2157,South West,-4.5145374751523,50.6631871091868,0.6391830106861025,2026
2158,South West,-4.44385974122082,50.6646915896649,0.907640175073134,2026
2159,South West,-4.37317605502828,50.6661532389522,0.9113343918425594,2026
2160,South West,-4.30248658786576,50.6675720486172,0.8970070341383658,2026
2161,South West,-4.23179151111295,50.6689480104743,0.7168258929638862,2026
2162,South West,-4.1610909962356,50.6702811165837,0.9513260256091698,2026
2163,South West,-4.09038521478285,50.671571359252,0.7133701813369842,2026
2164,South West,-4.01967433838469,50.6728187310323,0.011309461433778754,2026
2165,South West,-3.94895853874927,50.6740232247239,0.02003212742353598,2026
2166,South West,-3.87823798766033,50.675184833373,0.5314849440574893,2026
2167,South West,-3.80751285697457,50.6763035502724,0.9376722986613142,2026
2168,South West,-3.73678331861903,50.6773793689619,0.9637561923425583,2026
2169,South West,-3.66604954458843,50.6784122832282,0.996550459030333,2026
2170,South West,-3.5953117069426,50.6794022871054,0.9952788691331671,2026
2171,South West,-3.52456997780379,50.6803493748747,0.9932372341526622,2026
2172,South West,-3.45382452935407,50.6812535410644,0.9932098194150445,2026
2173,South West,-3.38307553383269,50.6821147804508,0.9884023852476349,2026
2174,South West,-3.31232316353343,50.6829330880574,0.9964664567123418,2026
2175,South West,-3.24156759080195,50.6837084591555,0.9945878904011209,2026
2183,South West,-2.67542841790246,50.6883652279791,0.99595249691865,2026
2184,South West,-2.60465178608961,50.6887539986121,0.9921831006614833,2026
2185,South West,-2.53387367757327,50.6890997990881,0.99400615498212,2026
2186,South West,-2.46309426509514,50.6894026274076,0.9947528543512199,2026
2187,South West,-2.39231372141703,50.6896624818194,0.9939763388070099,2026
2188,South West,-2.32153221931816,50.6898793608209,0.9863046767155494,2026
2189,South West,-2.2507499315925,50.6900532631579,0.968495499102805,2026
2190,South West,-2.17996703104614,50.6901841878249,0.9452622268370224,2026
2191,South West,-2.10918369049458,50.6902721340647,0.9818544299300048,2026
2192,South West,-2.03840008276012,50.6903171013687,0.9866995036783233,2026
2200,South East,-1.47214234110288,50.6891296191155,0.985968827273347,2026
2201,South East,-1.40136410552596,50.6887877941258,0.9866558820725211,2026
2202,South East,-1.33058733077622,50.6884029987851,0.9870411219099101,2026
2203,South East,-1.25981218957485,50.6879752353186,0.9638727985217326,2026
2204,South East,-1.18903885461788,50.6875045061997,0.9898233439275903,2026
2205,South East,-1.11826749857357,50.6869908141502,0.9933498842185766,2026
2287,South West,-4.65841292146095,50.7049649305931,0.34043362358331547,2026
2288,South West,-4.58768025572577,50.7065575758301,0.24078034729952508,2026
2289,South West,-4.5169412743647,50.7081073395564,0.8265415071881884,2026
2290,South West,-4.4461961490535,50.7096142128217,0.889165202820494,2026
2291,South West,-4.37544505156234,50.7110781869216,0.8554395306899557,2026
2292,South West,-4.30468815375311,50.7124992533985,0.7262091533127606,2026
2293,South West,-4.23392562757687,50.7138774040413,0.7628942019221527,2026
2294,South West,-4.16315764507118,50.7152126308857,0.9221805411574748,2026
2295,South West,-4.09238437835751,50.7165049262146,0.8309895838936194,2026
2296,South West,-4.0216059996386,50.7177542825577,0.5619233747860604,2026
2297,South West,-3.95082268119583,50.7189606926923,0.37513970712883166,2026
2298,South West,-3.88003459538658,50.7201241496429,0.7991067240196597,2026
2299,South West,-3.80924191464162,50.7212446466816,0.885755106132379,2026
2300,South West,-3.73844481146243,50.722322177328,0.9846287632374182,2026
2301,South West,-3.66764345841862,50.7233567353499,0.992771904415061,2026
2302,South West,-3.5968380281452,50.7243483147625,0.9923510460666074,2026
2303,South West,-3.52602869334002,50.7252969098293,0.9955352721799123,2026
2304,South West,-3.45521562676106,50.726202515062,0.9829532091320823,2026
2305,South West,-3.38439900122381,50.7270651252204,0.9924232047504258,2026
2306,South West,-3.31357898959862,50.7278847353126,0.9905438562227915,2026
2307,South West,-3.242755764808,50.7286613405952,0.993766335823406,2026
2308,South West,-3.17192949982402,50.7293949365733,0.9938580921649398,2026
2309,South West,-3.10110036766561,50.7300855190007,0.9960590683228796,2026
2310,South West,-3.03026854139592,50.7307330838797,0.9950662513034642,2026
2311,South West,-2.95943419411964,50.7313376274616,0.996109853862552,2026
2313,South West,-2.81775862915785,50.7324176369826,0.9852878303997411,2026
2314,South West,-2.74691775786548,50.7328930966686,0.9955119837475481,2026
2315,South West,-2.67607505834747,50.7333255225511,0.9860071868629326,2026
2316,South West,-2.60523070387624,50.733714912126,0.9340190087565752,2026
2317,South West,-2.53438486774977,50.7340612631385,0.9650670693864292,2026
2318,South West,-2.4635377232889,50.7343645735828,0.9871114615914025,2026
2319,South West,-2.39268944383466,50.7346248417023,0.982947612731822,2026
2320,South West,-2.32184020274558,50.7348420659897,0.9583236281386235,2026
2321,South West,-2.25099017339506,50.7350162451871,0.9780598596757905,2026
2322,South West,-2.18013952916867,50.7351473782856,0.9633417399826926,2026
2323,South West,-2.10928844346143,50.7352354645258,0.9493332757729952,2026
2325,South West,-1.96758564121603,50.7352824946401,0.9902190906151529,2026
2326,South West,-1.89673427149134,50.735241438242,0.9814228189931319,2026
2327,South West,-1.82588315390738,50.7351573344411,0.9883547963781057,2026
2328,South West,-1.7550324618665,50.7350301837247,0.9952089861247798,2026
2330,South East,-1.61333304798793,50.7346467447408,0.9972777325819663,2026
2334,South East,-1.32994695539317,50.7333633528973,0.9928722506814829,2026
2335,South East,-1.25910409653092,50.7329349083553,0.9846959307798261,2026
2336,South East,-1.18826304996936,50.7324634297694,0.9913962486832213,2026
2337,,-1.11742398895544,50.73194891987,0.980081462432703,2026
2420,South West,-4.59015774147294,50.7514749094873,0.702159477302138,2026
2421,South West,-4.5193512175452,50.7530271386292,0.9442112897468623,2026
2422,South West,-4.44853852908374,50.7545364092338,0.8903563376815598,2026
2423,South West,-4.37771984843162,50.7560027125698,0.9045229015891241,2026
2424,South West,-4.30689534802422,50.7574260401532,0.5773270756316925,2026
2425,South West,-4.23606520038655,50.7588063837476,0.8571783121995808,2026
2426,South West,-4.16522957813063,50.760143735364,0.9144264462743139,2026
2427,South West,-4.09438865395287,50.7614380872613,0.9288170061894148,2026
2428,South West,-4.02354260063141,50.7626894319462,0.931076542191445,2026
2429,South West,-3.95269159102347,50.7638977621734,0.8243324774593623,2026
2430,South West,-3.88183579806273,50.7650630709457,0.5838761700555165,2026
2431,South West,-3.81097539475664,50.7661853515145,0.9566234891257666,2026
2432,South West,-3.7401105541838,50.7672645973793,0.9969855334441371,2026
2433,South West,-3.6692414494913,50.7683008022884,0.9842789623007465,2026
2434,South West,-3.59836825389203,50.7692939602386,0.9962891838588253,2026
2435,South West,-3.52749114066207,50.7702440654755,0.9960779177340966,2026
2436,South West,-3.45661028313795,50.7711511124937,0.9920905159195883,2026
2437,South West,-3.38572585471408,50.7720150960368,0.994556381599191,2026
2438,South West,-3.31483802884,50.7728360110974,0.9849267405256681,2026
2439,South West,-3.24394697901774,50.7736138529174,0.9829862702223294,2026
2440,South West,-3.17305287879917,50.774348616988,0.974347056739303,2026
2441,South West,-3.10215590178326,50.7750402990496,0.99256271878588,2026
2442,South West,-3.03125622161349,50.7756888950922,0.9944033808419099,2026
2443,South West,-2.9603540119751,50.7762944013554,0.9464079705290943,2026
2444,South West,-2.88944944659243,50.7768568143284,0.9798993353311148,2026
2445,South West,-2.81854269922627,50.7773761307498,0.9869847437798382,2026
2446,South West,-2.74763394367113,50.7778523476083,0.9732406971466154,2026
2447,South West,-2.67672335375258,50.7782854621422,0.9782022548366909,2026
2448,South West,-2.60581110332456,50.7786754718396,0.9469260917098862,2026
2449,South West,-2.53489736626671,50.7790223744387,0.9570641227140623,2026
2450,South West,-2.46398231648164,50.7793261679275,0.9555266519919986,2026
2451,South West,-2.39306612789228,50.779586850544,0.9667151348651964,2026
2452,South West,-2.32214897443918,50.7798044207761,0.991246261894995,2026
2453,South West,-2.25123103007781,50.7799788773619,0.9418894292548555,2026
2454,South West,-2.1803124687759,50.7801102192896,0.8854149483456546,2026
2455,South West,-2.10939346451069,50.7801984457974,0.8429339627508756,2026
2456,South West,-2.03847419126629,50.7802435563734,0.9484045157239034,2026
2457,South West,-1.96755482303099,50.7802455507562,0.9587972929436561,2026
2458,South West,-1.89663553379452,50.7802044289343,0.9928188205700014,2026
2459,South West,-1.82571649754541,50.7801201911462,0.9768524770315734,2026
2460,South East,-1.75479788826825,50.7799928378807,0.9834152578346096,2026
2461,South East,-1.68387987994106,50.7798223698768,0.9538114236452206,2026
2462,South East,-1.61296264653254,50.7796087881231,0.9895153670073904,2026
2463,South East,-1.54204636199939,50.7793520938589,0.9897392038484553,2026
2464,South East,-1.47113120028365,50.779052288573,0.9849244997609102,2026
2472,South East,-0.903871194054136,50.7751021106793,0.9934788502536934,2026
2473,South East,-0.832973961333338,50.7744144144446,0.9987581758464117,2026
2488,South East,0.230044108038007,50.7589319103598,0.9923847136543645,2026
2553,South West,-4.52176732527752,50.7979465062328,0.9881421667717242,2026
2554,South West,-4.45088690132227,50.7994581787448,0.7849073955915749,2026
2555,South West,-4.38000046507341,50.8009268157559,0.8692242293993561,2026
2556,South West,-4.30910818954241,50.8023524087558,0.8036465161775185,2026
2557,South West,-4.23821024783085,50.8037349494824,0.9521840430517375,2026
2558,South West,-4.16730681312788,50.805074429922,0.7199994084087841,2026
2559,South West,-4.09639805870747,50.8063708423095,0.9572326930174155,2026
2560,South West,-4.0254841579258,50.8076241791282,0.9087564165036912,2026
2561,South West,-3.9545652842186,50.8088344331104,0.9145270530331916,2026
2562,South West,-3.88364161109846,50.8100015972373,0.9023254546420362,2026
2563,South West,-3.81271331215222,50.811125664739,0.979907702209968,2026
2564,South West,-3.74178056103822,50.8122066290951,0.9774040078757894,2026
2565,South West,-3.67084353148371,50.8132444840343,0.9865142645586128,2026
2566,South West,-3.5999023972821,50.8142392235348,0.9916136068322216,2026
2567,South West,-3.52895733229036,50.8151908418244,0.9921577768950637,2026
2568,South West,-3.45800851042627,50.8160993333804,0.9864310827014331,2026
2569,South West,-3.3870561056658,50.8169646929303,0.9861968610881285,2026
2570,South West,-3.31610029204036,50.8177869154509,0.9922184610982755,2026
2571,South West,-3.24514124363418,50.8185659961695,0.9869825901295183,2026
2572,South West,-3.17417913458158,50.819301930563,0.9579721380083862,2026
2573,South West,-3.10321413906429,50.8199947143589,0.9879810029589585,2026
2574,South West,-3.03224643130876,50.8206443435347,0.953253306287671,2026
2575,South West,-2.96127618558347,50.821250814318,0.9553301679861042,2026
2576,South West,-2.89030357619622,50.8218141231873,0.9780043663206205,2026
2577,South West,-2.81932877749145,50.8223342668711,0.9814208741069289,2026
2578,South West,-2.74835196384754,50.8228112423486,0.9918471231576445,2026
2579,South West,-2.67737330967407,50.8232450468495,0.7222432676974522,2026
2580,South West,-2.60639298940921,50.8236356778543,0.8485059965887014,2026
2581,South West,-2.53541117751691,50.823983133094,0.7913732974169833,2026
2582,South West,-2.46442804848427,50.8242874105503,0.7405745893733895,2026
2583,South West,-2.39344377681881,50.8245485084557,0.8648637362362744,2026
2584,South West,-2.32245853704578,50.8247664252935,0.9319799240658861,2026
2585,South West,-2.25147250370542,50.824941159798,0.9461540519617586,2026
2586,South West,-2.1804858513503,50.825072710954,0.8712540035407039,2026
2587,South West,-2.10949875454256,50.8251610779973,0.9178075135889312,2026
2588,South West,-2.03851138785128,50.8252062604147,0.8736141659375277,2026
2589,South West,-1.96752392584968,50.8252082579438,0.87805948062245,2026
2590,South West,-1.89653654311248,50.825167070573,0.9668920690881995,2026
2591,South West,-1.82554941421317,50.8250826985417,0.9703931162341867,2026
2592,South East,-1.75456271372131,50.8249551423401,0.9747924709771718,2026
2593,South East,-1.68357661619978,50.8247844027095,0.9562082060790563,2026
2594,South East,-1.61259129620216,50.8245704806418,0.9411759514087755,2026
2595,South East,-1.54160692826994,50.8243133773798,0.8708478315751463,2026
2596,South East,-1.47062368692985,50.8240130944172,0.9013713899516382,2026
2597,South East,-1.39964174669116,50.8236696334985,0.9932455762936383,2026
2598,South East,-1.32866128204295,50.8232829966188,0.9959538702765925,2026
2600,South East,-1.18670547735726,50.8223802042112,0.9968883290856221,2026
2602,South East,-1.04475766827924,50.8213047381696,0.9951232292241825,2026
2603,South East,-0.973787198024446,50.8207022601872,0.9974458489226854,2026
2605,South East,-0.831853997637008,50.819367831793,0.9933509292939038,2026
2606,South East,-0.760891616007004,50.8186358891299,0.9789243714328857,2026
2607,South East,-0.689932279015577,50.817860799739,0.9954027267394209,2026
2608,South East,-0.618976160801522,50.8170425681202,0.9906097512001598,2026
2609,South East,-0.548023435453779,50.8161811990236,0.9930699749043748,2026
2610,South East,-0.477074277008746,50.815276697449,0.9958727880042517,2026
2611,South East,-0.406128859447591,50.8143290686463,0.9896999929303811,2026
2616,South East,-0.0514639700368804,50.8089442174348,0.9912665100508478,2026
2617,South East,0.0194553520471888,50.8077379494906,0.9958909348284124,2026
2618,South East,0.090369717150784,50.8064885980549,0.9947099129181198,2026
2619,South East,0.161278951830997,50.8051961703727,0.9914866077665527,2026
2620,South East,0.232182882724216,50.8038606739377,0.9943310950904838,2026
2621,South East,0.303081336548788,50.8024821164922,0.9955053234269413,2026
2685,South West,-4.52418961824025,50.8428654421945,0.9546437720376493,2026
2686,South West,-4.45324128587215,50.8443795211981,0.7567157393397578,2026
2687,South West,-4.38228692101468,50.845850496339,0.4931707388422658,2026
2688,South West,-4.31132669725802,50.8472783590804,0.5674946265298316,2026
2689,South West,-4.24036078828304,50.8486631011346,0.7565617660930909,2026
2690,South West,-4.1693893678586,50.850004714463,0.9671570228532615,2026
2691,South West,-4.09841260983892,50.8513031912763,0.9494966826364376,2026
2692,South West,-4.02743068816089,50.8525585240344,0.9476355893379211,2026
2693,South West,-3.95644377684139,50.853770705447,0.9357072221754358,2026
2694,South West,-3.88545204997463,50.8549397284736,0.9388686344816444,2026
2695,South West,-3.81445568172944,50.8560655863232,0.9512319027897214,2026
2696,South West,-3.74345484634662,50.8571482724549,0.9777895748045758,2026
2697,South West,-3.67244971813622,50.8581877805782,0.9698510242986723,2026
2698,South West,-3.60144047147489,50.8591841046525,0.9080226275064527,2026
2699,South West,-3.53042728080315,50.8601372388875,0.9704404719700792,2026
2700,South West,-3.4594103206227,50.8610471777435,0.933627460208907,2026
2701,South West,-3.38838976549376,50.8619139159313,0.9879629586314592,2026
2702,South West,-3.31736579003231,50.8627374484124,0.9718995799143451,2026
2703,South West,-3.24633856890746,50.863517770399,0.8362878852506377,2026
2704,South West,-3.17530827683867,50.8642548773542,0.9240745427790298,2026
2705,South West,-3.10427508859311,50.8649487649919,0.9074089364802831,2026
2706,South West,-3.03323917898291,50.8655994292771,0.9488997866691231,2026
2707,South West,-2.96220072286248,50.866206866426,0.9869580540670122,2026
2708,South West,-2.89115989512578,50.8667710729057,0.9317941998875338,2026
2709,South West,-2.82011687070359,50.8672920454347,0.9786525060774384,2026
2710,South West,-2.74907182456085,50.8677697809828,0.9935326597616707,2026
2711,South West,-2.6780249316939,50.8682042767712,0.9923680519858125,2026
2712,South West,-2.60697636712778,50.8685955302723,0.9640273602207099,2026
2713,South West,-2.5359263059135,50.8689435392101,0.9901954553129564,2026
2714,South West,-2.46487492312534,50.8692483015602,0.9428261120512192,2026
2715,South West,-2.39382239385811,50.8695098155494,0.9785105330656266,2026
2716,South West,-2.32276889322445,50.8697280796564,0.9654600703137465,2026
2717,South West,-2.2517145963521,50.8699030926114,0.8873729549600976,2026
2718,South West,-2.18065967838118,50.8700348533961,0.9559559063581279,2026
2719,South West,-2.10960431446143,50.8701233612441,0.8013390926041003,2026
2720,South West,-2.03854867974958,50.8701686156404,0.8112630352199468,2026
2721,South West,-1.96749294940653,50.8701706163218,0.7222767348297825,2026
2722,South West,-1.89643729859468,50.8701293632767,0.8203840561324403,2026
2723,South East,-1.82538190247519,50.8700448567452,0.9373250662179516,2026
2724,South East,-1.75432693620526,50.8699170972192,0.9272310712343051,2026
2725,South East,-1.68327257493542,50.8697460854421,0.7550186577394394,2026
2726,South East,-1.61221899380677,50.869531822409,0.9212676966859397,2026
2727,South East,-1.5411663679483,50.8692743093665,0.477215223795522,2026
2728,South East,-1.47011487247416,50.8689735478131,0.43235023399704386,2026
2729,South East,-1.39906468248092,50.8686295394985,0.9703626295903431,2026
2730,South East,-1.32801597304485,50.8682422864243,0.9621402021658676,2026
2731,South East,-1.25696891921922,50.8678117908433,0.9924321447358064,2026
2732,South East,-1.18592369603157,50.86733805526,0.9963615680628192,2026
2733,South East,-1.114880478481,50.8668210824301,0.9606124292532402,2026
2734,South East,-1.04383944153544,50.8662608753607,0.9840920350789256,2026
2735,South East,-0.972800760128939,50.8656574373105,0.9700291605916134,2026
2736,South East,-0.901764609158954,50.8650107717889,0.9833659152000849,2026
2737,South East,-0.830731163483641,50.8643208825569,0.9618052608861961,2026
2738,South East,-0.759700597919136,50.8635877736265,0.9760134442378005,2026
2739,South East,-0.688673087236852,50.8628114492606,0.9719349756893311,2026
2740,South East,-0.617648806160766,50.861991913973,0.9674350679802763,2026
2741,,-0.546627929364715,50.8611291725287,0.9797275543758788,2026
2742,South East,-0.475610631469695,50.860223229943,0.9862336428680096,2026
2743,South East,-0.404597087041156,50.8592740914821,0.9736146866365067,2026
2744,South East,-0.333587470586302,50.8582817626629,0.9840968879605424,2026
2745,South East,-0.262581956551397,50.8572462492525,0.98323622955167,2026
2746,South East,-0.191580719319067,50.8561675572684,0.9838517665715902,2026
2747,South East,-0.120583933205608,50.8550456929785,0.9932587341507629,2026
2748,South East,-0.0495917724582986,50.8538806629005,0.9675323802998811,2026
2749,South East,0.0213955887472914,50.8526724738023,0.9955992381555574,2026
2750,South East,0.0923779763099809,50.8514211327018,0.9913673080883372,2026
2751,South East,0.163355216205661,50.8501266468662,0.9915657152865578,2026
2752,South East,0.234327134489973,50.8487890238127,0.983205561400278,2026
2753,South East,0.305293557300987,50.8474082713077,0.9806844085578156,2026
2754,South East,0.376254310861867,50.8459843973669,0.9956058197593074,2026
2755,South East,0.447209221483544,50.8445174102552,0.9962300001856594,2026
2817,South West,-4.52661811720746,50.8877839463408,0.3528464666373809,2026
2818,South West,-4.45560170292924,50.8893004364365,0.4893189356462272,2026
2819,South West,-4.38457923587254,50.8907737541777,0.397217621731699,2026
2820,South West,-4.31355089020894,50.8922038910011,0.5591615552974687,2026
2821,South West,-4.24251684020122,50.8935908385931,0.690247468385011,2026
2822,South West,-4.17147726020067,50.8949345888902,0.7177936296959608,2026
2823,South West,-4.1004323246444,50.8962351340787,0.9675626900411596,2026
2824,South West,-4.0293822080527,50.8974924665952,0.8155637481559146,2026
2825,South West,-3.95832708502627,50.8987065791268,0.8949127652241167,2026
2826,South West,-3.8872671302436,50.8998774646107,0.9647185486728718,2026
2827,South West,-3.81620251845824,50.9010051162351,0.8600680586806887,2026
2828,South West,-3.7451334244961,50.9020895274387,0.5714545387572724,2026
2829,South West,-3.67406002325275,50.9031306919113,0.7096275506405584,2026
2830,South West,-3.60298248969074,50.9041286035933,0.9388345999200209,2026
2831,South West,-3.53190099883685,50.9050832566768,0.98269757793836,2026
2832,South West,-3.4608157257794,50.9059946456046,0.9909312040223214,2026
2833,South West,-3.38972684566556,50.906862765071,0.9884953500785612,2026
2834,South West,-3.31863453369858,50.9076876100219,0.9767375170794973,2026
2835,South West,-3.24753896513513,50.9084691756544,0.9566342270020048,2026
2836,South West,-3.17644031528255,50.9092074574177,0.7929385908148109,2026
2837,South West,-3.10533875949615,50.9099024510122,0.6089968307790862,2026
2838,South West,-3.03423447317644,50.9105541523903,0.960994838578354,2026
2839,South West,-2.96312763176648,50.9111625577565,0.9841088545183941,2026
2840,South West,-2.89201841074908,50.9117276635668,0.9826836800226759,2026
2841,South West,-2.82090698564411,50.9122494665296,0.9937047460404163,2026
2842,South West,-2.74979353200578,50.9127279636051,0.9842858580696955,2026
2843,South West,-2.67867822541987,50.9131631520059,0.9902815650107039,2026
2844,South West,-2.60756124150103,50.9135550291965,0.9715579561808584,2026
2845,South West,-2.53644275589006,50.9139035928939,0.988113241999518,2026
2846,South West,-2.46532294425112,50.9142088410672,0.9871486589266759,2026
2847,South West,-2.39420198226904,50.9144707719379,0.9677255988577367,2026
2848,South West,-2.32308004564658,50.9146893839798,0.9627442049647933,2026
2849,South West,-2.25195731010169,50.9148646759192,0.9700083131252443,2026
2850,South West,-2.18083395136475,50.9149966467346,0.7889059370931863,2026
2851,South West,-2.10971014517586,50.9150852956572,0.8405042237822519,2026
2852,South West,-2.03858606728209,50.9151306221704,0.7367274282134477,2026
2853,South West,-1.96746189343475,50.9151326260102,0.685095454425991,2026
2854,South West,-1.89633779938665,50.9150913071649,0.6914403563010992,2026
2855,South West,-1.82521396088933,50.9150066658755,0.9676456873718212,2026
2856,South East,-1.75409055369038,50.9148787026353,0.947245295352291,2026
2857,South East,-1.68296775353066,50.91470741819,0.7650914751100953,2026
2858,South East,-1.61184573614155,50.9144928135378,0.9028587426538368,2026
2859,South East,-1.54072467724226,50.9142348899294,0.3526190450278348,2026
2860,,-1.46960475253706,50.9139336488677,0.9135418262627043,2026
2861,South East,-1.39848613771255,50.913589092108,0.982765913947018,2026
2862,South East,-1.3273690084349,50.9132012216581,0.9884525162372617,2026
2863,South East,-1.25625354034717,50.9127700397779,0.9839310884437081,2026
2864,South East,-1.18513990906654,50.9122955489796,0.9703366676242028,2026
2865,South East,-1.11402829018155,50.9117777520275,0.95324334700638,2026
2866,South East,-1.04291885924943,50.9112166519383,0.9515032087609009,2026
2867,South East,-0.971811791793326,50.9106122519804,0.9644354657927988,2026
2868,South East,-0.900707263299579,50.9099645556746,0.9722384646240633,2026
2869,South East,-0.829605449215001,50.9092735667934,0.9399490076947178,2026
2870,South East,-0.758506524944148,50.9085392893613,0.93017566009096,2026
2871,South East,-0.687410665846591,50.9077617276545,0.8447275357308729,2026
2872,South East,-0.616318047234198,50.906940886201,0.9103190257517181,2026
2873,South East,-0.545228844368409,50.9060767697804,0.9568382103563118,2026
2874,South East,-0.474143232457517,50.9051693834239,0.8528183914129954,2026
2875,South East,-0.403061386653952,50.904218732414,0.9553969763079743,2026
2876,South East,-0.331983482051565,50.9032248222846,0.986862802390006,2026
2877,South East,-0.260909693682917,50.902187658821,0.9858043496376527,2026
2878,South East,-0.189840196516567,50.9011072480594,0.9541678858007104,2026
2879,South East,-0.118775165454364,50.8999835962871,0.9445739719292559,2026
2880,South East,-0.0477147753287408,50.8988167100423,0.976058737019297,2026
2881,South East,0.0233407990999834,50.8976065961138,0.9907159924676803,2026
2882,South East,0.0943913831463076,50.8963532615414,0.9813728064165074,2026
2883,South East,0.165436802202245,50.895056713615,0.9667551869033354,2026
2884,South East,0.236476881740015,50.8937169598751,0.9704912953516235,2026
2885,South East,0.307511447314736,50.8923340081122,0.9802022284971237,2026
2886,South East,0.378540324567108,50.8909078663671,0.992057747368471,2026
2887,South East,0.449563339226103,50.8894385429303,0.9907153489525052,2026
2888,South East,0.520580317111641,50.8879260463423,0.9662859673270054,2026
2889,South East,0.591591084137266,50.8863703853929,0.9748016867846124,2026
2890,South East,0.662595466312825,50.8847715691214,0.9898710031379221,2026
2949,South West,-4.5290528430492,50.9327020184981,0.4827741924139591,2026
2950,South West,-4.45796817278271,50.9342209243026,0.48428221816603667,2026
2951,South West,-4.38687742935477,50.9356965891304,0.4291221056557519,2026
2952,South West,-4.31578078752103,50.9371290043915,0.8739253074591975,2026
2953,South West,-4.24467842212885,50.9385181617464,0.8455478271653873,2026
2954,South West,-4.17357050811463,50.9398640531065,0.9126952989413941,2026
2955,South West,-4.10245722050108,50.9411666706338,0.8426615254758026,2026
2956,South West,-4.03133873439454,50.9424260067413,0.9043393649123098,2026
2957,South West,-3.96021522498226,50.9436420540932,0.8534765743881089,2026
2958,South West,-3.8890868675297,50.9448148056049,0.9438743469106543,2026
2959,South West,-3.81795383737782,50.9459442544432,0.6642261474451676,2026
2960,South West,-3.74681630994035,50.9470303940264,0.8059595153138907,2026
2961,South West,-3.67567446070109,50.9480732180246,0.8615588621179153,2026
2962,South West,-3.60452846521117,50.9490727203594,0.6074433393544577,2026
2963,South West,-3.53337849908637,50.9500288952046,0.9631555362276922,2026
2964,South West,-3.46222473800433,50.9509417369858,0.9585834500118551,2026
2965,South West,-3.39106735770187,50.9518112403808,0.9534966934715227,2026
2966,South West,-3.31990653397225,50.9526374003196,0.9512205670025606,2026
2967,South West,-3.24874244266243,50.9534202119845,0.9846592134170774,2026
2968,South West,-3.17757525967033,50.9541596708103,0.9695599719236446,2026
2969,South West,-3.10640516094211,50.954855772484,0.8369195745649923,2026
2970,South West,-3.03523232246942,50.9555085129456,0.9638871430665195,2026
2971,South West,-2.96405692028666,50.9561178883874,0.9782120327931385,2026
2972,South West,-2.89287913046825,50.9566838952547,0.9743254671272973,2026
2973,South West,-2.82169912912586,50.9572065302453,0.9781718663949764,2026
2974,South West,-2.75051709240569,50.9576857903102,0.9863409194761745,2026
2975,South West,-2.67933319648573,50.9581216726532,0.9735967170179936,2026
2976,South West,-2.60814761757296,50.9585141747308,0.9863685029124696,2026
2977,South West,-2.53696053190068,50.9588632942529,0.9654377684525935,2026
2978,South West,-2.46577211572568,50.9591690291823,0.9804911680444767,2026
2979,South West,-2.39458254532556,50.9594313777349,0.9826705299073856,2026
2980,South West,-2.32339199699592,50.9596503383799,0.9796354406430509,2026
2981,South West,-2.25220064704765,50.9598259098393,0.9900821631713396,2026
2982,South West,-2.18100867180415,50.9599580910888,0.9380375810968133,2026
2983,South West,-2.1098162475986,50.9600468813569,0.7489211763560161,2026
2984,South West,-2.03862355077116,50.9600922801255,0.7788015106554421,2026
2985,South West,-1.96743075766629,50.9600942871297,0.8625412094958694,2026
2986,South East,-1.89623804462993,50.960052902358,0.6268097806441718,2026
2987,South East,-1.82504558800677,50.9599681260519,0.8613407920104342,2026
2988,South East,-1.75385356413751,50.9598399587063,0.9719661693581325,2026
2989,South West,-1.68266214935606,50.9596684010693,0.8935527058544359,2026
2990,South East,-1.61147151998686,50.9594534541422,0.9223806548008501,2026
2991,South East,-1.54028185234204,50.9591951191795,0.9322578615273789,2026
2992,South East,-1.46909332271874,50.9588933976889,0.9780110903183578,2026
2993,South East,-1.39790610739632,50.9585482914312,0.987296847381358,2026
2994,South East,-1.32672038263362,50.9581598024203,0.9580331416269855,2026
2995,South East,-1.25553632466618,50.9577279329233,0.9804497919750034,2026
2996,South East,-1.18435410970355,50.9572526854602,0.8978431816670979,2026
2997,South East,-1.11317391392648,50.956734062804,0.9342454321795888,2026
2998,South East,-1.04199591348422,50.9561720679807,0.9308785122586104,2026
2999,South East,-0.970820284491729,50.955566704269,0.8370211848343755,2026
3000,South East,-0.899647203026966,50.9549179752007,0.8595288720253592,2026
3001,South East,-0.828476845128129,50.9542258845599,0.931335738245066,2026
3002,South East,-0.757309386790914,50.9534904363838,0.8725654227482169,2026
3003,South East,-0.68614500396578,50.952711634962,0.810699584593024,2026
3004,South East,-0.614983872555201,50.9518894848364,0.9595828234700514,2026
3005,South East,-0.543826168410941,50.9510239908018,0.9202866044547682,2026
3006,South East,-0.472672067331307,50.9501151579048,0.9368211368467066,2026
3007,South East,-0.401521745058427,50.9491629914447,0.9253094024717751,2026
3008,South East,-0.330375377275509,50.9481674969724,0.9779428690276151,2026
3009,South East,-0.259233139604122,50.9471286802914,0.9948025585108545,2026
3010,South East,-0.188095207601466,50.9460465474565,0.9604065495879286,2026
3011,South East,-0.116961756757646,50.9449211047749,0.9688705136850484,2026
3012,South East,-0.0458329624929572,50.943752358805,0.9795918397225349,2026
3013,South East,0.025290999844837,50.9425403163568,0.948513350757593,2026
3014,South East,0.0964099549832189,50.941284984492,0.9327441942052429,2026
3015,South East,0.167523727727629,50.9399863705233,0.962229983151181,2026
3016,South East,0.238632142964174,50.9386444820146,0.9754737358824895,2026
3017,South East,0.309735025662332,50.9372593267809,0.9873561019413014,2026
3018,South East,0.38083220087766,50.9358309128877,0.9747782528346206,2026
3019,South East,0.451923493754486,50.9343592486517,0.9926137597073155,2026
3020,South East,0.523008729528609,50.9328443426396,0.9838915300543495,2026
3021,South East,0.594087733529991,50.9312862036688,0.9787483496260143,2026
3022,South East,0.665160331185442,50.9296848408068,0.9965871726529151,2026
3023,South East,0.736226348021313,50.928040263371,0.9992652068259645,2026
3025,South East,0.878337941853452,50.9246215032972,0.9129699161306147,2026
3026,South East,0.949383170424199,50.9228473405425,0.9940603616827199,2026
3082,South West,-4.46034071581565,50.9791409846384,0.19732317870205882,2026
3083,South West,-4.38918152126038,50.980619001055,0.34940347489121687,2026
3084,South West,-4.31801640840869,50.982053699125,0.6101029121842602,2026
3085,South West,-4.24684555269522,50.983445070483,0.9765735230587594,2026
3086,South West,-4.17566912964418,50.984793107015,0.9666434558769543,2026
3087,South West,-4.10448731486657,50.9860978008586,0.5955102812182206,2026
3088,South West,-4.03330028405751,50.9873591444032,0.8193998289263297,2026
3089,South West,-3.96210821299349,50.9885771302901,0.9565708970521848,2026
3090,South West,-3.89091127752965,50.9897517514125,0.797000381610163,2026
3091,South West,-3.81970965359707,50.990883000916,0.8520870248962152,2026
3092,South West,-3.74850351720003,50.9919708721984,0.846260514370616,2026
3093,South West,-3.67729304441326,50.9930153589098,0.7489015211912382,2026
3094,South West,-3.60607841137924,50.994016454953,0.8308152311959798,2026
3095,South West,-3.53485979430543,50.9949741544836,0.9571066455378664,2026
3096,South West,-3.46363736946154,50.9958884519098,0.901157589729999,2026
3097,South West,-3.39241131317677,50.9967593418928,0.9011471742863734,2026
3098,South West,-3.32118180183712,50.9975868193466,0.9864151726134723,2026
3099,South West,-3.24994901188256,50.9983708794387,0.9904032387328776,2026
3100,South West,-3.17871311980433,50.9991115175893,0.9872758884545794,2026
3101,South West,-3.1074743021422,50.9998087294724,0.9913670521365582,2026
3102,South West,-3.03623273548168,51.0004625110149,0.992259401070781,2026
3103,South West,-2.96498859645128,51.0010728583974,0.9906652761633247,2026
3104,South West,-2.89374206171973,51.001639768054,0.9896511719801683,2026
3105,South West,-2.82249330799328,51.0021632366724,0.9909996142766584,2026
3106,South West,-2.75124251201286,51.0026432611938,0.9911412495137445,2026
3107,South West,-2.67998985055139,51.0030798388132,0.9903618756670106,2026
3108,South West,-2.60873550041097,51.0034729669796,0.982659990676034,2026
3109,South West,-2.53747963842012,51.0038226433953,0.9881103341053203,2026
3110,South West,-2.46622244143104,51.004128866017,0.9582727551039131,2026
3111,South West,-2.39496408631682,51.0043916330549,0.9877413111738415,2026
3112,South West,-2.32370474996867,51.0046109429733,0.9817192581805402,2026
3113,South West,-2.25244460929318,51.0047867944905,0.9783175068198309,2026
3114,South West,-2.18118384120951,51.0049191865788,0.8342122094115983,2026
3115,South West,-2.10992262264666,51.0050081184643,0.8279544011841826,2026
3116,South West,-2.03866113054067,51.0050535896273,0.45347471995827415,2026
3117,South West,-1.96739954183188,51.0050555998021,0.7075510695894062,2026
3118,South West,-1.89613803346213,51.0050141489772,0.6542269898437134,2026
3119,South West,-1.82487678237199,51.0049292373947,0.7281274772764489,2026
3120,South West,-1.75361596549803,51.0048008655512,0.773215592750441,2026
3121,South West,-1.68235575977001,51.0046290341971,0.8192040771162477,2026
3122,South West,-1.61109634210811,51.0044137443368,0.9641035616515363,2026
3123,South East,-1.53983788942019,51.0041549972287,0.9668128766566586,2026
3124,South East,-1.46858057859899,51.0038527943852,0.9791263063719978,2026
3125,South East,-1.39732458651939,51.0035071375728,0.9760107184214654,2026
3126,South East,-1.32607009003561,51.0031180288115,0.9847778800993461,2026
3127,South East,-1.25481726597849,51.0026854703755,0.9264103766979379,2026
3128,South East,-1.18356629115266,51.0022094647927,0.819851378793178,2026
3129,South East,-1.11231734233383,51.0016900148448,0.8525309242071627,2026
3130,South East,-1.04107059626601,51.0011271235672,0.9260186871225646,2026
3131,South East,-0.969826229658736,51.0005207942489,0.920059315407994,2026
3132,South East,-0.898584419184318,50.9998710304327,0.9009812549268289,2026
3133,South East,-0.82734534147508,50.9991778359145,0.8358753133024556,2026
3134,South East,-0.756109173120605,50.9984412147442,0.85610334834363,2026
3135,South East,-0.684876090664972,50.9976611712246,0.7905660730518679,2026
3136,South East,-0.613646270604006,50.9968377099122,0.8099570933451717,2026
3137,South East,-0.542419889382524,50.9959708356163,0.9079007356938853,2026
3138,South East,-0.471197123391582,50.9950605533995,0.9726285176584744,2026
3139,South East,-0.399978148965734,50.9941068685776,0.985392652382426,2026
3140,South East,-0.328763142380277,50.993109786719,0.97933239649392,2026
3141,South East,-0.257552279848513,50.9920693136449,0.9598455033874812,2026
3142,South East,-0.186345737519004,50.9909854554295,0.9239327547931369,2026
3143,South East,-0.115143691472835,50.9898582183994,0.9701248762416668,2026
3144,South East,-0.0439463177208772,50.9886876091334,0.9377064019334008,2026
3145,South East,0.027246207798943,50.9874736344631,0.9647007394771545,2026
3146,South East,0.0984337092243812,50.9862163014719,0.957796411722225,2026
3147,South East,0.169616010771594,50.9849156174955,0.9508590389819754,2026
3148,South East,0.24079293673787,50.9835715901212,0.9597729556885384,2026
3149,South East,0.311964311504348,50.9821842271885,0.9565219813587426,2026
3150,South East,0.383129959538738,50.9807535367882,0.9629250992040782,2026
3151,South East,0.45428970539803,50.9792795272627,0.9678954770712348,2026
3152,South East,0.525443373731211,50.9777622072056,0.9682662358455996,2026
3153,South East,0.59659078928197,50.9762015854616,0.9845791830711679,2026
3154,South East,0.667731776891402,50.9745976711266,0.9970866852644961,2026
3155,South East,0.738866161500706,50.972950473547,0.9987218131502072,2026
3156,South East,0.809993768153885,50.97126000232,0.9921793952449666,2026
3157,South East,0.881114422000434,50.9695262672931,0.9973027473387873,2026
3158,South East,0.952227948298031,50.9677492785642,0.99535645224414,2026
3217,South West,-4.24901825061596,51.0283715646909,0.9677030410087449,2026
3218,South West,-4.17777314291664,51.0297217505182,0.9892939405391145,2026
3219,South West,-4.10652262527943,51.0310285246699,0.9462713146467319,2026
3220,South West,-4.03526687399091,51.0322918795114,0.976895086442699,2026
3221,South West,-3.96400606541955,51.033511807661,0.9551190100616014,2026
3222,South West,-3.89274037601291,51.03468830199,0.8948188603387466,2026
3223,South West,-3.82146998229492,51.0358213556222,0.9553220030862427,2026
3224,South West,-3.75019506086312,51.036910961935,0.8632128456134377,2026
3225,South West,-3.67891578838595,51.0379571145586,0.47210037270609956,2026
3226,South West,-3.60763234159992,51.0389598073768,0.36125292918058527,2026
3227,South West,-3.53634489730695,51.0399190345268,0.8465612723860922,2026
3228,South West,-3.46505363237154,51.0408347903995,0.7488816509316323,2026
3229,South West,-3.39375872371806,51.0417070696391,0.6543966897434803,2026
3230,South West,-3.32246034832793,51.0425358671442,0.9842493983096119,2026
3231,South West,-3.25115868323693,51.0433211780667,0.9790908244513475,2026
3232,South West,-3.17985390553239,51.0440629978128,0.9931968488892227,2026
3233,South West,-3.1085461923504,51.0447613220427,0.9964443617144414,2026
3234,South West,-3.03723572087309,51.0454161466708,0.9958169856720964,2026
3235,South West,-2.96592266832584,51.0460274678656,0.9920073079986437,2026
3236,South West,-2.89460721197449,51.0465952820502,0.9913928004769118,2026
3237,South West,-2.82328952912257,51.0471195859017,0.9972923236271781,2026
3238,South West,-2.75196979710856,51.047600376352,0.9866599155184367,2026
3239,South West,-2.68064819330304,51.0480376505872,0.9853807323768708,2026
3240,South West,-2.60932489510598,51.0484314060482,0.9756775520039255,2026
3241,South West,-2.53800007994393,51.0487816404303,0.9934722992183965,2026
3242,South West,-2.46667392526723,51.0490883516837,0.9269305257249165,2026
3243,South West,-2.39534660854724,51.049351538013,0.9579843139679648,2026
3244,South West,-2.32401830727356,51.0495711978779,0.9684352544341142,2026
3245,South West,-2.25268919895122,51.0497473299924,0.9735226219505941,2026
3246,South West,-2.18135946109794,51.0498799333256,0.9625504879492429,2026
3247,South West,-2.1100292712413,51.0499690071014,0.9264967848427876,2026
3248,South West,-2.03869880691599,51.0500145507983,0.6763718693282679,2026
3249,South West,-1.96736824566099,51.0500165641499,0.7546393137540801,2026
3250,South West,-1.89603776501681,51.0499750471445,0.8060575573388409,2026
3251,South West,-1.82470754252269,51.0498900000251,0.9741642776497853,2026
3252,South West,-1.75337775571383,51.0497614232897,0.9671428154921153,2026
3253,South West,-1.68204858211859,51.0495893176912,0.8159368393459293,2026
3254,South East,-1.61072019925569,51.0493736842371,0.972699479609588,2026
3255,South East,-1.53939278463147,51.0491145241897,0.9792478453294995,2026
3256,South East,-1.46806651573705,51.0488118390663,0.9579984349204828,2026
3257,South East,-1.39674157004559,51.0484656306386,0.9605963803023426,2026
3258,South East,-1.32541812500948,51.0480759009331,0.9541016706414034,2026
3259,South East,-1.25409635805758,51.0476426522312,0.7574290247502911,2026
3260,South East,-1.18277644659239,51.0471658870687,0.5262444983508843,2026
3261,South East,-1.11145856798736,51.0466456082358,0.8246786531947139,2026
3262,South East,-1.040142899584,51.0460818187776,0.8905482910299392,2026
3263,South East,-0.968829618689179,51.0454745219933,0.7741290800424693,2026
3264,South East,-0.897518902572334,51.0448237214367,0.8537341510204727,2026
3265,South East,-0.826210928462671,51.0441294209159,0.8269548529142073,2026
3266,South East,-0.754905873546411,51.0433916244931,0.8660450133970795,2026
3267,South East,-0.68360391496401,51.0426103364847,0.8881957641468894,2026
3268,South East,-0.612305229807395,51.0417855614614,0.8605518459076779,2026
3269,South East,-0.541009995117187,51.0409173042477,0.9006765779810265,2026
3270,South East,-0.469718387879943,51.0400055699219,0.9646211181194244,2026
3271,South East,-0.398430585025385,51.0390503638164,0.9806346277115424,2026
3272,South East,-0.327146763423645,51.038051691517,0.9634397264630722,2026
3273,South East,-0.255867099882497,51.0370095588632,0.9082476846846946,2026
3274,South East,-0.184591771144608,51.0359239719481,0.972815712832045,2026
3275,South East,-0.113320953884776,51.0347949371181,0.9589702545158486,2026
3276,South East,-0.042054824707185,51.0336224609726,0.9533207818652751,2026
3277,South East,0.0292064398573494,51.0324065503644,0.9284381261072293,2026
3278,South East,0.100462663354124,51.0311472123991,0.9054134597167304,2026
3279,South East,0.171713669407292,51.0298444544354,0.7992994949932859,2026
3280,South East,0.242959281722599,51.0284982840843,0.7260636179476755,2026
3281,South East,0.314199324090128,51.0271087092097,0.9491721377140968,2026
3282,South East,0.385433620387025,51.0256757379277,0.9290908609572767,2026
3283,South East,0.456661994580234,51.0241993786066,0.9666325555144731,2026
3284,South East,0.527884270729222,51.022679639867,0.9646085060467127,2026
3285,South East,0.599100272988701,51.0211165305812,0.9906784072983604,2026
3286,South East,0.670309825611347,51.0195100598734,0.987915681711922,2026
3287,South East,0.741512752950518,51.0178602371193,0.9916182686776721,2026
3288,South East,0.812708879462964,51.0161670719458,0.9839732723849108,2026
3289,South East,0.88389802971153,51.0144305742314,0.9903244184024573,2026
3290,South East,0.955080028367868,51.0126507541052,0.9948569189006136,2026
3350,,-4.17988256614343,51.074649983519,0.9907749750331275,2026
3351,South West,-4.10856316935955,51.0759588419844,0.9708139951403613,2026
3352,South West,-4.03723852122268,51.0772242119963,0.9889886947223335,2026
3353,South West,-3.96590879869598,51.0784460861498,0.904838994406178,2026
3354,South West,-3.89457417882217,51.0796244572937,0.48318814223526496,2026
3355,South West,-3.82323483872077,51.0807593185306,0.44127183926319447,2026
3356,South West,-3.75189095558536,51.0818506632169,0.40821981586405975,2026
3357,South West,-3.68054270668079,51.082898484963,0.3643137521913577,2026
3358,South West,-3.60919026934041,51.0839027776336,0.1338068840872835,2026
3359,South West,-3.53783382096333,51.0848635353476,0.4000143288688225,2026
3360,South West,-3.46647353901161,51.0857807524781,0.2783467304551619,2026
3361,South West,-3.39510960100751,51.0866544236529,0.11012571528176678,2026
3362,South West,-3.3237421845307,51.0874845437542,0.8066461155302753,2026
3363,South West,-3.2523714672155,51.088271107919,0.9533965194121025,2026
3364,South West,-3.18099762674808,51.0890141115391,0.9716609198158048,2026
3365,South West,-3.10962084086365,51.089713550261,0.9785239617863747,2026
3366,South West,-3.03824128734374,51.0903694199865,0.9940183785981243,2026
3367,South West,-2.96685914401335,51.090981716872,0.9895813043640038,2026
3368,South West,-2.8954745887382,51.0915504373292,0.9943219192947086,2026
3369,South West,-2.82408779942192,51.0920755780251,0.983651105538267,2026
3370,South West,-2.75269895400325,51.0925571358818,0.9932575312138163,2026
3371,South West,-2.68130823045327,51.0929951080767,0.9973692547828066,2026
3372,South West,-2.60991580677259,51.0933894920427,0.9959832188038684,2026
3373,South West,-2.53852186098854,51.0937402854678,0.9887522455353355,2026
3374,South West,-2.46712657115241,51.0940474862957,0.9920702478108393,2026
3375,South West,-2.39573011533661,51.0943110927255,0.9603240043414325,2026
3376,South West,-2.3243326716319,51.094531103212,0.91153468856968,2026
3377,South West,-2.25293441814456,51.0947075164653,0.9367295371201557,2026
3378,South West,-2.18153553299363,51.0948403314511,0.3782332863059169,2026
3379,South West,-2.11013619430807,51.094929547391,0.7482202526447598,2026
3380,South West,-2.03873658022399,51.0949751637619,0.736958622957052,2026
3381,South West,-1.96733686888182,51.0949771802964,0.9238183215347734,2026
3382,South West,-1.89593723842352,51.0949355969828,0.9510199512952223,2026
3383,South West,-1.82453786698978,51.094850414065,0.9876102910926099,2026
3384,South West,-1.75313893271722,51.0947216320424,0.6127054842452083,2026
3385,South West,-1.68174061373557,51.0945492516704,0.8581815791605296,2026
3386,South East,-1.61034308816491,51.0943332739595,0.9519612652007478,2026
3387,South East,-1.5389465341128,51.0940737001761,0.9257656762338944,2026
3388,South East,-1.46755112967156,51.0937705318421,0.9600622295002689,2026
3389,South East,-1.39615705291539,51.0934237707349,0.9550606693512176,2026
3390,South East,-1.32476448189765,51.0930334188874,0.87401668272638,2026
3391,South East,-1.25337359464799,51.092599478588,0.6630702644796271,2026
3392,South East,-1.18198456916959,51.0921219523803,0.6283051416277166,2026
3393,South East,-1.11059758343636,51.0916008430636,0.6441409818501866,2026
3394,South East,-1.03921281539014,51.0910361536923,0.8147247554678025,2026
3395,South East,-0.967830442937903,51.090427887576,0.7120662982228545,2026
3396,South East,-0.896450643948973,51.0897760482796,0.8420455817198309,2026
3397,South East,-0.825073596252216,51.0890806396232,0.8536387555863111,2026
3398,South East,-0.753699477633265,51.0883416656816,0.9153138788149162,2026
3399,South East,-0.682328465831724,51.0875591307848,0.6472321954166,2026
3400,South East,-0.610960738538388,51.0867330395179,0.8938924059203488,2026
3401,South East,-0.539596473392453,51.0858633967202,0.8766124446116194,2026
3402,South East,-0.468235847978736,51.0849502074862,0.9681120524329354,2026
3403,South East,-0.396879039824894,51.0839934771649,0.9691332467350495,2026
3404,South East,-0.325526226398649,51.0829932113595,0.9864361094875195,2026
3405,South East,-0.254177585105008,51.0819494159279,0.8954405449398042,2026
3406,South East,-0.182833293283493,51.0808620969822,0.9663601350073501,2026
3407,South East,-0.111493528205372,51.0797312608886,0.9636907398821893,2026
3408,South East,-0.0401584670708868,51.0785569142673,0.9281077710975327,2026
3409,South East,0.0311717129935083,51.0773390639924,0.9043729498190688,2026
3410,South East,0.102496834937911,51.0760777171918,0.7163458010070092,2026
3411,South East,0.173816721791727,51.0747728812471,0.8211231502078777,2026
3412,South East,0.245131196666426,51.0734245637933,0.91593026854973,2026
3413,South East,0.3164400827583,51.0720327727187,0.816709054081281,2026
3414,South East,0.387743203351202,51.0705975161647,0.842088825081171,2026
3415,South East,0.459040381819302,51.0691188025261,0.9253964587532569,2026
3416,South East,0.530331441629824,51.0675966404502,0.9219871155316679,2026
3417,South East,0.601616206345783,51.066031038837,0.9734999773205426,2026
3418,South East,0.672894499628725,51.0644220068393,0.9832019258373371,2026
3419,South East,0.744166145241452,51.0627695538619,0.982231056968713,2026
3420,South East,0.815430967050754,51.0610736895621,0.9835614458515183,2026
3421,South East,0.886688789030124,51.0593344238489,0.984316748551733,2026
3422,South East,0.957939435262489,51.0575517668833,0.9961343838485894,2026
3423,South East,1.02918272994291,51.0557257290778,0.99805504419503,2026
3482,South West,-4.18199741762055,51.1195778059196,0.9904932031904027,2026
3483,South West,-4.11060896480872,51.120888752719,0.9860306504065474,2026
3484,South West,-4.0392152428599,51.1221561417885,0.9131503943882607,2026
3485,South West,-3.96781642933469,51.1233799657002,0.8011541401253333,2026
3486,South West,-3.89641270187373,51.1245602172804,0.30795822473616824,2026
3487,South West,-3.82500423819491,51.1256968896101,0.05335325709970444,2026
3488,South West,-3.75359121609059,51.126789976025,0.09991435603471976,2026
3489,South West,-3.68217381342482,51.1278394701155,0.1673769448663559,2026
3490,South West,-3.61075220813054,51.1288453657269,0.09611768723227876,2026
3491,South West,-3.53932657820682,51.1298076569597,0.3520712438646382,2026
3492,South West,-3.46789710171608,51.1307263381695,0.6296055064271386,2026
3493,South West,-3.39646395678124,51.1316014039672,0.8105607790504133,2026
3494,South West,-3.325027321583,51.1324328492189,0.9782359894375222,2026
3495,South West,-3.25358737435698,51.1332206690465,0.9778740700124385,2026
3496,South West,-3.18214429339099,51.1339648588273,0.989856315091346,2026
3497,South West,-3.11069825702216,51.1346654141941,0.9909190187975758,2026
3498,South West,-3.03924944363419,51.1353223310358,0.9745230124373486,2026
3499,South West,-2.9677980316545,51.1359356054969,0.9938231690088436,2026
3500,South West,-2.89634419955148,51.1365052339779,0.9896486493050733,2026
3501,South West,-2.82488812583162,51.1370312131351,0.9887119001783082,2026
3502,South West,-2.75342998903678,51.1375135398811,0.9958845749565836,2026
3503,South West,-2.68196996774128,51.1379522113845,0.9945201620869886,2026
3504,South West,-2.61050824054918,51.1383472250699,0.9911660822733789,2026
3505,South West,-2.53904498609141,51.1386985786183,0.991008281097966,2026
3506,South West,-2.46758038302297,51.1390062699669,0.9784384409271223,2026
3507,South West,-2.39611461002016,51.1392702973093,0.9522696975373136,2026
3508,South West,-2.32464784577766,51.139490659095,0.693502809308886,2026
3509,South West,-2.25318026900584,51.1396673540305,0.6078120875674684,2026
3510,South West,-2.18171205842785,51.1398003810781,0.5945577339123439,2026
3511,South West,-2.11024339277682,51.1398897394569,0.4381955583106103,2026
3512,South West,-2.03877445079308,51.1399354286422,0.8422511114054959,2026
3513,South West,-1.96730541122133,51.1399374483658,0.8891140144942534,2026
3514,South West,-1.89583645280776,51.1398957986159,0.8114232997722557,2026
3515,South West,-1.82436775429733,51.1398104796372,0.9265246944847879,2026
3516,South West,-1.75289949443087,51.1396814919307,0.8615230173932911,2026
3517,South West,-1.68143185194231,51.1395088362541,0.8988158313175891,2026
3518,South East,-1.60996500555584,51.1392925136211,0.9354307513635062,2026
3519,South East,-1.5384991339831,51.1390325253022,0.9382381079312664,2026
3520,South East,-1.46703441592035,51.1387288728238,0.9611659597961791,2026
3521,South East,-1.3955710300457,51.1383815579691,0.8700398813617665,2026
3522,South East,-1.32410915501621,51.1379905827773,0.8382973238927109,2026
3523,South East,-1.25264896946515,51.1375559495439,0.9175937280981998,2026
3524,South East,-1.18119065199917,51.1370776608206,0.7684153268107157,2026
3525,South East,-1.10973438119546,51.1365557194155,0.6945586368889479,2026
3526,South East,-1.03828033559896,51.1359901283924,0.7193043313462556,2026
3527,South East,-0.966828693719536,51.1353808910715,0.7795886465666646,2026
3528,South East,-0.895379634029198,51.1347280110287,0.8564220329336026,2026
3529,South East,-0.823933334959265,51.1340314920961,0.9503367618058155,2026
3530,South East,-0.752489974897566,51.1332913383614,0.9130499794838004,2026
3531,South East,-0.681049732185643,51.1325075541682,0.7846206390477299,2026
3532,South East,-0.609612785115941,51.1316801441156,0.9204101571803999,2026
3533,South East,-0.538179311929012,51.1308091130585,0.8883619091503704,2026
3534,South East,-0.466749490810715,51.1298944661072,0.8679000697339903,2026
3535,South East,-0.395323499889418,51.1289362086273,0.9527743652526388,2026
3536,South East,-0.323901517233212,51.1279343462399,0.9523049484927871,2026
3537,South East,-0.252483720847107,51.126888884821,0.91910554013037,2026
3538,South East,-0.181070288670254,51.1257998305019,0.9888393808440675,2026
3539,South East,-0.109661398573154,51.1246671896688,0.8289015556615669,2026
3540,South East,-0.0382572283548735,51.1234909689625,0.6807100876066836,2026
3541,South East,0.0331420442597323,51.1222711752788,0.7150238607138597,2026
3542,South East,0.104536241622803,51.1210078157679,0.7551742589352742,2026
3543,South East,0.17592518616624,51.1197008978344,0.7697187296651573,2026
3544,South East,0.247308700404487,51.1183504291372,0.8175584614241377,2026
3545,South East,0.318686606937293,51.1169564175893,0.8636641958416134,2026
3546,South East,0.390058728452475,51.1155188713578,0.9146131050613583,2026
3547,South East,0.461424887728685,51.1140377988635,0.9417388384918939,2026
3548,South East,0.532784907638166,51.1125132087808,0.8791504814234624,2026
3549,South East,0.604138611149504,51.1109451100377,0.9016888868379198,2026
3550,South East,0.675485821330378,51.1093335118154,0.9661933941575657,2026
3551,South East,0.746826361350312,51.1076784235483,0.9884307600288084,2026
3552,South East,0.818160054483412,51.1059798549238,0.9823561781436335,2026
3553,South East,0.889486724111103,51.104237815882,0.9885937029084939,2026
3554,South East,0.960806193724868,51.1024523166154,0.9892293989484721,2026
3555,South East,1.03211828692898,51.1006233675692,0.9868040132675584,2026
3556,South East,1.1034228274432,51.0987509794406,0.9945359018958092,2026
3557,South East,1.17471963910556,51.0968351631787,0.9944617423917107,2026
3614,South West,-4.18411771572907,51.1645052176224,0.8856316195076416,2026
3615,South West,-4.11266002941103,51.1658182567902,0.4809978589656136,2026
3616,South West,-4.04119705608918,51.1670876688184,0.2369755687618859,2026
3617,South West,-3.96972897392437,51.168313446256,0.22549238591939816,2026
3618,South West,-3.89825596115793,51.1694955819068,0.24599159975960916,2026
3619,South West,-3.82677819610889,51.17063406883,0.0428811539529201,2026
3620,South West,-3.75529585717116,51.1717289003404,0.03855068184915227,2026
3621,South West,-3.68380912281079,51.1727800700084,0.07443347063953934,2026
3622,South West,-3.61231817156309,51.17378757166,0.41813162448843866,2026
3623,South West,-3.54082318202989,51.1747513993772,0.9352194526821472,2026
3624,South West,-3.46932433287673,51.1756715474977,0.995200272492486,2026
3625,South West,-3.39782180283001,51.1765480106157,0.9955641996782353,2026
3626,South West,-3.32631577067424,51.1773807835812,0.9930242063325029,2026
3627,South West,-3.25480641524917,51.1781698615007,0.9887137015938892,2026
3628,South West,-3.18329391544702,51.1789152397369,0.9953135954652109,2026
3629,South West,-3.11177845020965,51.1796169139092,0.9889692622386693,2026
3630,South West,-3.04026019852572,51.1802748798933,0.9945534443694837,2026
3631,South West,-2.9687393394279,51.1808891338218,0.9934104264205873,2026
3632,South West,-2.89721605199004,51.1814596720836,0.9800566696316243,2026
3633,South West,-2.82569051532433,51.1819864913249,0.99519600450912,2026
3634,South West,-2.75416290857851,51.1824695884484,0.997320652983882,2026
3635,South West,-2.68263341093299,51.1829089606137,0.9925106712447108,2026
3636,South West,-2.61110220159807,51.1833046052375,0.9831521873671654,2026
3637,South West,-2.53956945981111,51.1836565199935,0.9619771424640704,2026
3638,South West,-2.46803536483366,51.1839647028124,0.9335606756257911,2026
3639,South West,-2.39650009594865,51.184229151882,0.9356727750226503,2026
3640,South West,-2.32496383245759,51.1844498656472,0.9833759236209451,2026
3641,South West,-2.25342675367767,51.1846268428101,0.7375832983527608,2026
3642,South West,-2.181889038939,51.1847600823301,0.7576375961023301,2026
3643,South West,-2.11035086758172,51.1848495834235,0.9760250991069872,2026
3644,South West,-2.0388124189532,51.1848953455642,0.8652062938410028,2026
3645,South West,-1.96727387240518,51.1848973684831,0.9099979713000876,2026
3646,South West,-1.89573540729096,51.1848556521684,0.9673403587764539,2026
3647,South West,-1.82419720296253,51.1847701968654,0.9652618555330826,2026
3648,South West,-1.75265943876779,51.1846410030769,0.9641689363024926,2026
3649,South West,-1.68112229404767,51.1844680715627,0.9122404379381904,2026
3650,South East,-1.6095859481333,51.18425140334,0.9078462449117586,2026
3651,South East,-1.5380505803432,51.183990999683,0.9339682705516495,2026
3652,South East,-1.46651636998042,51.1836868621232,0.9777158020842448,2026
3653,South East,-1.39498349632973,51.1833389924491,0.9334985594942683,2026
3654,South East,-1.32345213865477,51.1829473927064,0.7721438025807551,2026
3655,South East,-1.25192247619524,51.1825120651979,0.6367400662638766,2026
3656,South East,-1.18039468816403,51.1820330124834,0.7109309732381337,2026
3657,South East,-1.10886895374444,51.1815102373795,0.7412642313550795,2026
3658,South East,-1.03734545208732,51.1809437429598,0.8246298432068826,2026
3659,South East,-0.965824362308254,51.1803335325549,0.7186630687529775,2026
3660,South East,-0.894305863484737,51.179679609752,0.9327286849292439,2026
3661,South East,-0.822790134653342,51.1789819783951,0.9801442798481034,2026
3662,South East,-0.751277354806902,51.1782406425848,0.9154901734304621,2026
3663,South East,-0.679767702891698,51.1774556066783,0.9611380879519854,2026
3664,South East,-0.608261357804625,51.1766268752892,0.9472833617215789,2026
3665,South East,-0.536758498390391,51.1757544532876,0.9438501782489811,2026
3666,South East,-0.465259303438692,51.1748383457998,0.8283453784350875,2026
3667,South East,-0.393763951681404,51.1738785582083,0.9208058097478484,2026
3668,South East,-0.322272621789771,51.1728750961517,0.9720602446174911,2026
3669,South East,-0.250785492371602,51.1718279655247,0.9577696459187943,2026
3670,South East,-0.17930274196846,51.1707371724775,0.9858274843577315,2026
3671,South East,-0.107824549052863,51.1696027234165,0.9681005993473172,2026
3672,South East,-0.0363510920254862,51.1684246250034,0.9548414913750854,2026
3673,South East,0.035117450787641,51.1672028841554,0.8796522083040178,2026
3674,South East,0.106580901137922,51.1659375080453,0.8395619780130704,2026
3675,South East,0.178039080856988,51.1646285041009,0.8204399570991171,2026
3676,South East,0.249491811859482,51.163275880005,0.8912922832464233,2026
3677,South East,0.320938916145847,51.1618796436955,0.9163230209909121,2026
3678,South East,0.392380215805103,51.160439803365,0.866955387223433,2026
3679,South East,0.463815533017627,51.1589563674607,0.8355949221876752,2026
3680,South East,0.535244690057925,51.1574293446842,0.9414581864497682,2026
3681,South East,0.606667509297403,51.1558587439915,0.9324788116870311,2026
3682,South East,0.678083813207133,51.1542445745925,0.9479340459575177,2026
3683,South East,0.749493424360612,51.1525868459512,0.9926722506117288,2026
3684,South East,0.820896165436525,51.1508855677852,0.9892479747888113,2026
3685,South East,0.892291859221494,51.1491407500657,0.9946759978421609,2026
3686,South East,0.963680328612834,51.1473524030173,0.9905845702328907,2026
3687,South East,1.03506139662129,51.1455205371178,0.9919519518780393,2026
3688,South East,1.10643488637378,51.1436451630977,0.9382189911324437,2026
3689,South East,1.17780062111614,51.1417262919405,0.9898644321489584,2026
3690,South East,1.24915842421585,51.139763934882,0.9927451219854024,2026
3691,South East,1.32050811916474,51.1377581034107,0.9863973633573573,2026
3747,South West,-4.11471638103336,51.2107473541144,0.7507358944565322,2026
3748,,-4.04318397817718,51.2120187930164,0.8335487526342169,2026
3749,South West,-3.97164644913099,51.213246527761,0.482415930794205,2026
3750,South West,-3.90010397273959,51.2144305511295,0.20430134531409294,2026
3751,South West,-3.82855672792595,51.2155708561594,0.2537218509220022,2026
3752,South West,-3.75700489368834,51.2166674361444,0.5060688836503885,2026
3753,South West,-3.68544864909758,51.2177202846346,0.28349083702548766,2026
3754,,-3.61388817329417,51.2187293954369,0.976564031374869,2026
3755,South West,-3.54232364548551,51.2196947626144,0.9912908868138227,2026
3763,South West,-2.96968307555029,51.2258423019282,0.9948078718638131,2026
3764,South West,-2.89809015366494,51.2264137517345,0.9883385701087516,2026
3765,South West,-2.82649497490519,51.2269414126883,0.9875707315195438,2026
3766,South West,-2.75489771902751,51.2274252816827,0.9940064675192735,2026
3767,South West,-2.68329856582121,51.2278653558683,0.9910587977337788,2026
3768,South West,-2.61169769510568,51.2282616326539,0.9012610353787028,2026
3769,South West,-2.54009528672751,51.2286141097056,0.9432752758888042,2026
3770,South West,-2.46849152055764,51.2289227849477,0.8269724560712607,2026
3771,South West,-2.39688657648849,51.2291876565623,0.9584845651274131,2026
3772,South West,-2.32528063443118,51.2294087229894,0.9801682209624147,2026
3773,South West,-2.25367387431262,51.2295859829271,0.988497900555754,2026
3774,South West,-2.18206647607268,51.2297194353314,0.9118407191011314,2026
3775,South West,-2.11045861966133,51.2298090794163,0.7384305394465214,2026
3776,South West,-2.03885048503581,51.2298549146539,0.8322069587265892,2026
3777,South West,-1.96724225215778,51.2298569407743,0.8368449090352958,2026
3778,South West,-1.89563410099043,51.2298151577657,0.9578619033753338,2026
3779,South West,-1.82402621149567,51.2297295658741,0.9420592947971649,2026
3780,South West,-1.75241876363127,51.229600165604,0.9221226564899387,2026
3781,South West,-1.68081193734799,51.2294269577175,0.8055723159532581,2026
3782,South East,-1.60920591258675,51.2292099432349,0.8844733173045024,2026
3783,South East,-1.53760086927577,51.2289491234346,0.9212553059198318,2026
3784,South East,-1.46599698732773,51.2286444998528,0.9248692678598075,2026
3785,South East,-1.39439444663691,51.2282960742837,0.8905336800102958,2026
3786,South East,-1.32279342707633,51.2279038487794,0.7903147769358437,2026
3787,South East,-1.25119410849495,51.2274678256498,0.8082096042910816,2026
3788,South East,-1.17959667071476,51.2269880074629,0.6506682845219002,2026
3789,South East,-1.10800129352798,51.2264643970441,0.7065732626606035,2026
3790,South East,-1.03640815669421,51.2258969974768,0.8918365628654816,2026
3791,South East,-0.964817439937556,51.2252858121019,0.9366233386709274,2026
3792,South East,-0.893229322943828,51.2246308445179,0.9504367049299088,2026
3793,South East,-0.821643985357679,51.2239320985809,0.8991275171853595,2026
3794,South East,-0.750061606779767,51.2231895784044,0.9843747381576065,2026
3795,South East,-0.678482366763925,51.2224032883593,0.9850832123193067,2026
3796,South East,-0.606906444814322,51.2215732330736,0.9615534559699435,2026
3797,South East,-0.535334020382632,51.2206994174329,0.9781055321371778,2026
3798,South East,-0.463765272865201,51.2197818465794,0.9721527718891294,2026
3799,South East,-0.39220038160022,51.2188205259126,0.9652926089482184,2026
3800,South East,-0.320639525864902,51.2178154610888,0.9713515078748415,2026
3801,South East,-0.249082884872651,51.2167666580211,0.985611371789644,2026
3802,South East,-0.177530637770249,51.2156741228793,0.9953727381071676,2026
3803,South East,-0.10598296363503,51.2145378620896,0.9488320083075032,2026
3804,South East,-0.0344400414720718,51.2133578823348,0.9754420085765859,2026
3805,South East,0.0370979497886234,51.2121341905538,0.9476488338231048,2026
3806,South East,0.108630831294937,51.2108667939418,0.9500594750860031,2026
3807,South East,0.180158424275436,51.2095556999499,0.946429594110786,2026
3808,South East,0.251680550042185,51.2082009162852,0.9847602125796874,2026
3809,South East,0.323197029993537,51.2068024509104,0.9213901477383921,2026
3810,South East,0.394707685616939,51.2053603120438,0.9767900261620398,2026
3811,South East,0.466212338491718,51.2038745081591,0.9888305065924073,2026
3812,South East,0.537710810291875,51.2023450479851,0.967576797997496,2026
3813,South East,0.60920292278887,51.200771940506,0.9511639567351112,2026
3814,South East,0.680688497854401,51.1991551949605,0.9877862847387796,2026
3815,South East,0.752167357463185,51.1974948208423,0.9943560277574955,2026
3816,South East,0.823639323695733,51.1957908278995,0.9939699707549803,2026
3817,South East,0.895104218741113,51.1940432261344,0.9854201656400244,2026
3818,South East,0.966561864899723,51.1922520258038,0.9898820701938889,2026
3819,South East,1.03801208458605,51.1904172374182,0.9517576058264977,2026
3820,South East,1.10945470033142,51.1885388717418,0.9667582406116603,2026
3821,South East,1.18088953478675,51.1866169397924,0.9667465915298471,2026
3822,South East,1.25231641072532,51.1846514528411,0.9571151896936683,2026
3823,South East,1.32373515104547,51.1826424224122,0.9240167657248628,2026
3824,South East,1.39514557877337,51.1805898602827,0.9880663433163362,2026
3895,South West,-2.97062924827677,51.2707951098988,0.9915265857878452,2026
3896,South West,-2.89896651222275,51.2713674730193,0.9850963482429265,2026
3897,South West,-2.82730151161206,51.27189597732,0.9545148294163389,2026
3898,South West,-2.75563442681272,51.272380619684,0.9901814801926506,2026
3899,South West,-2.6839654382258,51.2728213972533,0.7952887468381686,2026
3900,South West,-2.61229472628262,51.2732183074281,0.8422971063695137,2026
3901,South West,-2.54062247144185,51.2735713478676,0.9757468467376436,2026
3902,South West,-2.46894885418664,51.2738805164892,0.9915973978570367,2026
3903,South West,-2.3972740550218,51.2741458114695,0.9572601843433407,2026
3904,South West,-2.32559825447088,51.2743672312435,0.9850955223431752,2026
3905,South West,-2.25392163307334,51.2745447745052,0.9914552541341289,2026
3906,South West,-2.18224437138168,51.2746784402074,0.9909482827093303,2026
3907,South West,-2.11056664995856,51.2747682275615,0.8984122536762885,2026
3908,South West,-2.03888864937394,51.2748141360381,0.9482130200528572,2026
3909,South West,-1.96721055020223,51.2748161653662,0.899448100236303,2026
3910,South West,-1.89553253301939,51.2747743155341,0.7948576760902555,2026
3911,South West,-1.82385477840007,51.2746885867888,0.9393342893746458,2026
3912,South West,-1.75217746691477,51.274558979636,0.8472756305131337,2026
3913,South West,-1.68050077912695,51.2743854948404,0.8378623791130048,2026
3914,South West,-1.60882489559016,51.2741681334255,0.8059608678186776,2026
3915,South East,-1.53714999684517,51.2739068966737,0.5262483559946567,2026
3916,South East,-1.46547626341713,51.273601786126,0.6316988497190349,2026
3917,South East,-1.39380387581268,51.2732528035824,0.7322680076445007,2026
3918,South East,-1.32213301451709,51.2728599511012,0.7484016599387838,2026
3919,South East,-1.25046385999139,51.2724232309999,0.8738039445183435,2026
3920,South East,-1.17879659266955,51.2719426458543,0.8493517551966325,2026
3921,South East,-1.10713139295553,51.2714181984988,0.8944702040956527,2026
3922,South East,-1.03546844122053,51.2708498920265,0.937638981537791,2026
3923,South East,-0.96380791780002,51.2702377297888,0.9824817943803021,2026
3924,South East,-0.89215000299097,51.2695817153956,0.9737548080096519,2026
3925,South East,-0.820494877048947,51.268881852715,0.9825956091193911,2026
3926,South East,-0.748842720185272,51.2681381458735,0.9679355444448892,2026
3927,South East,-0.677193712564166,51.2673505992558,0.9822132018259805,2026
3928,South East,-0.605548034299902,51.2665192175044,0.9749354940347111,2026
3929,South East,-0.533905865453951,51.2656440055202,0.9817795487541028,2026
3930,South East,-0.462267386032138,51.2647249684617,0.972399228019328,2026
3931,South East,-0.390632775981799,51.2637621117454,0.9700513046868142,2026
3932,South East,-0.319002215188931,51.2627554410452,0.9462238917347862,2026
3933,South East,-0.247375883475363,51.261704962293,0.9883963681503756,2026
3934,South East,-0.17575396059591,51.2606106816779,0.9931660741393398,2026
3935,South East,-0.104136626235539,51.2594726056463,0.9970860716404315,2026
3936,South East,-0.0325240600065416,51.2582907409019,0.9803265468139544,2026
3937,South East,0.0390835585542967,51.2570650944056,0.9777847127854595,2026
3938,South East,0.110686049988526,51.2557956733751,0.9328498002860343,2026
3939,South East,0.18228323491885,51.254482485285,0.9396800030867731,2026
3940,South East,0.253874934051949,51.2531255378665,0.9479804671360846,2026
3941,South East,0.325460968181296,51.2517248391073,0.972383058813161,2026
3942,South East,0.397041158189966,51.2502803972516,0.9930812745454475,2026
3943,South East,0.46861532505345,51.2487922207996,0.982643775193325,2026
3944,South East,0.540183289842458,51.2472603185077,0.9895489736168886,2026
3945,South East,0.611744873725719,51.2456846993881,0.990815326995916,2026
3946,South East,0.683299897972782,51.2440653727087,0.9809112379407874,2026
3947,South East,0.754848183956812,51.2424023479928,0.9345856614721902,2026
3948,South East,0.826389553157371,51.2406956350191,0.9662263355471067,2026
3949,South East,0.897923827163211,51.2389452438215,0.9833110316866275,2026
3950,South East,0.969450827675053,51.2371511846887,0.9946767162469695,2026
3951,South East,1.04097037650836,51.2353134681643,0.9966681364866532,2026
3952,South East,1.11248229559613,51.2334321050461,0.9854825082428763,2026
3953,South East,1.18398640699161,51.2315071063867,0.9823007033047725,2026
3954,South East,1.25548253287113,51.2295384834924,0.9500312652374175,2026
3955,South East,1.32697049553681,51.2275262479235,0.984376491609522,2026
3956,South East,1.39845011741933,51.225470411494,0.9647535704582128,2026
4027,South West,-2.971577865901,51.3157475578166,0.9867169363444489,2026
4028,South West,-2.89984513534579,51.3163208360275,0.9786079111505033,2026
4029,South West,-2.82811013251569,51.3168501853152,0.9876742036566445,2026
4030,South West,-2.75637303839313,51.3173356025531,0.9100243488352631,2026
4031,South West,-2.68463403399382,51.3177770848741,0.9834797254667076,2026
4032,South West,-2.61289330036386,51.3181746296703,0.9868624508932303,2026
4033,South West,-2.54115101857686,51.3185282345933,0.9913897736370815,2026
4034,South West,-2.46940736973107,51.3188378975542,0.9932595897450318,2026
4035,South West,-2.3976625349465,51.3191036167238,0.9809315727426409,2026
4036,South West,-2.32591669536204,51.3193253905321,0.993178298238142,2026
4037,South West,-2.25417003213256,51.3195032176691,0.9946875971594279,2026
4038,South West,-2.18242272642606,51.3196370970841,0.9952831587772988,2026
4039,South West,-2.11067495942074,51.3197270279862,0.9808442919214374,2026
4040,South West,-2.03892691230216,51.3197730098442,0.9185964096894612,2026
4041,South West,-1.96717876626035,51.3197750423864,0.9476520803813204,2026
4042,South West,-1.89543070248688,51.3197331256009,0.9791982760587373,2026
4043,South West,-1.82368290217205,51.3196472597355,0.9861067179996147,2026
4044,South West,-1.75193554650195,51.3195174452975,0.9585993794176516,2026
4045,South West,-1.68018881665557,51.3193436830542,0.6791263873032315,2026
4046,South West,-1.60844289380198,51.3191259740322,0.4820156478160713,2026
4047,South West,-1.53669795909737,51.3188643195178,0.4528639651073005,2026
4048,South East,-1.46495419368223,51.3185587210571,0.472572737067893,2026
4049,South East,-1.39321177867841,51.3182091804555,0.5153219088363162,2026
4050,South East,-1.3214708951863,51.3178156997781,0.6550138518189335,2026
4051,South East,-1.24973172428189,51.3173782813494,0.6594586263540587,2026
4052,South East,-1.17799444701393,51.3168969277534,0.8996087609587756,2026
4053,South East,-1.10625924440105,51.3163716418336,0.9187361953281878,2026
4054,South East,-1.03452629742885,51.3158024266927,0.9456252039936338,2026
4055,South East,-0.962795787047071,51.3151892856927,0.9834226266593624,2026
4056,South East,-0.891067894166671,51.3145322224548,0.9897707431402131,2026
4057,South East,-0.819342799656992,51.3138312408594,0.988757364827246,2026
4058,South East,-0.747620684342869,51.3130863450459,0.9967001477752284,2026
4059,South East,-0.675901729001767,51.3122975394128,0.9929457041617231,2026
4060,South East,-0.604186114360909,51.3114648286174,0.9641646802406421,2026
4061,South East,-0.532474021094412,51.3105882175758,0.935258363367885,2026
4062,South East,-0.460765629820424,51.3096677114628,0.675445390834849,2026
4063,South East,-0.389061121098265,51.308703315712,0.8314820604656065,2026
4064,South East,-0.317360675425564,51.3076950360153,0.988060416958939,2026
4065,South East,-0.245664473235405,51.306642878323,0.9747195341815884,2026
4066,South East,-0.173972694893472,51.3055468488438,0.9938663572326005,2026
4067,London,-0.102285520695199,51.3044069540444,0.9968032475838602,2026
4068,South East,-0.030603130862923,51.3032232006497,0.9832323118571352,2026
4069,South East,0.0410742944569653,51.3019955956423,0.9527113141244632,2026
4070,South East,0.112746575196862,51.3007241462627,0.9804064390029656,2026
4071,South East,0.184413531370785,51.299408860009,0.9874267442007205,2026
4072,South East,0.256074983077219,51.2980497446368,0.9560780536202921,2026
4073,South East,0.327730750501938,51.2966468081588,0.9692828921434035,2026
4074,South East,0.399380653920841,51.2952000588452,0.9941061946025771,2026
4075,South East,0.471024513702773,51.2937095052228,0.9959810357759975,2026
4076,South East,0.542662150312353,51.2921751560757,0.9831107954676084,2026
4077,South East,0.614293384312783,51.2905970204443,0.985075747489279,2026
4078,South East,0.685918036368669,51.2889751076257,0.9609493543685147,2026
4079,South East,0.757535927248829,51.287309427173,0.9839616229779676,2026
4080,South East,0.829146877829097,51.2855999888958,0.9821159335439259,2026
4081,South East,0.900750709095125,51.2838468028593,0.9841650442266067,2026
4082,South East,0.972347242145181,51.2820498793847,0.9951109767309513,2026
4083,South East,1.04393629819294,51.2802092290486,0.9921586482524358,2026
4084,South East,1.11551769857028,51.2783248626827,0.9490334241838008,2026
4085,South East,1.18709126473004,51.2763967913743,0.8682042679839717,2026
4086,South East,1.25865681824884,51.2744250264652,0.833323300565262,2026
4087,South East,1.33021418082982,51.272409579552,0.9556192327932967,2026
4160,South West,-2.9007260307523,51.3612738408492,0.9925759849698976,2026
4161,South West,-2.82892084471989,51.36180403677,0.9814519981851774,2026
4162,South West,-2.75711356025796,51.3622902303913,0.9928529836790978,2026
4163,South West,-2.68530435899969,51.362732418837,0.9812264918091868,2026
4164,South West,-2.61349342260887,51.3631305994909,0.989347373419883,2026
4165,South West,-2.54168093277692,51.3634847699974,0.9940723462033976,2026
4166,South West,-2.46986707122007,51.3637949282609,0.995251205824183,2026
4167,South West,-2.39805201967642,51.3640610724462,0.9963876476762078,2026
4168,South West,-2.32623595990308,51.3642832009788,0.9931648958459438,2026
4169,South West,-2.25441907367321,51.3644613125442,0.9904406114183736,2026
4170,South West,-2.18260154277318,51.3645954060885,0.984200013552633,2026
4171,South West,-2.11078354899964,51.3646854808183,0.9946992766523406,2026
4172,South West,-2.03896527415661,51.3647315362007,0.9732645949989768,2026
4173,South West,-1.96714690005264,51.3647335719632,0.8818944479981073,2026
4174,South West,-1.8953286084978,51.3646915880939,0.9385426925994603,2026
4175,South West,-1.82351058130091,51.3646055848413,0.839891300133416,2026
4176,South West,-1.75169300026651,51.3644755627144,0.7833035361973294,2026
4177,South West,-1.67987604719207,51.3643015224827,0.6813122160602015,2026
4178,South West,-1.60805990386501,51.3640834651762,0.5656537323773432,2026
4179,South West,-1.53624475205984,51.3638213920853,0.5356443970012389,2026
4180,South East,-1.46443077353526,51.3635153047609,0.6088373714449189,2026
4181,South East,-1.39261815003125,51.3631652050141,0.7761081437008951,2026
4182,South East,-1.32080706326614,51.3627710949165,0.90737725613369,2026
4183,South East,-1.2489976949338,51.3623329768,0.9335530746044891,2026
4184,South East,-1.17719022670065,51.3618508532568,0.9635855782087834,2026
4185,South East,-1.10538484020282,51.3613247271392,0.9916150011624125,2026
4186,South East,-1.03358171704324,51.3607546015597,0.9701685521315989,2026
4187,South East,-0.961781038788744,51.360140479891,0.9866795285036217,2026
4188,South East,-0.889982986967189,51.3594823657658,0.9940745924038469,2026
4189,South East,-0.818187743064554,51.3587802630765,0.9971901739656654,2026
4190,South East,-0.746395488522058,51.3580341759758,0.9583947929228339,2026
4191,South East,-0.674606404733273,51.3572441088758,0.9884327348577264,2026
4192,South East,-0.602820673041239,51.3564100664487,0.9826418278465369,2026
4193,South East,-0.531038474735583,51.3555320536261,0.9843165769312,2026
4194,South East,-0.45925999104964,51.3546100755991,0.7368697018448346,2026
4195,South East,-0.38748540315757,51.3536441378183,0.9882087959568134,2026
4196,London,-0.31571489217149,51.3526342459935,0.988441349847933,2026
4197,South East,-0.243948639138593,51.351580406094,0.9925618062679443,2026
4198,London,-0.172186825038287,51.3504826243479,0.9947638017922117,2026
4199,London,-0.100429630779317,51.3493409072423,0.9978316953863333,2026
4200,London,-0.0286772371969099,51.3481552615233,0.9962294387929254,2026
4201,London,0.0430701749500934,51.3469256941955,0.9925476801430896,2026
4202,London,0.114812424982095,51.3456522125222,0.9808753329955798,2026
4203,South East,0.186549332301596,51.3443348240251,0.9673634499430898,2026
4204,South East,0.258280716396046,51.3429735364841,0.9330191668441762,2026
4205,South East,0.330006396840696,51.3415683579374,0.9419213325245542,2026
4206,South East,0.401726193301441,51.340119296681,0.990643589626414,2026
4207,South East,0.473439925537661,51.3386263612688,0.9917606407085496,2026
4208,South East,0.545147413405064,51.3370895605122,0.9902783788127376,2026
4209,South East,0.616848476858512,51.3355089034803,0.9936279632262129,2026
4210,South East,0.688542935954857,51.3338843994993,0.9883603942418272,2026
4211,South East,0.760230610855767,51.3322160581524,0.9703561542158251,2026
4212,South East,0.831911321830543,51.3305038892801,0.9943572913810569,2026
4213,South East,0.903584889258943,51.3287479029793,0.9930187296099205,2026
4214,South East,0.975251133633988,51.3269481096035,0.9970397152894237,2026
4215,South East,1.04690987556478,51.3251045197625,0.9835984084383174,2026
4216,South East,1.11856093577929,51.3232171443223,0.9359633303480007,2026
4217,South East,1.19020413512717,51.3212859944049,0.6839608708621338,2026
4218,South East,1.26183929458256,51.3193110813876,0.6481299435242492,2026
4219,South East,1.33346623524684,51.3172924169035,0.9409937164917753,2026
4284,Wales,-3.47651595329543,51.4003919495632,0.9464134770363775,2026
4285,Wales,-3.40466380374011,51.4012754400824,0.9939210446236156,2026
4286,Wales,-3.33280809201203,51.4021148903876,0.9909902121464264,2026
4287,Wales,-3.26094900001413,51.4029102955075,0.9867994612835697,2026
4288,Wales,-3.18908670970332,51.4036616507315,0.9925221843235997,2026
4292,,-2.90160920619669,51.4062264875753,0.9856812172252937,2026
4293,South West,-2.82973365536177,51.406757531781,0.9928906422859621,2026
4294,South West,-2.7578559989268,51.4072445033007,0.9867769002617454,2026
4295,South West,-2.68597641914535,51.407687399249,0.9842426117721409,2026
4296,South West,-2.61409509830174,51.4080862170016,0.9883168071556946,2026
4297,South West,-2.54221221870815,51.4084409541953,0.995437828851358,2026
4298,South West,-2.47032796270167,51.408751608728,0.9958624515584935,2026
4299,South West,-2.39844251264139,51.4090181787587,0.9872673853706945,2026
4300,South West,-2.32655605090552,51.4092406627078,0.9955639277752505,2026
4301,South West,-2.25466875988842,51.4094190592567,0.9797998061736735,2026
4302,South West,-2.18278082199775,51.4095533673483,0.9543039929421088,2026
4303,South West,-2.11089241965148,51.4096435861866,0.97717841813084,2026
4304,South West,-2.03900373527502,51.409689715237,0.9623643636413008,2026
4305,South West,-1.96711495129831,51.4096917542262,0.9097780713525451,2026
4306,South West,-1.89522625015285,51.4096497031421,0.7400095594752372,2026
4307,South West,-1.82333781426885,51.4095635622342,0.8101196458690064,2026
4308,South West,-1.75144982607224,51.4094333320129,0.4941644935685001,2026
4309,South West,-1.67956246798183,51.4092590132504,0.9153192027646767,2026
4310,South West,-1.60767592240632,51.4090406069797,0.6642747876449829,2026
4311,South East,-1.53579037174144,51.4087781144954,0.8026912136207822,2026
4312,South East,-1.46390599836698,51.4084715373532,0.9605794074498931,2026
4313,South East,-1.39202298464393,51.4081208773701,0.9790594054840567,2026
4314,South East,-1.32014151291152,51.4077261366241,0.989343476555841,2026
4315,South East,-1.24826176548434,51.4072873174545,0.9901955614366039,2026
4316,South East,-1.1763839246494,51.4068044224616,0.9877004837166471,2026
4317,South East,-1.10450817266323,51.4062774545069,0.9900264117973184,2026
4318,South East,-1.03263469174896,51.4057064167126,0.9835515745236936,2026
4319,South East,-0.960763664093439,51.4050913124621,0.9921624750490301,2026
4320,South East,-0.888895271844283,51.4044321453994,0.9937252132760015,2026
4321,South East,-0.817029697107006,51.4037289194295,0.9945327432130231,2026
4322,South East,-0.745167121942097,51.4029816387179,0.9957174915338122,2026
4323,South East,-0.673307728362121,51.4021903076909,0.9939946327109221,2026
4324,South East,-0.601451698328818,51.4013549310353,0.9932482705757028,2026
4325,South East,-0.529599213750206,51.4004755136982,0.9822490360727051,2026
4326,South East,-0.457750456477679,51.3995520608872,0.985701769343536,2026
4327,South East,-0.385905608303118,51.3985845780701,0.9924976828658315,2026
4328,London,-0.314064850955998,51.3975730709747,0.9846898901881374,2026
4329,London,-0.242228366100495,51.3965175455891,0.9913178887852765,2026
4330,London,-0.170396335332604,51.3954180081611,0.9963237814855574,2026
4331,London,-0.0985689401772492,51.3942744651982,0.977392103971819,2026
4332,London,-0.0267463620854073,51.3930869234678,0.9961378180471566,2026
4333,London,0.0450712175687715,51.3918553899966,0.996829818444639,2026
4334,London,0.11688361749084,51.3905798720708,0.9953223180520664,2026
4335,South East,0.188690656468928,51.3892603772358,0.9960762765591948,2026
4336,South East,0.260492153376604,51.3878969132962,0.9788834230289707,2026
4337,South East,0.33228792717575,51.3864894883153,0.9967476471804085,2026
4338,South East,0.404077796919415,51.3850381106153,0.997644258369308,2026
4339,South East,0.475861581754676,51.383542788777,0.9962618544078233,2026
4340,South East,0.547639100925496,51.3820035316398,0.9936957270685205,2026
4341,South East,0.619410173775566,51.3804203483012,0.9902233265887986,2026
4342,South East,0.691174619751161,51.3787932481167,0.9873869642638877,2026
4344,South East,0.834682909393958,51.375407335922,0.9936004422777834,2026
4345,South East,0.90642639249216,51.3736485439119,0.9915550728437436,2026
4348,South East,1.12161203387232,51.3681089496345,0.9212465893353393,2026
4349,South East,1.19332504543465,51.3661747151265,0.7959792911837427,2026
4350,South East,1.26502998972569,51.364196647886,0.7428838796380248,2026
4351,South East,1.33672668724228,51.3621747595825,0.8858088400669253,2026
4352,South East,1.40841495861209,51.3601090621415,0.9018320197820192,2026
4415,Wales,-3.54988431838874,51.4444058916255,0.9659153787347536,2026
4416,Wales,-3.47796545867751,51.4453349012408,0.921997214418876,2026
4417,Wales,-3.40604284214446,51.4462198054685,0.9156534531791145,2026
4418,Wales,-3.33411665125657,51.4470605990606,0.9717052425008489,2026
4419,Wales,-3.26218706853801,51.4478572770303,0.9581709987956216,2026
4420,Wales,-3.19025427656727,51.4486098346521,0.9851577491205276,2026
4425,South West,-2.8305485716119,51.4517106704457,0.9873444005701688,2026
4426,South West,-2.75860036094983,51.4521984213841,0.9830253975089047,2026
4427,South West,-2.68665022036039,51.452642026218,0.9888218206299318,2026
4428,South West,-2.61469833275137,51.4530414823145,0.9941630239914829,2026
4429,South West,-2.54274488105857,51.4533967873032,0.9641261412855867,2026
4430,South West,-2.47079004824288,51.4537079390752,0.9850134205476913,2026
4431,South West,-2.39883401728731,51.4539749357837,0.987552499528506,2026
4432,South West,-2.32687697119406,51.4541977758442,0.95557728876553,2026
4433,South West,-2.25491909298163,51.4543764579338,0.916379009920418,2026
4434,South West,-2.18296056568185,51.4545109809922,0.8440458994978908,2026
4435,South West,-2.11100157233697,51.4546013442207,0.987230504376996,2026
4436,South West,-2.03904229599668,51.4546475470832,0.9960206805438191,2026
4437,South West,-1.96708291971524,51.4546495893053,0.9907800260583349,2026
4438,South West,-1.89512362654849,51.4546074708752,0.8047252253005994,2026
4439,South West,-1.82316459955096,51.4545211920428,0.683430344445676,2026
4440,South West,-1.75120602177289,51.4543907533205,0.5293133220214988,2026
4441,South West,-1.67924807625732,51.4542161554825,0.5154994089627082,2026
4442,South West,-1.60729094603718,51.4539973995655,0.7456640735655704,2026
4443,South West,-1.53533481413229,51.453734486868,0.7664978624061577,2026
4444,South East,-1.4633798635465,51.4534274189506,0.7472506501894208,2026
4445,South East,-1.39142627726472,51.4530761976361,0.9341041516143186,2026
4446,South East,-1.31947423824996,51.452680825009,0.8814795240181488,2026
4447,South East,-1.24752392944046,51.452241303416,0.970134900399101,2026
4448,South East,-1.17557553374672,51.4517576354658,0.9908002017923554,2026
4449,South East,-1.1036292340486,51.4512298240288,0.9951752729840442,2026
4450,South East,-1.03168521319234,51.450657872237,0.9969852759662315,2026
4451,South East,-0.959743653987685,51.4500417834846,0.997545287873844,2026
4452,South East,-0.887804739204947,51.4493815614271,0.9978195430838757,2026
4453,South East,-0.815868651572069,51.4486772099819,0.9932734482222093,2026
4454,South East,-0.743935573771712,51.4479287333276,0.9961014552926625,2026
4455,South East,-0.672005688438336,51.4471361359045,0.9952119067772178,2026
4456,South East,-0.600079178155279,51.4462994224141,0.9943272500308293,2026
4457,South East,-0.528156225451845,51.4454185978194,0.9623107026151289,2026
4458,London,-0.456237012800386,51.4444936673443,0.9901786166160689,2026
4459,London,-0.384321722613393,51.4435246364738,0.9967795163926311,2026
4460,London,-0.312410537240589,51.4425115109539,0.8587307235127698,2026
4461,London,-0.24050363896602,51.4414542967916,0.9715167142695487,2026
4462,London,-0.168601210005151,51.4403530002543,0.8804071150506781,2026
4463,London,-0.0967034325019684,51.4392076278703,0.9888458164216595,2026
4464,London,-0.0248104885260774,51.4380181864282,0.9928567950898527,2026
4465,London,0.0470774399301874,51.436784682977,0.9865975430381974,2026
4466,London,0.11896017095466,51.4355071248258,0.9899704859681805,2026
4467,South East,0.190837522718227,51.4341855195439,0.9960781131379451,2026
4468,South East,0.262709313477714,51.4328198749604,0.9912092918309025,2026
4469,South East,0.334575361578767,51.4314101991641,0.9743590070819836,2026
4470,South East,0.406435485458736,51.4299565005036,0.997779856090788,2026
4471,South East,0.478289503649539,51.4284587875867,0.9958876719651595,2026
4472,South East,0.550137234780544,51.4269170692805,0.9751762926817726,2026
4475,South East,0.765640893630253,51.4220279745832,0.9936538117365712,2026
4476,South East,0.837461664864857,51.4203103285704,0.9958504113544147,2026
4545,Wales,-3.69537516866082,51.4873534814168,0.9023779445559827,2026
4546,Wales,-3.62339376076508,51.4883723130675,0.8988241544005877,2026
4547,Wales,-3.55140821718712,51.4893469801029,0.9082552133412043,2026
4548,Wales,-3.47941872089387,51.4902774767348,0.8885128870693485,2026
4549,Wales,-3.40742545491566,51.4911637974367,0.8653412316568514,2026
4550,Wales,-3.33542860234329,51.492005936944,0.916055243482999,2026
4551,Wales,-3.26342834632511,51.4928038902541,0.9165915519645398,2026
4552,Wales,-3.19142487006409,51.4935576526266,0.9674516100037209,2026
4553,Wales,-3.11941835681492,51.494267219583,0.9831822791809213,2026
4559,South West,-2.68732576860227,51.4975962998524,0.9813037452699631,2026
4560,South West,-2.61530313129156,51.4979963955427,0.9957586582046322,2026
4561,South West,-2.54327892453822,51.4983522694381,0.9346115390471731,2026
4562,South West,-2.47125333192983,51.498663919423,0.9901332789986065,2026
4563,South West,-2.39922653707626,51.4989313436449,0.984393478741744,2026
4564,South West,-2.32719872360667,51.499154540514,0.6813375497092664,2026
4565,South West,-2.2551700751666,51.4993335087035,0.7720770318929985,2026
4566,South West,-2.18314077541501,51.4994682471496,0.8858813146848394,2026
4567,South West,-2.11111100802133,51.4995587550511,0.9707476733307024,2026
4568,South West,-2.03908095666249,51.4996050318702,0.9945380597330284,2026
4569,South West,-1.96705080502,51.4996070773317,0.99446659448294,2026
4570,South West,-1.89502073677697,51.4995648914236,0.9801918839882972,2026
4571,South West,-1.82299093561518,51.4994784743968,0.6195657644652816,2026
4572,South West,-1.75096158521212,51.4993478267651,0.599460339343964,2026
4573,South West,-1.67893286923801,51.4991729493054,0.5867801273454403,2026
4574,South West,-1.60690497135291,51.4989538430574,0.4479830578402156,2026
4575,South East,-1.53487807520372,51.4986905093239,0.6059202216865552,2026
4576,South East,-1.46285236442123,51.4983829496704,0.8722649537719371,2026
4577,South East,-1.39082802261719,51.4980311659254,0.6871743177943791,2026
4578,South East,-1.31880523338137,51.4976351601802,0.9228384950420152,2026
4579,South East,-1.24678418027858,51.4971949347888,0.8685215435100375,2026
4580,South East,-1.17476504684573,51.496710492368,0.8555243481820334,2026
4581,South East,-1.10274801658892,51.4961818357975,0.9877537438682774,2026
4582,South East,-1.03073327298045,51.4956089682192,0.9934912743758473,2026
4583,South East,-0.958720999455893,51.494991893038,0.9967948365219751,2026
4584,South East,-0.886711379411155,51.494330613921,0.9979578269198811,2026
4585,South East,-0.814704596199542,51.4936251347979,0.9951116606394733,2026
4586,South East,-0.742700833128806,51.4928754598606,0.9984560190708505,2026
4587,South East,-0.670700273458218,51.4920815935635,0.9983129266763379,2026
4588,South East,-0.598703100395634,51.4912435406229,0.9971329939231411,2026
4589,South East,-0.526709497094553,51.4903613060174,0.9961136121852681,2026
4590,London,-0.454719646651199,51.4894348949876,0.9968171537454075,2026
4591,London,-0.382733732101581,51.4884643130358,0.9929284263388214,2026
4592,London,-0.310751936418578,51.4874495659263,0.9895250215686912,2026
4593,London,-0.238774442509006,51.4863906596848,0.9893207589249227,2026
4594,London,-0.166801433210707,51.4852876005988,0.9866209821331993,2026
4595,London,-0.0948330912896198,51.4841403952171,0.8834024627088486,2026
4596,London,-0.0228695994368791,51.4829490503498,0.9610453750850619,2026
4597,London,0.0490888597341078,51.4817135730681,0.9968792621930014,2026
4598,London,0.121042103690564,51.4804339707043,0.9951061439825254,2026
4599,London,0.192989949983251,51.4791102508516,0.9952601387973762,2026
4600,East,0.264932216249366,51.4777424213638,0.9889389216104828,2026
4601,East,0.336868720215447,51.4763304903554,0.9847575487935908,2026
4602,East,0.408799279700263,51.4748744662012,0.9755084961364059,2026
4603,South East,0.480723712617706,51.4733743575362,0.987173765726691,2026
4604,South East,0.552641836979681,51.4718301732557,0.993834529611683,2026
4605,South East,0.624553470898983,51.4702419225147,0.9804689979187857,2026
4606,South East,0.696458432592184,51.4686096147278,0.99649988501428,2026
4677,Wales,-3.69704461813695,51.5322909989937,0.9542198271453924,2026
4678,Wales,-3.62499241835452,51.533311461882,0.9717338056178537,2026
4679,Wales,-3.55293606871379,51.5342876895104,0.9575155786835258,2026
4680,Wales,-3.48087575280773,51.5352196760725,0.9706198876646476,2026
4681,Wales,-3.40881165429307,51.5361074160242,0.9625219891239025,2026
4682,Wales,-3.33674395688739,51.5369509040843,0.9250043554076233,2026
4683,Wales,-3.26467284436614,51.5377501352344,0.9230683319618996,2026
4684,Wales,-3.19259850055971,51.5385051047189,0.9784671412526967,2026
4685,Wales,-3.12052110935049,51.5392158080453,0.9412753472950971,2026
4686,Wales,-3.0484408546699,51.5398822409842,0.9878818076678718,2026
4692,South West,-2.61590949928119,51.5429509567999,0.9904604774511514,2026
4693,South West,-2.54381435387924,51.5433074007177,0.9692503104475215,2026
4694,South West,-2.47171781786783,51.5436195498926,0.9153168521797328,2026
4695,South West,-2.39962007548661,51.5438874024663,0.9682005149942363,2026
4696,South West,-2.32752131099467,51.544110956844,0.8209357392233814,2026
4697,South West,-2.25542170866752,51.5442902116946,0.765290227291108,2026
4698,South West,-2.18332145279422,51.5444251659508,0.6434544302517341,2026
4699,South West,-2.11122072767432,51.5445158188092,0.947552547155804,2026
4700,South West,-2.03911971761494,51.5445621697299,0.994437659782971,2026
4701,South West,-1.96701860692781,51.5445642184372,0.994760862363196,2026
4702,South West,-1.89491757992624,51.5445219649188,0.9911210372215485,2026
4703,South West,-1.82281682092224,51.5444354094264,0.9950552547807842,2026
4704,South West,-1.75071651422346,51.5443045524757,0.9928187742802649,2026
4705,South West,-1.6786168441303,51.5441293948458,0.859657780527507,2026
4706,South East,-1.60651799493287,51.5439099375798,0.6601650415324314,2026
4707,South East,-1.53442015090809,51.5436461819846,0.7175522573771926,2026
4708,South East,-1.46232349631666,51.5433381296306,0.5868291502958192,2026
4709,South East,-1.39022821540015,51.5429857823523,0.6490879563750437,2026
4710,South East,-1.31813449237797,51.5425891422473,0.7529656532748157,2026
4711,South East,-1.24604251144449,51.5421482116774,0.8674822505163158,2026
4712,South East,-1.17395245676597,51.5416629932676,0.9844116802121579,2026
4713,South East,-1.1018645124777,51.5411334899065,0.9732083258002844,2026
4714,South East,-1.02977886268096,51.5405597047463,0.9837755156358327,2026
4715,South East,-0.957695691440112,51.5399416412024,0.9964288342213461,2026
4716,South East,-0.885615182779598,51.5392793029536,0.9988965434046687,2026
4717,South East,-0.813537520681018,51.5385726939422,0.9987568664017321,2026
4718,South East,-0.741462889080156,51.5378218183732,0.9988150619615093,2026
4719,South East,-0.66939147186403,51.5370266807152,0.9987136101922112,2026
4720,South East,-0.597323452867941,51.5361872856995,0.9990744326132799,2026
4721,South East,-0.525259015872519,51.5353036383204,0.9969135369203608,2026
4722,London,-0.453198344600784,51.534375743835,0.9973357851545136,2026
4723,London,-0.381141622715193,51.5334036077631,0.9978490283571209,2026
4724,London,-0.309089033814699,51.5323872358873,0.9981975768185016,2026
4725,London,-0.237040761431813,51.5313266342524,0.9966321420739956,2026
4726,London,-0.164996989029667,51.5302218091658,0.9846267809830824,2026
4727,London,-0.0929578999990745,51.5290727671969,0.8956211206302487,2026
4728,London,-0.0209236776556038,51.5278795151774,0.9668550638933284,2026
4729,London,0.0511054947633519,51.526642060201,0.8592477398500169,2026
4730,London,0.123129434101502,51.5253604096232,0.9933554627432862,2026
4731,London,0.195147957286577,51.5240345710611,0.9953846296518226,2026
4732,East,0.267160881333253,51.5226645523934,0.9013680811797422,2026
4733,East,0.33916802334606,51.5212503617602,0.9596111889057545,2026
4734,East,0.411169200522299,51.5197920075629,0.8282717751000088,2026
4735,East,0.483164230154946,51.5182894984639,0.9833599827038295,2026
4736,East,0.55515292963556,51.5167428433863,0.9906567273225102,2026
4801,Wales,-4.27553181181267,51.5674571209364,0.959061643943547,2026
4802,Wales,-4.20344857274372,51.5688334253351,0.9802263479719261,2026
4803,Wales,-4.13135969846158,51.5701654797591,0.9584753843399297,2026
4804,Wales,-4.05926537256882,51.5714532762808,0.9490322432323189,2026
4805,,-3.98716577875573,51.5726968072346,0.9408853036595981,2026
4808,Wales,-3.77083722795154,51.5761617339737,0.9751848021899517,2026
4809,Wales,-3.69871840101163,51.5772281312545,0.6178276520896959,2026
4810,Wales,-3.62659522581579,51.5782502285811,0.8416468463784423,2026
4811,Wales,-3.55446788651884,51.5792280198649,0.16132414473981124,2026
4812,Wales,-3.48233656734275,51.5801614992812,0.17026491031847413,2026
4813,Wales,-3.4102014525736,51.5810506612684,0.6939340252820226,2026
4814,Wales,-3.33806272655868,51.5818955005285,0.7457482459549388,2026
4815,Wales,-3.26592057370349,51.5826960120271,0.904848379590398,2026
4816,Wales,-3.19377517846878,51.5834521909935,0.860993683661117,2026
4817,Wales,-3.12162672536763,51.5841640329212,0.8742454351829266,2026
4818,Wales,-3.04947539896239,51.584831533567,0.9624793036287277,2026
4819,Wales,-2.97732138386181,51.5854546889523,0.9935890241809934,2026
4820,Wales,-2.905164864718,51.5860334953623,0.9968742266964542,2026
4821,Wales,-2.83300602622348,51.5865679493463,0.9927575377654223,2026
4822,Wales,-2.76084505310819,51.5870580477181,0.9840792443569648,2026
4824,South West,-2.61651744210437,51.5879051662007,0.9891696356451978,2026
4825,South West,-2.54435117383607,51.5882621812606,0.9843265115568514,2026
4826,South West,-2.47218351018152,51.5885748306062,0.9604458225975371,2026
4827,South West,-2.4000146360131,51.5888431123732,0.9595971059952619,2026
4828,South West,-2.32784473622277,51.5890670249618,0.8665899095840955,2026
4829,South West,-2.25567399571903,51.5892465670366,0.8155960307629662,2026
4830,South West,-2.18350259942397,51.589381737527,0.8996520229276039,2026
4831,South West,-2.11133073227025,51.589472535627,0.8849123517542887,2026
4832,South West,-2.03915857919815,51.5895189607951,0.9831291598327305,2026
4833,South West,-1.96698632515255,51.5895210127545,0.9924874698090473,2026
4834,South West,-1.89481415507999,51.589478691493,0.9904375591847882,2026
4835,South West,-1.82264225392562,51.5893919972632,0.9931685664694327,2026
4836,South West,-1.75047080663027,51.5892609305822,0.9836491661585026,2026
4837,South East,-1.67829999812744,51.5890854922317,0.9716271722165704,2026
4838,South East,-1.6061300133403,51.5888656832582,0.9663202525238149,2026
4839,South East,-1.53396103717873,51.5886015049725,0.8835667786198879,2026
4840,South East,-1.46179325453633,51.5882929589503,0.8955415617843657,2026
4841,South East,-1.38962685028742,51.5879400470316,0.9584690342287223,2026
4842,South East,-1.31746200928408,51.587542771321,0.874203351276638,2026
4843,South East,-1.24529891635313,51.5871011341875,0.973062178330316,2026
4844,South East,-1.17313775629319,51.5866151382645,0.9942775619133286,2026
4845,South East,-1.10097871387169,51.5860847864499,0.9594620262308108,2026
4846,South East,-1.02882197382186,51.5855100819057,0.9063659172704243,2026
4847,South East,-0.956667720839783,51.5848910280583,0.9746884345497137,2026
4848,South East,-0.884516139581418,51.5842276285982,0.991033849731378,2026
4849,South East,-0.81236741465961,51.58351988748,0.9957582237746178,2026
4850,South East,-0.740221730641126,51.5827678089222,0.9978143265703122,2026
4851,South East,-0.668079272043684,51.5819713974075,0.9966791658585031,2026
4852,South East,-0.595940223332978,51.5811306576823,0.9982152539912664,2026
4853,South East,-0.523804768919722,51.5802455947566,0.997889560657795,2026
4854,London,-0.451673093156673,51.5793162139044,0.9939339433805555,2026
4855,London,-0.379545380335676,51.5783425206628,0.9986849773867355,2026
4856,London,-0.307421814684705,51.5773245208327,0.9982507190317549,2026
4857,London,-0.2353025803649,51.5762622204782,0.9977993217276503,2026
4858,London,-0.163187861467617,51.5751556259266,0.9982170431315528,2026
4859,London,-0.0910778420114757,51.5740047437681,0.997588512805502,2026
4860,London,-0.0189727059394105,51.5728095808563,0.9924899354076606,2026
4861,London,0.0531273628842787,51.5715701443071,0.9970246210118918,2026
4862,London,0.125222180676863,51.5702864414993,0.9834165193561853,2026
4863,London,0.197311563740126,51.5689584800743,0.9744407478780153,2026
4864,London,0.269395328463302,51.5675862679357,0.9934014214893705,2026
4865,East,0.341473291326006,51.5661698132494,0.977400957993259,2026
4866,East,0.41354526890116,51.5647091244432,0.9744775430571742,2026
4867,East,0.485611077857923,51.5632042102071,0.9842656594399606,2026
4868,East,0.557670534964607,51.5616550794926,0.9734234368924065,2026
4869,East,0.629723457091595,51.5600617415126,0.9829468326091901,2026
4870,East,0.701769661214256,51.5584242057417,0.9233853861356949,2026
4871,East,0.77380896441585,51.5567424819153,0.9004804351667829,2026
4872,East,0.845841183890436,51.55501658003,0.9512200341717331,2026
4933,Wales,-4.27777862865529,51.6123782159892,0.9734903453280042,2026
4934,Wales,-4.20562436719603,51.6137567246454,0.9860271968552381,2026
4935,Wales,-4.13346445117369,51.6150909125832,0.9598081534094488,2026
4936,Wales,-4.06129906481919,51.6163807718498,0.9400518261864034,2026
4937,Wales,-3.98912839245165,51.6176262947555,0.9747256652382826,2026
4940,Wales,-3.77258650372353,51.6210967723605,0.8707567116506243,2026
4941,Wales,-3.70039653215633,51.6221648781941,0.4564186253610761,2026
4942,Wales,-3.62820219739174,51.6231886131711,0.10101863290104446,2026
4943,Wales,-3.55600368421616,51.6241679711839,0.025485867175904477,2026
4944,Wales,-3.48380117748347,51.625102946389,0.1306267950513404,2026
4945,Wales,-3.41159486211207,51.6259935332073,0.15621343549859146,2026
4946,Wales,-3.33938492308193,51.626839726324,0.8501479496420274,2026
4947,Wales,-3.26717154543155,51.6276415206886,0.3037852112296302,2026
4948,Wales,-3.19495491425503,51.6283989115155,0.2709128793489382,2026
4949,Wales,-3.12273521469907,51.6291118942836,0.22277432940390307,2026
4950,Wales,-3.05051263195998,51.6297804647364,0.9592296484910647,2026
4951,Wales,-2.97828735128068,51.6304046188826,0.9745297798035624,2026
4952,Wales,-2.90605955794775,51.6309843529955,0.9827863455027247,2026
4953,Wales,-2.83382943728839,51.6315196636137,0.9597413941467332,2026
4954,Wales,-2.76159717466745,51.6320105475406,0.9789421377988465,2026
4955,Wales,-2.68936295548444,51.6324570018449,0.9592549580417175,2026
4957,South West,-2.54488938918554,51.6332166111862,0.9894510525150007,2026
4958,South West,-2.47265041301495,51.6335297616866,0.9715699815158827,2026
4959,South West,-2.40041022216691,51.6337984734915,0.9788187215502241,2026
4960,South West,-2.32816900216921,51.6340227449958,0.9420302248782411,2026
4961,South West,-2.25592693856632,51.6342025748601,0.73063591316645,2026
4962,South West,-2.18368421691634,51.6343379620102,0.6500836915621808,2026
4963,South West,-2.11144102278804,51.6344289056377,0.7193458647565706,2026
4964,South West,-2.03919754175784,51.6344754051992,0.9631950586836224,2026
4965,South West,-1.96695395940678,51.6344774604171,0.9922562368171386,2026
4966,South West,-1.89471046131756,51.6344350712793,0.9952015105471665,2026
4967,South West,-1.82246723307152,51.6343482380391,0.994220744322293,2026
4968,South West,-1.75022446024562,51.6342169612151,0.9880881684446904,2026
4969,South West,-1.67798232840946,51.6340412415917,0.9541255662754281,2026
4970,South East,-1.60574102312224,51.6338210802186,0.9483917647676408,2026
4971,South East,-1.53350072992981,51.6335564784108,0.9331402458664334,2026
4972,South East,-1.46126163436163,51.633247437749,0.9628138695392834,2026
4973,South East,-1.38902392192778,51.6328939600791,0.9335222085655257,2026
4974,South East,-1.31678777811594,51.6324960475123,0.9798008987582176,2026
4975,South East,-1.24455338838843,51.6320537024251,0.9281881382869954,2026
4976,South East,-1.17232093817918,51.6315669274595,0.9878384746048241,2026
4977,South East,-1.10009061289072,51.6310357255223,0.973343909245023,2026
4978,South East,-1.02786259789122,51.6304600997858,0.9568578293079828,2026
4979,South East,-0.955637078511489,51.6298400536871,0.9690190029097066,2026
4980,South East,-0.883414240041945,51.6291755909284,0.9852570452276467,2026
4981,South East,-0.811194267729661,51.6284667154771,0.9847671667156098,2026
4982,South East,-0.738977346775358,51.6277134315649,0.9927385133083266,2026
4983,South East,-0.666763662330421,51.6269157436888,0.9909010142160231,2026
4984,South East,-0.59455339949391,51.6260736566102,0.9933006730105263,2026
4985,East,-0.522346743309579,51.6251871753551,0.9957159090466611,2026
4986,East,-0.45014387876289,51.6242563052141,0.9956606020639742,2026
4987,East,-0.377944990778038,51.6232810517421,0.9974315360192263,2026
4988,London,-0.305750264214969,51.6222614207583,0.9979251329666855,2026
4989,London,-0.233559883866411,51.621197418346,0.9974878971277094,2026
4990,London,-0.161374034454896,51.6200890508526,0.9917129579172095,2026
4991,London,-0.0891929006297958,51.6189363248894,0.9949760001365529,2026
4992,London,-0.0170166669643553,51.6177392473314,0.9933960751164462,2026
4993,East,0.0551544820472706,51.6164978253173,0.9959614571509836,2026
4994,London,0.127320361992979,51.6152120662493,0.9953867951439066,2026
4995,London,0.199480788545672,51.6138819777929,0.9980254837943517,2026
4996,East,0.271635577466209,51.612507567877,0.9980689294833945,2026
4997,East,0.343784544606359,51.6110888446931,0.9952829806490513,2026
4998,East,0.415927505911744,51.6096258166961,0.9766275082044305,2026
4999,East,0.488064277424782,51.6081184926031,0.9836652207173056,2026
5000,East,0.560194675287623,51.6065668813942,0.9724165641363895,2026
5001,East,0.632318515745084,51.6049709923116,0.9832197736425149,2026
5002,East,0.704435615147576,51.6033308348597,0.9570201296725768,2026
5003,East,0.776545789954036,51.6016464188049,0.9316852937140181,2026
5004,East,0.848648856734835,51.5999177541754,0.5722251002060371,2026
5005,East,0.920744632174711,51.5981448512609,0.9686938423724374,2026
5055,Wales,-5.00193329359103,51.6410521280362,0.9436999544122955,2026
5056,Wales,-4.92977471142231,51.6428762645293,0.8198245130832444,2026
5058,Wales,-4.78543517961428,51.6463916348993,0.9069424249377999,2026
5068,Wales,-4.06333804309914,51.6613078638875,0.9234454582082984,2026
5069,Wales,-3.99109610777226,51.6625553826639,0.9160834459880014,2026
5070,Wales,-3.91884905329105,51.6637584866974,0.9551401584431767,2026
5071,Wales,-3.84659706477501,51.6649171688025,0.8828925212075365,2026
5072,Wales,-3.77434032742345,51.666031422058,0.7911892019922746,2026
5073,Wales,-3.70207902651255,51.6671012398074,0.05879197168834716,2026
5074,Wales,-3.62981334739235,51.6681266156586,0.01720228060529827,2026
5075,Wales,-3.55754347548376,51.6691075434849,0.008430741575980973,2026
5076,Wales,-3.48526959627557,51.670044017424,0.050272239671986116,2026
5077,Wales,-3.4129918953215,51.6709360318792,0.10289759901398926,2026
5078,Wales,-3.34071055823713,51.6717835815187,0.09654906832348707,2026
5079,Wales,-3.26842577069699,51.672586661276,0.34851203460872743,2026
5080,Wales,-3.19613771843148,51.6733452663503,0.46983313514836306,2026
5081,Wales,-3.12384658722393,51.6740593922061,0.12781150960465806,2026
5082,Wales,-3.05155256290756,51.6747290345735,0.1392268746105411,2026
5083,Wales,-2.9792558313625,51.6753541894482,0.9634666654374494,2026
5084,Wales,-2.90695657851275,51.675934853092,0.8878974537200007,2026
5085,Wales,-2.83465499032321,51.6764710220322,0.9176212004453939,2026
5086,Wales,-2.76235125279663,51.6769626930622,0.8725829585443011,2026
5087,Wales,-2.69004555197063,51.6774098632414,0.9708980428795642,2026
5088,South West,-2.61773807391466,51.677812529895,0.9870001934720579,2026
5090,South West,-2.47311853053175,51.6784843432575,0.9732355055091892,2026
5091,South West,-2.40080683747579,51.6787534859478,0.9819209458359516,2026
5092,South West,-2.32849411172578,51.6789781170753,0.9664260590134963,2026
5093,South West,-2.25618053946513,51.6791582352963,0.5062861198765242,2026
5094,South West,-2.18386630689099,51.6792938395333,0.664785119278957,2026
5095,South West,-2.11155160021122,51.679384928975,0.8771606062238021,2026
5096,South West,-2.03923660564137,51.6794315030766,0.897274585213994,2026
5097,South West,-1.96692150940166,51.6794335615596,0.9438322764146603,2026
5098,South West,-1.89460649771398,51.6793911044117,0.97820371412507,2026
5099,South West,-1.82229175679882,51.679304131887,0.9750914090942511,2026
5100,South West,-1.74997747287229,51.679172644506,0.9852288282343638,2026
5101,South East,-1.67766383214308,51.6789966430553,0.9482218968741993,2026
5102,South East,-1.60535102080946,51.678776128588,0.9762972072069429,2026
5103,South East,-1.53303922505623,51.6785111024235,0.9797122071794593,2026
5104,South East,-1.46072863105171,51.6782015661473,0.9769391652401913,2026
5105,South East,-1.38841942494473,51.6778475216112,0.91033400063706,2026
5106,South East,-1.31611179286161,51.6774489709332,0.9746165683367508,2026
5107,South East,-1.24380592090313,51.6770059164974,0.9680442824892874,2026
5108,South East,-1.17150199514152,51.676518360954,0.9753126216857583,2026
5109,South East,-1.09920020161745,51.6759863072192,0.9521851761329241,2026
5110,South East,-1.02690072633701,51.6754097584754,0.980529809244208,2026
5111,South East,-0.954603755268709,51.6747887181705,0.8861470639786145,2026
5112,South East,-0.882309474340431,51.6741231900187,0.8633821508122462,2026
5113,South East,-0.810018069436464,51.6734131779997,0.9897224573311231,2026
5114,South East,-0.737729726394474,51.672658686359,0.9855533546166675,2026
5115,South East,-0.665444631002498,51.6718597196077,0.9384126343508977,2026
5116,South East,-0.593162968995946,51.6710162825223,0.9847522946673515,2026
5117,South East,-0.520884926054594,51.6701283801449,0.9961993872271442,2026
5118,East,-0.448610687799591,51.6691960177829,0.9980429298443184,2026
5119,East,-0.376340439790454,51.6682192010088,0.986763947270499,2026
5120,East,-0.30407436752208,51.6671979356602,0.9939498437527747,2026
5121,East,-0.231812656421753,51.66613222784,0.995406659292939,2026
5122,London,-0.159555491846153,51.6650220839155,0.9971136634221113,2026
5123,London,-0.0873030590783703,51.6638675105191,0.9974417783924403,2026
5124,London,-0.0150555433249222,51.6626685145477,0.9973500290614531,2026
5125,East,0.0571868702872246,51.6614251031627,0.9928668642576218,2026
5126,East,0.129423996713635,51.6601372837896,0.9957518321474828,2026
5127,East,0.201655650995373,51.6588050641185,0.9919113492555448,2026
5128,East,0.273881648261979,51.6574284521032,0.9929974636975567,2026
5129,East,0.34610180373443,51.6560074559615,0.9884884368721042,2026
5130,East,0.418315932728106,51.6545420841749,0.9560835434885241,2026
5131,East,0.490523850655744,51.6530323454883,0.9893754372634411,2026
5132,East,0.5627253730304,51.6514782489103,0.9751177354930017,2026
5133,East,0.634920315468394,51.6498798037122,0.964559516398571,2026
5134,East,0.707108493692257,51.6482370194289,0.9059558141024538,2026
5135,East,0.779289723533677,51.6465499058575,0.9659762625592848,2026
5136,East,0.851463820936429,51.644818473058,0.9624147690785144,2026
5137,East,0.923630601959318,51.643042731353,0.8803043748356885,2026
5187,Wales,-5.00490450753231,51.6859463613178,0.90847221148517,2026
5188,Wales,-4.9326747641465,51.6877734193873,0.9121471473594635,2026
5189,Wales,-4.86043747782357,51.6895561093992,0.9766639728092332,2026
5190,Wales,-4.78819283300388,51.691294420711,0.9118758470636651,2026
5191,Wales,-4.71594101424668,51.6929883429435,0.9688964219598761,2026
5196,Wales,-4.35458077892487,51.700791773075,0.8623440952176212,2026
5197,Wales,-4.28228979857468,51.7022191576195,0.9220789349230257,2026
5198,Wales,-4.20999293928345,51.7036020878103,0.9018078226098059,2026
5199,Wales,-4.13769038645532,51.7049405553795,0.8491167090408654,2026
5200,Wales,-4.06538232558673,51.7062345523234,0.9230183307812009,2026
5201,Wales,-3.99306894226334,51.7074840709034,0.7994589880804118,2026
5202,Wales,-3.92075042215711,51.7086891036458,0.764207438488912,2026
5203,Wales,-3.84842695102328,51.7098496433422,0.9051241636707205,2026
5204,Wales,-3.7760987146974,51.7109656830494,0.4445926607288877,2026
5205,Wales,-3.70376589909229,51.7120372160896,0.20201538348397224,2026
5206,Wales,-3.63142869019508,51.7130642360506,0.024147484746581616,2026
5207,Wales,-3.55908727406419,51.7140467367859,0.003928927342658275,2026
5208,Wales,-3.48674183682632,51.7149847124149,0.21389023823238545,2026
5209,Wales,-3.41439256467348,51.7158781573228,0.20818939149217874,2026
5210,Wales,-3.3420396438599,51.7167270661609,0.13089695624189793,2026
5211,Wales,-3.26968326069908,51.7175314338468,0.10746688462890278,2026
5212,Wales,-3.19732360156077,51.7182912555641,0.07697590945442313,2026
5213,Wales,-3.12496085286792,51.719006526763,0.1475005668837798,2026
5214,Wales,-3.05259520109367,51.71967724316,0.13881567594802438,2026
5215,Wales,-2.98022683275835,51.7203034007382,0.9574053492472699,2026
5216,Wales,-2.90785593442641,51.7208849957472,0.9536450107884886,2026
5217,Wales,-2.83548269270344,51.7214220247035,0.9758117420632454,2026
5218,Wales,-2.76310729423312,51.7219144843901,0.9708366304636842,2026
5219,Wales,-2.69072992569418,51.7223623718571,0.9590288964824859,2026
5220,South West,-2.61835077379738,51.7227656844213,0.9522919881836435,2026
5221,South West,-2.54597002528248,51.7231244196664,0.967955812416378,2026
5223,South West,-2.40120448548417,51.7237081498696,0.988255349200126,2026
5224,South West,-2.32882006779794,51.7239331413303,0.9915020801746064,2026
5225,South West,-2.2564348006819,51.7241135484774,0.9732008950771026,2026
5226,South West,-2.18404887097525,51.7242493702297,0.6940735414188094,2026
5227,South West,-2.11166246552796,51.7243406057737,0.4218340959793792,2026
5228,South West,-2.03927577119775,51.7243872545627,0.6984934889924459,2026
5229,South West,-1.96688897484703,51.7243893163172,0.917437677963354,2026
5230,South West,-1.89450226333988,51.7243467910249,0.9376136599081132,2026
5231,South West,-1.822115823539,51.7242596789408,0.821313507257484,2026
5232,South West,-1.74972984230266,51.724127980587,0.9172262568701088,2026
5233,South East,-1.67734450648167,51.7239516967527,0.9747503289107718,2026
5234,South East,-1.60496000291636,51.7237308284943,0.9673131143664475,2026
5235,South East,-1.5325765184335,51.7234653771353,0.9100907611191582,2026
5236,South East,-1.46019423984333,51.7231553442664,0.9782897908981327,2026
5237,South East,-1.38781335393642,51.7228007317451,0.9947904127635201,2026
5238,South East,-1.31543404748074,51.7224015416964,0.9891328824004136,2026
5239,South East,-1.24305650721856,51.7219577765118,0.9921445183849232,2026
5240,South East,-1.17068091986344,51.7214694388501,0.9916140787441591,2026
5241,South East,-1.09830747209719,51.7209365316366,0.8853524065966004,2026
5242,South East,-1.02593635056682,51.7203590580639,0.9801968541601587,2026
5243,South East,-0.953567741881559,51.7197370215911,0.9875210344410171,2026
5244,South East,-0.881201832609775,51.7190704259439,0.9654657300107984,2026
5245,South East,-0.808838809275976,51.7183592751148,0.9854664192836782,2026
5246,South East,-0.736478858357772,51.7176035733629,0.9677035820795686,2026
5247,South East,-0.664122166282863,51.7168033252134,0.9801062444905198,2026
5248,South East,-0.591768919426005,51.7159585354583,0.9786291582224732,2026
5249,East,-0.519419304106001,51.7150692091557,0.9815993670312182,2026
5250,East,-0.447073506582678,51.7141353516297,0.9898101827842876,2026
5251,East,-0.374731713053874,51.7131569684706,0.9932566274019329,2026
5252,East,-0.302394109652429,51.7121340655348,0.9705365840715233,2026
5253,East,-0.230060882443171,51.7110666489443,0.9568548976410131,2026
5254,East,-0.157732217419911,51.7099547250869,0.9922081878816668,2026
5255,East,-0.0854083005024437,51.7087983006159,0.9945175077247695,2026
5256,East,-0.0130893175335402,51.7075973824503,0.9968594883371181,2026
5257,East,0.0592245457240452,51.7063519777741,0.9957823734790341,2026
5258,East,0.131533103590571,51.7050620940367,0.9915685413023436,2026
5259,East,0.203836170472298,51.7037277389523,0.9713648706323508,2026
5260,East,0.276133560864475,51.7023489205002,0.9530978542485985,2026
5261,East,0.348425089354327,51.7009256469242,0.9445268541359528,2026
5262,East,0.420710570624031,51.6994579267328,0.9294446641224088,2026
5263,East,0.492989819453694,51.6979457686988,0.8963702995448285,2026
5264,East,0.565262650724323,51.6963891818592,0.9788596693490809,2026
5265,East,0.637528879420795,51.694788175515,0.9902623153621263,2026
5266,East,0.709788320634819,51.6931427592311,0.9470892031064917,2026
5267,East,0.782040789567895,51.6914529428359,0.9674993819777072,2026
5268,East,0.854286101534271,51.6897187364214,0.9419526605593345,2026
5269,East,0.92652407196389,51.6879401503428,0.9854354248389391,2026
5317,Wales,-5.15246218022059,51.7270468834121,0.8656790362481835,2026
5318,Wales,-5.08017678382335,51.7289657135646,0.9106635902013015,2026
5319,Wales,-5.00788344875213,51.7308401269425,0.9247863488694914,2026
5320,Wales,-4.93558235983026,51.7326701123425,0.9174634252418976,2026
5321,Wales,-4.86327370200658,51.7344556588248,0.9391882697966026,2026
5322,Wales,-4.79095766035248,51.7361967557133,0.9556237583297612,2026
5323,Wales,-4.71863442005898,51.7378933925955,0.9245481894843338,2026
5324,Wales,-4.64630416643372,51.7395455593233,0.9017187485522234,2026
5325,Wales,-4.57396708489804,51.7411532460127,0.5773042567621892,2026
5326,Wales,-4.50162336098397,51.742716443044,0.9290217341805489,2026
5328,Wales,-4.35691672868449,51.7457093309777,0.7851317759446368,2026
5329,Wales,-4.28455419188989,51.7471390039651,0.9319414844522542,2026
5330,Wales,-4.21218575589255,51.7485241514644,0.8745240156524923,2026
5331,Wales,-4.13981160673331,51.7498647651814,0.26375566121886024,2026
5332,Wales,-4.06743193054581,51.7511608370869,0.9188118734698862,2026
5333,Wales,-3.99504691355346,51.7524123594177,0.6227399313759894,2026
5334,Wales,-3.92265674206649,51.7536193246764,0.6346523016121034,2026
5335,Wales,-3.85026160247887,51.7547817256316,0.6675051884554348,2026
5336,Wales,-3.77786168126533,51.7558995553178,0.6326399800177515,2026
5337,Wales,-3.70545716497839,51.7569728070361,0.2008211620346312,2026
5338,Wales,-3.63304824024526,51.758001474354,0.1931714992015766,2026
5339,Wales,-3.56063509376488,51.7589855511052,0.22101022214507876,2026
5340,Wales,-3.48821791230487,51.7599250313905,0.1920305391689664,2026
5341,Wales,-3.41579688269851,51.7608199095771,0.08564319626049531,2026
5342,Wales,-3.34337219184173,51.7616701802995,0.17574124827343982,2026
5343,Wales,-3.27094402669002,51.7624758384587,0.4800951072004286,2026
5344,Wales,-3.19851257425546,51.7632368792234,0.09919603145121318,2026
5345,Wales,-3.12607802160367,51.7639532980289,0.029823182730989422,2026
5346,Wales,-3.05364055585073,51.7646250905784,0.07286648279196939,2026
5347,Wales,-2.98120036416019,51.7652522528419,0.9642532611453535,2026
5348,Wales,-2.90875763373999,51.7658347810572,0.9370525368336747,2026
5349,Wales,-2.83631255183943,51.7663726717297,0.9712775820155306,2026
5350,Wales,-2.76386530574614,51.7668659216322,0.9643334427858077,2026
5351,Wales,-2.69141608278301,51.7673145278052,0.8592019941154225,2026
5352,South West,-2.61896507030513,51.767718487557,0.5908820795891625,2026
5353,South West,-2.54651245569677,51.7680777984638,0.8467128062964558,2026
5354,South West,-2.47405842636831,51.7683924583693,0.9361447943282732,2026
5355,,-2.4016031697532,51.7686624653854,0.9974183319891156,2026
5356,South West,-2.32914687330488,51.7688878178919,0.9947184693950072,2026
5357,South West,-2.25668972449376,51.7690685145363,0.9805118206914893,2026
5358,South West,-2.18423191080412,51.7692045542342,0.9147786442100084,2026
5359,South West,-2.1117736197311,51.7692959361694,0.909190888793086,2026
5360,South West,-2.03931503877762,51.7693426597934,0.7660170648888682,2026
5361,South West,-1.96685635545133,51.7693447248259,0.6040804347491792,2026
5362,South West,-1.89439775726153,51.7693021312545,0.730488629721822,2026
5363,South West,-1.82193943171616,51.7692148793351,0.7714567899379402,2026
5364,South West,-1.74948156631869,51.7690829695914,0.7423535814102072,2026
5365,South East,-1.67702434856511,51.7689064028151,0.8567674874995383,2026
5366,South East,-1.60456796594082,51.768685180066,0.9510218504736772,2026
5367,South East,-1.53211260591765,51.7684193026718,0.9635072138587127,2026
5368,South East,-1.45965845595072,51.7681087722282,0.9810511194042796,2026
5369,South East,-1.38720570347544,51.7677535905989,0.978787642332916,2026
5370,South East,-1.31475453590444,51.7673537599154,0.9924506287824162,2026
5371,South East,-1.24230514062452,51.7669092825769,0.9801519408111621,2026
5372,South East,-1.16985770499359,51.7664201612506,0.9906744660176305,2026
5373,South East,-1.09741241633763,51.7658863988713,0.9763074521622283,2026
5374,South East,-1.02496946194763,51.7653079986417,0.8985931050061078,2026
5375,South East,-0.952529029076544,51.7646849640319,0.9817217517631371,2026
5376,South East,-0.880091304936259,51.7640172987795,0.9909122920658034,2026
5377,South East,-0.807656476694522,51.7633050068897,0.9833497522209416,2026
5378,South East,-0.735224731471921,51.7625480926352,0.912027253611481,2026
5379,South East,-0.662796256338829,51.7617465605556,0.9481564156489194,2026
5380,East,-0.590371238312376,51.7609004154583,0.9768451936254907,2026
5381,East,-0.517949864353403,51.7600096624172,0.9845655051832622,2026
5382,East,-0.445532321363434,51.7590743067737,0.9907631736780746,2026
5383,East,-0.373118796181638,51.7580943541359,0.9857686951099417,2026
5384,East,-0.300709475581805,51.7570698103785,0.9762454373409231,2026
5385,East,-0.228304546269315,51.7560006816434,0.9788388460490165,2026
5386,East,-0.155904194878118,51.7548869743385,0.9748916448314385,2026
5387,East,-0.0835086079677088,51.7537286951384,0.9957510430217533,2026
5388,East,-0.0111179720201104,51.7525258509841,0.9951991506146819,2026
5389,East,0.0612675265631406,51.7512784490824,0.9934186611942865,2026
5390,East,0.133647701464006,51.7499864969065,0.9800306197160054,2026
5391,East,0.206022366450954,51.7486500021952,0.9535012942417368,2026
5392,East,0.27839133538196,51.7472689729531,0.8578002509638892,2026
5393,East,0.350754422207518,51.7458434174503,0.7534532058924369,2026
5394,East,0.423111440973627,51.7443733442224,0.6550331908378522,2026
5395,East,0.495462205824787,51.7428587620699,0.8425750887178055,2026
5396,East,0.567806531006993,51.7412996800588,0.9840945272328635,2026
5397,East,0.640144230870713,51.7396961075195,0.9787283563117983,2026
5398,East,0.712475119873875,51.7380480540474,0.9630446415407607,2026
5401,East,0.929425067973614,51.7328371079524,0.9918242454772852,2026
5450,Wales,-5.08323498268169,51.7738560071618,0.6915662507929851,2026
5451,Wales,-5.01087014384565,51.7757334246088,0.8989275060970408,2026
5452,Wales,-4.93849752443841,51.7775663431141,0.9284781550863902,2026
5454,Wales,-4.79372968636211,51.7810986396653,0.9285552017517037,2026
5455,Wales,-4.72133483922417,51.7827979965557,0.6358168982472965,2026
5456,Wales,-4.6489329545713,51.7844528121935,0.2856135335188736,2026
5457,Wales,-4.5765242184609,51.7860630766634,0.6260860248017667,2026
5458,Wales,-4.50410881706169,51.787628780315,0.8937665143965978,2026
5459,Wales,-4.43168693665079,51.7891499137638,0.9566365451148554,2026
5460,,-4.35925876361064,51.7906264678907,0.9391297304509468,2026
5461,Wales,-4.28682448442609,51.7920584338425,0.8812048896656133,2026
5462,Wales,-4.21438428568131,51.7934458030321,0.6754741065199841,2026
5463,Wales,-4.14193835405683,51.7947885671386,0.784945926992296,2026
5464,Wales,-4.06948687632651,51.7960867181074,0.6931039238403255,2026
5465,Wales,-3.99703003935452,51.7973402481505,0.9385287722835629,2026
5466,Wales,-3.92456803009233,51.7985491497466,0.6482210027880144,2026
5467,Wales,-3.85210103557567,51.7997134156411,0.7305642342769114,2026
5468,Wales,-3.77962924292151,51.8008330388466,0.5331160611436782,2026
5469,Wales,-3.70715283932502,51.8019080126427,0.06477805118928834,2026
5470,Wales,-3.63467201205654,51.8029383305762,0.04318508748552517,2026
5471,Wales,-3.56218694845856,51.8039239864614,0.037941259637430974,2026
5472,Wales,-3.48969783594263,51.8048649743802,0.008933994499891696,2026
5473,Wales,-3.41720486198636,51.8057612886818,0.020323122526607364,2026
5474,Wales,-3.34470821413036,51.8066129239835,0.008906968902283449,2026
5475,Wales,-3.27220807997519,51.8074198751704,0.0030235118987774956,2026
5476,Wales,-3.1997046471783,51.8081821373953,0.04478706706261025,2026
5477,Wales,-3.12719810345098,51.8088997060793,0.09501448057017933,2026
5478,Wales,-3.05468863655532,51.8095725769116,0.09101274328927748,2026
5479,Wales,-2.98217643430112,51.8102007458495,0.8485375865822021,2026
5480,Wales,-2.90966168454285,51.8107842091189,0.9101288037573758,2026
5481,Wales,-2.83714457517659,51.8113229632139,0.9848868118728545,2026
5482,Wales,-2.76462529413695,51.8118170048969,0.984491239272028,2026
5483,Wales,-2.69210402939403,51.8122663311992,0.9489814530448145,2026
5484,South West,-2.6195809689503,51.8126709394204,0.6141800432710371,2026
5485,South West,-2.54705630083761,51.8130308271288,0.5726861570912658,2026
5486,South West,-2.47453021311405,51.8133459921615,0.938701093943416,2026
5487,South West,-2.40200289386091,51.8136164326243,0.9931539510843784,2026
5488,South West,-2.3294745311796,51.8138421468916,0.9870403624541186,2026
5489,South West,-2.2569453131886,51.8140231336068,0.9883154086722301,2026
5490,South West,-2.18441542802034,51.8141593916821,0.9777866578396988,2026
5491,South West,-2.11188506381819,51.8142509202984,0.8790375477469916,2026
5492,South West,-2.0393544087333,51.8142977189057,0.7937267536443855,2026
5493,South West,-1.96682365092162,51.8142997872227,0.5901658940125168,2026
5494,South West,-1.89429297854076,51.8142571252371,0.6624297975783365,2026
5495,South West,-1.82176257974692,51.8141697332054,0.652671741441645,2026
5496,South West,-1.74923264269185,51.8140376116531,0.7568149313031358,2026
5497,South East,-1.67670335551976,51.8138607613744,0.8349802131507554,2026
5498,South East,-1.6041749063642,51.8136391834324,0.7215699292417247,2026
5499,South East,-1.53164748334507,51.8133728791593,0.8605281338008146,2026
5500,South East,-1.45912127456548,51.8130618501557,0.943743414145889,2026
5501,South East,-1.3865964681087,51.8127060982912,0.9791456451699565,2026
5502,South East,-1.31407325203509,51.8123056257042,0.9878052441093501,2026
5503,South East,-1.24155181437902,51.8118604348015,0.9648783074572929,2026
5504,South East,-1.16903234314581,51.811370528259,0.9901068775026467,2026
5505,South East,-1.09651502630866,51.8108359090207,0.9913873454664297,2026
5506,South East,-1.02400005180558,51.8102565802994,0.9897577866678979,2026
5507,South East,-0.951487607536302,51.8096325455765,0.9954082275567633,2026
5508,South East,-0.878977881359268,51.8089638086015,0.9955761007944652,2026
5509,South East,-0.806471061088518,51.8082503733923,0.9973047148962655,2026
5510,South East,-0.733967334490648,51.8074922442351,0.9669418957079005,2026
5511,East,-0.661466889281756,51.8066894256844,0.9637224588454957,2026
5512,East,-0.588969913124373,51.8058419225625,0.9334154232513097,2026
5513,East,-0.516476593624417,51.8049497399599,0.959866474717053,2026
5514,East,-0.44398711832814,51.8040128832346,0.9627543988498007,2026
5515,East,-0.371501674719071,51.8030313580128,0.9831715580615615,2026
5516,East,-0.299020450214979,51.8020051701881,0.9713218720308344,2026
5517,East,-0.226543632164821,51.8009343259217,0.9798859382147734,2026
5518,East,-0.154071407845703,51.7998188316421,0.993120106696209,2026
5519,East,-0.0816039644598395,51.7986586940452,0.9952549440822903,2026
5520,East,-0.0091414891315206,51.7974539200939,0.9933245564408139,2026
5521,East,0.0633158310959226,51.7962045170183,0.9693415552593636,2026
5522,East,0.135767809263147,51.7949104923152,0.9724527008188862,2026
5523,East,0.208214258497822,51.7935718537482,0.7775553163703967,2026
5524,East,0.280654992017655,51.7921886093472,0.8442222742019608,2026
5525,East,0.353089823133404,51.7907607674088,0.6744161647466859,2026
5526,East,0.425518565251899,51.7892883364957,0.5018052292322829,2026
5527,East,0.497941031879047,51.7877713254367,0.4685094928522948,2026
5528,East,0.570357036622842,51.7862097433263,0.9304254027849601,2026
5529,East,0.642766393196367,51.7846035995248,0.9813974194363331,2026
5530,East,0.715168915420788,51.7829529036581,0.9911475282306423,2026
5531,East,0.787564417228356,51.7812576656173,0.986734279163065,2026
5532,East,0.859952712665387,51.7795178955586,0.9898572581567616,2026
5582,Wales,-5.08630114759075,51.8187458265633,0.7744785465013487,2026
5583,Wales,-5.01386461953353,51.8206262540142,0.9646144822406151,2026
5584,Wales,-4.94142028405832,51.8224621114203,0.671062799345532,2026
5585,Wales,-4.86896832738349,51.8242533877722,0.9415735143812168,2026
5586,Wales,-4.79650893585143,51.8260000723255,0.9437449022774682,2026
5587,Wales,-4.72404229592552,51.8277021546017,0.962712678970751,2026
5588,Wales,-4.65156859418718,51.8293596243876,0.9550941601009589,2026
5589,Wales,-4.57908801733284,51.8309724717362,0.9629386308843272,2026
5590,Wales,-4.50660075217091,51.8325406869666,0.9113056622130435,2026
5591,Wales,-4.43410698561884,51.8340642606642,0.9152044607045957,2026
5592,Wales,-4.36160690470002,51.8355431836808,0.8790588893592778,2026
5593,Wales,-4.28910069654084,51.8369774471351,0.9012226539294046,2026
5594,Wales,-4.2165885483676,51.8383670424125,0.7887861727068775,2026
5595,Wales,-4.14407064750353,51.8397119611657,0.9000934452666054,2026
5596,Wales,-4.07154718136573,51.8410121953142,0.4167377366801091,2026
5597,Wales,-3.99901833746214,51.8422677370454,0.9498269858147451,2026
5598,Wales,-3.92648430338852,51.8434785788137,0.2533351643079046,2026
5599,Wales,-3.85394526682536,51.8446447133416,0.03574967549795497,2026
5600,Wales,-3.78140141553491,51.8457661336193,0.002838417133101862,2026
5601,Wales,-3.70885293735804,51.846842832905,0.003974711373833603,2026
5602,Wales,-3.63630002021125,51.8478748047248,0.002923537417405421,2026
5603,Wales,-3.56374285208361,51.8488620428734,0.0029971321117733137,2026
5604,Wales,-3.49118162103365,51.8498045414136,0.0015438038886315026,2026
5605,Wales,-3.41861651518637,51.8507022946767,0.0021236080203594805,2026
5606,Wales,-3.34604772273011,51.8515552972628,0.00519113479404977,2026
5607,Wales,-3.27347543191353,51.8523635440406,0.027750888254717675,2026
5608,Wales,-3.2008998310425,51.8531270301474,0.08458759903230383,2026
5609,Wales,-3.12832110847709,51.8538457509898,0.6615499638041376,2026
5610,Wales,-3.0557394526284,51.8545197022432,0.11477999982028979,2026
5611,Wales,-2.98315505195557,51.8551488798519,0.5401296649869903,2026
5612,Wales,-2.91056809496266,51.8557332800298,0.8218037179506837,2026
5613,Wales,-2.83797877019559,51.8562728992596,0.9281203068162827,2026
5614,Wales,-2.76538726623902,51.8567677342937,0.9525264093030295,2026
5615,West Midlands,-2.69279377171331,51.8572177821537,0.7973364989642697,2026
5616,West Midlands,-2.62019847527142,51.8576230401306,0.9783527083293138,2026
5617,South West,-2.5476015655958,51.8579835057849,0.7735854163613971,2026
5618,South West,-2.47500323139534,51.8582991769469,0.7861868057691832,2026
5619,South West,-2.40240366140226,51.8585700517162,0.9916345945610082,2026
5620,South West,-2.329803044369,51.8587961284621,0.995245626980995,2026
5621,South West,-2.25720156906518,51.8589774058236,0.9838946085988558,2026
5622,South West,-2.18459942427446,51.8591138827094,0.9036057109415183,2026
5623,South West,-2.11199679879149,51.859205558298,0.9773357859770072,2026
5624,South West,-2.03939388141877,51.8592524320374,0.8178823881700659,2026
5625,South West,-1.96679086096359,51.8592545036454,0.6022115167624253,2026
5626,South West,-1.89418792623495,51.8592117731099,0.4138419931220719,2026
5627,South West,-1.8215852660404,51.8591242406879,0.48104359393346063,2026
5628,South West,-1.74898306918305,51.8589919069068,0.6809307127529293,2026
5629,South East,-1.67638152445836,51.8588147725633,0.4878753960499304,2026
5630,South East,-1.60378082065116,51.858592838724,0.7976617461408293,2026
5631,South East,-1.53118114653246,51.8583261067251,0.9403946903390175,2026
5632,South East,-1.45858269085645,51.8580145781724,0.9574760766884415,2026
5633,South East,-1.38598564235731,51.8576582549417,0.9749271863230796,2026
5634,South East,-1.31339018974621,51.8572571391779,0.8045386339985049,2026
5635,South East,-1.24079652170817,51.8568112332958,0.92236858535304,2026
5636,South East,-1.16820482689899,51.8563205399795,0.8920769721879744,2026
5637,South East,-1.09561529394215,51.8557850621828,0.9856270514210635,2026
5638,South East,-1.02302811142573,51.8552048031286,0.9939817016073867,2026
5639,South East,-0.950443467899342,51.8545797663092,0.9937748126388926,2026
5640,South East,-0.877861551871021,51.8539099554864,0.9837308648318523,2026
5641,South East,-0.805282551804162,51.8531953746909,0.9777526009920187,2026
5642,South East,-0.732706656114436,51.8524360282226,0.9790186651187147,2026
5643,South East,-0.660134053166713,51.8516319206503,0.974443915943808,2026
5644,South East,-0.587564931271988,51.8507830568119,0.966121119286939,2026
5645,East,-0.514999478684305,51.8498894418141,0.9050510294974206,2026
5646,East,-0.442437883597692,51.8489510810322,0.9314924653249904,2026
5647,East,-0.369880334143091,51.8479679801101,0.975745526881321,2026
5648,East,-0.29732701838529,51.8469401449604,0.9767152436407797,2026
5649,East,-0.224778124319864,51.8458675817639,0.9854199590681255,2026
5650,East,-0.152233839870117,51.8447502969696,0.944817840976657,2026
5651,East,-0.0796943528840195,51.8435882972948,0.9722088953210264,2026
5652,East,-0.0071598511311583,51.8423815897247,0.9438114250144458,2026
5653,East,0.0653694777003094,51.8411301815124,0.8492515702214973,2026
5654,East,0.137893446006712,51.8398340801785,0.9033417012110588,2026
5655,East,0.210411866271899,51.8384932935115,0.9240099750639876,2026
5656,East,0.282924551070287,51.8371078295671,0.8753812217314243,2026
5657,East,0.355431313069887,51.8356776966681,0.5951032244956395,2026
5658,East,0.427931965035348,51.8342029034046,0.8509448459449206,2026
5659,East,0.500426319830977,51.8326834586334,0.7616916049912252,2026
5660,East,0.572914190423766,51.8311193714783,0.9067868307239607,2026
5661,East,0.645395389886411,51.8295106513292,0.9420485743560622,2026
5662,East,0.717869731400327,51.8278573078428,0.9897056066202574,2026
5663,East,0.790337028258663,51.8261593509416,0.9940119897208897,2026
5664,East,0.862797093869304,51.8244167908142,0.9831442021089236,2026
5665,East,0.935249741757874,51.822629637915,0.9855551010331428,2026
5666,East,1.00769478557074,51.8207979029639,0.9779585443943815,2026
5667,East,1.08013203907797,51.8189215969459,0.9486397625652747,2026
5668,East,1.1525613161764,51.8170007311115,0.7400796357455783,2026
5714,Wales,-5.08937530603297,51.863635171444,0.7576838588275738,2026
5715,Wales,-5.0168669026627,51.8655186148547,0.8715186331284547,2026
5716,Wales,-4.94435066490065,51.8673574169782,0.9340432363935137,2026
5717,Wales,-4.87182677960444,51.86915156677,0.8825221941046902,2026
5718,Wales,-4.79929543375642,51.8709010534514,0.9190416550756159,2026
5719,Wales,-4.72675681446066,51.8726058665104,0.8728906823424114,2026
5720,Wales,-4.65421110893994,51.8742659957013,0.9186584955704082,2026
5721,Wales,-4.58165850453273,51.8758814310454,0.6260912104725856,2026
5722,Wales,-4.50909918869017,51.8774521628309,0.720337084938169,2026
5723,Wales,-4.43653334897303,51.878978181613,0.770407923049168,2026
5724,Wales,-4.36396117304868,51.8804594782145,0.3215168298759697,2026
5725,Wales,-4.29138284868807,51.8818960437257,0.9604702172652668,2026
5726,Wales,-4.21879856376266,51.8832878695045,0.8771836957187487,2026
5727,Wales,-4.14620850624141,51.8846349471767,0.9400009486568057,2026
5728,Wales,-4.07361286418769,51.8859372686364,0.9113834922175441,2026
5729,Wales,-4.00101182575626,51.8871948260457,0.9305482979619729,2026
5730,Wales,-3.92840557919019,51.8884076118351,0.46255692235316215,2026
5731,Wales,-3.85579431281783,51.8895756187038,0.40798182420595214,2026
5732,Wales,-3.78317821504969,51.8906988396196,0.127129515348667,2026
5733,Wales,-3.71055747437545,51.891777267819,0.002117679279994525,2026
5734,Wales,-3.6379322793608,51.8928108968076,0.010025986454989547,2026
5735,Wales,-3.56530281864445,51.8937997203602,0.012210058413794854,2026
5736,Wales,-3.49266928093499,51.8947437325206,0.011794111188675741,2026
5737,Wales,-3.42003185500784,51.8956429276021,0.0029744380484357045,2026
5738,Wales,-3.34739072970217,51.8964973001874,0.014394064434796624,2026
5739,Wales,-3.27474609391779,51.8973068451287,0.2490279154585627,2026
5740,Wales,-3.2020981366121,51.898071557548,0.36310015442888866,2026
5741,Wales,-3.12944704679696,51.8987914328371,0.0447597483856762,2026
5742,Wales,-3.05679301353561,51.8994664666573,0.058060989620550466,2026
5743,Wales,-2.9841362259396,51.9000966549404,0.3774928851999958,2026
5744,Wales,-2.91147687316564,51.9006819938878,0.6935569341840656,2026
5745,Wales,-2.83881514441258,51.9012224799713,0.5692542270227573,2026
5746,West Midlands,-2.76615122891823,51.9017181099326,0.8737788697782036,2026
5747,West Midlands,-2.69348531595629,51.9021688807839,0.8041432374264662,2026
5748,West Midlands,-2.62081759483326,51.9025747898074,0.9204789573790315,2026
5749,West Midlands,-2.54814825488534,51.9029358345561,0.9748465847877761,2026
5750,West Midlands,-2.47547748547526,51.903252012853,0.9593493060608745,2026
5751,South West,-2.40280547598927,51.9035233227919,0.9788527387963666,2026
5752,South West,-2.33013241583395,51.9037497627367,0.9919920301683137,2026
5753,South West,-2.25745849443314,51.9039313313221,0.9920135279396591,2026
5754,South West,-2.18478390122483,51.9040680274534,0.9942377448939227,2026
5755,South West,-2.11210882565803,51.9041598503062,0.9925143035840511,2026
5756,South West,-2.03943345718968,51.904206799327,0.9573744169144649,2026
5757,South West,-1.96675798528152,51.9042088742328,0.488017520071983,2026
5758,South West,-1.89408259939702,51.904166075011,0.39829452588444414,2026
5759,South West,-1.82140748899819,51.9040784019199,0.5511557663950729,2026
5760,South West,-1.74873284354254,51.9039458554883,0.678685696929767,2026
5761,South West,-1.67605885247997,51.9037684365155,0.852018612786549,2026
5762,South East,-1.60338570524958,51.9035461460716,0.9493725560781946,2026
5763,South East,-1.53071359127666,51.903278985497,0.8063380484829313,2026
5764,South East,-1.4580426999695,51.9029669564028,0.9309896571222871,2026
5765,South East,-1.38537322071635,51.9026100606704,0.9685970058815639,2026
5766,South East,-1.31270534288225,51.902208300452,0.9182638191431121,2026
5767,South East,-1.24003925580595,51.90176167817,0.8597520941699344,2026
5768,South East,-1.16737514879681,51.901270196517,0.8626986652443708,2026
5769,South East,-1.09471321113169,51.9007338584562,0.8371283940060043,2026
5770,South East,-1.02205363205184,51.9001526672211,0.9172440928544753,2026
5771,South East,-0.949396600759793,51.8995266263149,0.9461208951327035,2026
5772,South East,-0.876742306416289,51.8988557395115,0.7843958322139248,2026
5773,South East,-0.804090938137153,51.8981400108545,0.899713821429384,2026
5774,South East,-0.731442684990201,51.8973794446576,0.9461567977534143,2026
5775,East,-0.658797735992156,51.8965740455042,0.9485446469657827,2026
5776,East,-0.586156280105545,51.8957238182477,0.9146600094553554,2026
5777,East,-0.513518506235611,51.894828768011,0.9156985464164205,2026
5778,East,-0.440884603227226,51.8938889001867,0.9753033767893647,2026
5779,East,-0.368254759861805,51.8929042204367,0.9687663577987764,2026
5780,East,-0.295629164854224,51.8918747346925,0.9342017628935727,2026
5781,East,-0.223008006849734,51.8908004491547,0.9727449514554704,2026
5782,East,-0.150391474420891,51.8896813702929,0.9833847886464454,2026
5783,East,-0.0777797560644746,51.888517504846,0.8141258982400315,2026
5784,East,-0.0051730401984249,51.8873088598212,0.8197489156029989,2026
5785,East,0.067428484841236,51.886055442495,0.8113234112850884,2026
5786,East,0.140024630803459,51.8847572604121,0.8628501967117107,2026
5787,East,0.212615209525236,51.8834143213857,0.9779721842515589,2026
5788,East,0.285200032934654,51.8820266334972,0.8525856710525828,2026
5789,East,0.35777891305395,51.8805942050962,0.9456023332215906,2026
5790,East,0.43035166200256,51.8791170448,0.9120800375097943,2026
5791,East,0.502918092000168,51.8775951614939,0.6970439926872183,2026
5792,East,0.575478015369743,51.8760285643306,0.9041187218000444,2026
5793,East,0.648031244540579,51.8744172627302,0.9522476643119898,2026
5794,East,0.72057759205133,51.8727612663799,0.7403850853589731,2026
5795,East,0.793116870553037,51.8710605852342,0.8481591531365981,2026
5796,East,0.865648892812149,51.869315229514,0.9773070463189938,2026
5797,East,0.938173471713546,51.8675252097071,0.9503895845199395,2026
5798,East,1.01069042026356,51.8656905365675,0.420725295178037,2026
5799,East,1.08319955159295,51.8638112211154,0.0484465320517761,2026
5800,East,1.15570067895998,51.8618872746371,0.16472787451167828,2026
5801,East,1.22819361575332,51.8599187086842,0.9195580841171503,2026
5844,Wales,-5.23759408261417,51.9046170184253,0.5384101503571658,2026
5845,Wales,-5.16502990216975,51.9065928748062,0.5731448357384346,2026
5846,Wales,-5.09245748562076,51.9085240414773,0.8315768185782335,2026
5847,Wales,-5.01987702020707,51.9104105068254,0.8076050605481958,2026
5848,Wales,-4.94728869330008,51.9122522595039,0.8073744184219321,2026
5849,Wales,-4.87469269239964,51.9140492884329,0.19494522808301226,2026
5850,Wales,-4.8020892051311,51.9158015827994,0.08700544697381338,2026
5851,Wales,-4.72947841924221,51.9175091320578,0.04319619334197669,2026
5852,Wales,-4.65686052260015,51.9191719259298,0.04685920306904686,2026
5853,Wales,-4.58423570318846,51.9207899544046,0.034529936088431266,2026
5854,Wales,-4.511604149104,51.9223632077394,0.263124233967023,2026
5855,Wales,-4.43896604855392,51.9238916764594,0.04662502844908061,2026
5856,Wales,-4.3663215898526,51.925375351358,0.725429560667048,2026
5857,Wales,-4.2936709614186,51.9268142234969,0.32270638262126944,2026
5858,Wales,-4.22101435177158,51.9282082842064,0.19694239929315635,2026
5859,Wales,-4.14835194952927,51.9295575250858,0.18293861883901283,2026
5860,Wales,-4.07568394340438,51.9308619380029,0.13146320786150897,2026
5861,Wales,-4.00301052220154,51.932121515095,0.6628148178037574,2026
5862,Wales,-3.9303318748142,51.9333362487682,0.8783164030146421,2026
5863,Wales,-3.8576481902216,51.9345061316985,0.7854975851130638,2026
5864,Wales,-3.78495965748563,51.935631156831,0.0396815800539528,2026
5865,Wales,-3.7122664657478,51.9367113173809,0.00918418212521597,2026
5866,Wales,-3.6395688042261,51.9377466068327,0.018476573629831385,2026
5867,Wales,-3.56686686221194,51.9387370189414,0.06001480348788512,2026
5868,Wales,-3.49416082906705,51.9396825477317,0.2272362533980787,2026
5869,Wales,-3.42145089422038,51.9405831874987,0.04531873534270681,2026
5870,Wales,-3.34873724716498,51.9414389328077,0.5407437107149794,2026
5871,Wales,-3.27602007745492,51.9422497784946,0.43561315838085357,2026
5872,Wales,-3.2032995747022,51.9430157196657,0.02594325683724553,2026
5873,Wales,-3.13057592857358,51.9437367516979,0.002773318013191201,2026
5874,Wales,-3.05784932878753,51.9444128702388,0.004097859939964825,2026
5875,West Midlands,-2.9851199651111,51.9450440712071,0.03478341141427394,2026
5876,West Midlands,-2.91238802735677,51.945630350792,0.7308838557311275,2026
5877,West Midlands,-2.8396537053794,51.9461717054539,0.607416363658824,2026
5878,West Midlands,-2.76691718907304,51.9466681319243,0.7830393102816414,2026
5879,West Midlands,-2.69417866836787,51.9471196272056,0.8360065194344908,2026
5880,West Midlands,-2.62143833322703,51.9475261885716,0.9898426014163022,2026
5881,West Midlands,-2.54869637364353,51.9478878135671,0.7878239986424702,2026
5882,West Midlands,-2.47595297963712,51.9482045000084,0.9740986713803313,2026
5883,South West,-2.40320834125113,51.9484762459829,0.990552224307504,2026
5884,South West,-2.3304626485494,51.9487030498495,0.9945471362960987,2026
5885,South West,-2.25771609161311,51.9488849102386,0.9856673934570103,2026
5886,South West,-2.18496886053768,51.9490218260517,0.9958102369554505,2026
5887,South West,-2.11222114542961,51.9491137964621,0.9923755294554639,2026
5888,South West,-2.03947313640338,51.9491608209142,0.939201353863605,2026
5889,South West,-1.9667250235783,51.9491628991241,0.7045329301605627,2026
5890,South West,-1.89397699707539,51.9491200310795,0.5535502854197233,2026
5891,South West,-1.82122924701426,51.9490322170393,0.5812110245599316,2026
5892,South West,-1.74848196350995,51.9488994575339,0.43468309631957364,2026
5893,South West,-1.67573533666985,51.9487217533654,0.8609318136675836,2026
5894,South East,-1.6029895565905,51.9484991056071,0.6271133989838447,2026
5895,South East,-1.53024481335454,51.9482315156038,0.8518463249382027,2026
5896,South East,-1.45750129702752,51.9479189849718,0.9676037700619179,2026
5897,South East,-1.3847591976548,51.9475615155986,0.9669443439556041,2026
5898,South East,-1.31201870525843,51.947159109643,0.9036436252358331,2026
5899,South East,-1.23928000983401,51.9467117695354,0.8001261615906606,2026
5900,South East,-1.16654330134755,51.946219497977,0.6903387340566015,2026
5901,South East,-1.0938087697324,51.9456822979405,0.6682719363711592,2026
5902,South East,-1.02107660488607,51.9451001726696,0.7691341339180104,2026
5903,South East,-0.948346996667133,51.944473125679,0.8243188102629243,2026
5904,South East,-0.875620134892122,51.9438011607545,0.8141627721699763,2026
5905,South East,-0.802896209332385,51.9430842819527,0.9451853612895422,2026
5906,South East,-0.730175409710987,51.942322493601,0.9262587301768598,2026
5907,East,-0.657457925699591,51.9415158002976,0.9252441490439013,2026
5908,East,-0.584743946915349,51.9406642069114,0.9067342044354194,2026
5909,East,-0.512033662917791,51.9397677185818,0.7892742112180912,2026
5910,East,-0.439327263205719,51.9388263407185,0.8894400834628202,2026
5911,East,-0.366624937214106,51.9378400790017,0.9416590331001098,2026
5912,East,-0.293926874310992,51.9368089393818,0.9583132066831573,2026
5913,East,-0.221233263794384,51.9357329280791,0.9443640691545429,2026
5914,East,-0.148544294889165,51.9346120515842,0.8956364881218222,2026
5915,East,-0.0758601567439968,51.9334463166573,0.7252559116024687,2026
5916,East,-0.0031810384282347,51.9322357303282,0.7913014450672433,2026
5917,East,0.0694928710711617,51.9309802998966,0.6291868339971742,2026
5918,East,0.14216138285271,51.9296800329313,0.799403474621552,2026
5919,East,0.214824308103485,51.9283349372706,0.7065561935146875,2026
5920,East,0.287481458102192,51.9269450210216,0.5565241409343308,2026
5921,East,0.360132644222239,51.9255102925607,0.5584810538730902,2026
5922,East,0.43277767793481,51.9240307605327,0.7253156635128971,2026
5923,East,0.505416370811918,51.9225064338513,0.7034217800624262,2026
5924,East,0.578048534529476,51.9209373216985,0.7210709088554514,2026
5925,East,0.650673980870342,51.9193234335245,0.7783076432048153,2026
5926,East,0.723292521727379,51.9176647790474,0.43994414241035484,2026
5927,East,0.795903969106495,51.9159613682535,0.9832945818592728,2026
5928,East,0.868508135129684,51.9142132113964,0.9451546222490973,2026
5929,East,0.941104832038073,51.9124203189973,0.18998582155536628,2026
5930,East,1.01369387219494,51.9105827018446,0.24945800128906417,2026
5931,East,1.08627506808874,51.9087003709936,0.09634180473924817,2026
5932,East,1.15884823233616,51.9067733377667,0.05709066716260749,2026
5933,East,1.23141317768508,51.9048016137524,0.7172214685367513,2026
5978,Wales,-5.09554771409726,51.9534124363352,0.8543322413947075,2026
5979,Wales,-5.02289499926828,51.95530192962,0.8910704783270618,2026
5980,Wales,-4.95023439571599,51.9571466387122,0.5179729266136637,2026
5981,Wales,-4.87756609158551,51.9589465524964,0.07915120712325804,2026
5982,Wales,-4.80489027514819,51.9607016601252,0.12832624719143734,2026
5983,Wales,-4.73220713479851,51.9624119510193,0.07513051351295251,2026
5984,Wales,-4.65951685905108,51.9640774148673,0.10082706178921018,2026
5985,Wales,-4.58681963653754,51.9656980416266,0.12159794388887434,2026
5986,Wales,-4.51411565600354,51.9672738215232,0.05535992919538264,2026
5987,Wales,-4.44140510630566,51.968804745052,0.051294200204459885,2026
5988,Wales,-4.36868817640832,51.9702908029768,0.21075340353851782,2026
5989,Wales,-4.29596505538076,51.9717319863309,0.2827803715754411,2026
5990,Wales,-4.22323593239391,51.9731282864168,0.172646689237664,2026
5991,Wales,-4.15050099671733,51.9744796948067,0.32039498016178886,2026
5992,Wales,-4.07776043771615,51.9757862033427,0.1875033197903868,2026
5993,Wales,-4.00501444484793,51.9770478041366,0.125087244910434,2026
5994,Wales,-3.93226320765959,51.9782644895704,0.03425501969657607,2026
5995,Wales,-3.85950691578435,51.9794362522966,0.5817020885100769,2026
5996,Wales,-3.78674575893855,51.9805630852377,0.47834621319867915,2026
5997,Wales,-3.71397992691863,51.9816449815869,0.033936269627822584,2026
5998,Wales,-3.64120960959797,51.9826819348083,0.020395027766936594,2026
5999,Wales,-3.56843499692378,51.9836739386366,0.027433582570899666,2026
6000,Wales,-3.49565627891401,51.9846209870774,0.03176725599285925,2026
6001,Wales,-3.42287364565425,51.9855230744075,0.03436844996067229,2026
6002,Wales,-3.35008728729454,51.9863801951749,0.05176739336167987,2026
6003,Wales,-3.27729739404632,51.9871923441987,0.7519400172268972,2026
6004,Wales,-3.20450415617928,51.9879595165697,0.4063886374158445,2026
6005,Wales,-3.13170776401821,51.9886817076498,0.0023233954381253253,2026
6006,West Midlands,-3.05890840793992,51.989358913073,0.008342448058285452,2026
6007,West Midlands,-2.98610627837006,51.9899911287445,0.11706589794835076,2026
6008,West Midlands,-2.91330156578002,51.9905783508416,0.6094329029920018,2026
6009,West Midlands,-2.84049446068377,51.9911205758132,0.5939708516622157,2026
6010,West Midlands,-2.76768515363474,51.9916178003803,0.6274601345861469,2026
6011,West Midlands,-2.69487383522268,51.9920700215357,0.5913628938531933,2026
6012,West Midlands,-2.62206069607051,51.9924772365445,0.8850322370416662,2026
6013,West Midlands,-2.54924592683119,51.9928394429435,0.7673629108274811,2026
6014,West Midlands,-2.47642971818457,51.9931566385422,0.9838267258190861,2026
6015,South West,-2.40361226083425,51.9934288214217,0.9789969912329948,2026
6016,South West,-2.33079374550442,51.9936559899358,0.9853907622341957,2026
6017,West Midlands,-2.25797436293674,51.9938381427102,0.9924202009805754,2026
6018,West Midlands,-2.18515430388718,51.9939752786432,0.9958190244890229,2026
6019,South West,-2.11233375912285,51.9940673969053,0.9932159025740142,2026
6020,South West,-2.03951291941892,51.9941144969391,0.9866768661550742,2026
6021,South West,-1.96669197555538,51.99411657846,0.935803202564269,2026
6022,South West,-1.89387111831396,51.9940736414553,0.7815609620096534,2026
6023,South West,-1.82105053847497,51.9939856861849,0.5387264052901144,2026
6024,South West,-1.74823042681412,51.993852713181,0.5142011323285672,2026
6025,South West,-1.67541097409942,51.9936747232482,0.8529849290121004,2026
6026,West Midlands,-1.60259237108798,51.9934517174632,0.8768905416621868,2026
6027,West Midlands,-1.52977480852292,51.9931836971752,0.8863866522621651,2026
6028,South East,-1.45695847713015,51.9928706640055,0.940698703167044,2026
6029,South East,-1.38414356761532,51.9925126198479,0.8442378330183292,2026
6030,South East,-1.31133027066058,51.9921095668681,0.8354411309939974,2026
6031,East Midlands,-1.2385187769215,51.991661507504,0.7809394096478052,2026
6032,South East,-1.16570927702389,51.9911684444659,0.749853123463045,2026
6033,South East,-1.09290196156069,51.9906303807357,0.7215084645467058,2026
6034,South East,-1.02009702108879,51.9900473195676,0.8643183570960461,2026
6035,South East,-0.947294646125937,51.9894192644876,0.8046362510129113,2026
6036,South East,-0.874495027147559,51.9887462192936,0.8741331961883055,2026
6037,South East,-0.801698354583654,51.9880281880552,0.9184817629717281,2026
6038,South East,-0.728904818815641,51.9872651751138,0.9753109575394195,2026
6039,South East,-0.656114610173239,51.9864571850823,0.9689838773521812,2026
6040,East,-0.583327918931332,51.9856042228451,0.9775252765085021,2026
6041,East,-0.510544935306843,51.9847062935581,0.8482933770834981,2026
6042,East,-0.43776584945561,51.9837634026484,0.6669136750746638,2026
6043,East,-0.364990851469262,51.9827755558145,0.7449121615970135,2026
6044,East,-0.292220131372104,51.9817427590256,0.9488709967034981,2026
6045,East,-0.219453879117995,51.9806650185222,0.9567488669305648,2026
6046,East,-0.146692284587237,51.9795423408155,0.8088274630907286,2026
6047,East,-0.0739355375834628,51.9783747326874,0.7700627804043075,2026
6048,East,-0.0011838278305292,51.9771622011904,0.6736203807682684,2026
6049,East,0.0715626550305852,51.9759047536473,0.7014824127890175,2026
6050,East,0.144303721444884,51.9746023976514,0.7448216707965614,2026
6051,East,0.217039181946449,51.9732551410659,0.7601384876511613,2026
6052,East,0.289768847161532,51.971862992024,0.39088942619721756,2026
6053,East,0.362492527811648,51.9704259589288,0.5160079876517278,2026
6054,East,0.435210034716659,51.9689440504529,0.7874658111106739,2026
6055,East,0.507921178797853,51.9674172755384,0.7632224149317393,2026
6056,East,0.580625771081028,51.9658456433966,0.863420590016953,2026
6057,East,0.653323622699556,51.9642291635081,0.8362831922396758,2026
6058,East,0.726014544897463,51.9625678456222,0.32097565657783445,2026
6059,East,0.798698349032483,51.9608616997568,0.47910869755931906,2026
6060,East,0.871374846579122,51.9591107361986,0.603460373225204,2026
6061,East,0.944043849131711,51.9573149655023,0.49001016202846986,2026
6062,East,1.01670516840746,51.9554743984907,0.9150217001288451,2026
6111,Wales,-5.02592086707647,52.0001928829309,0.7739677007466196,2026
6112,Wales,-4.95318779873324,52.0020405543167,0.854751883130304,2026
6113,Wales,-4.8804470031009,52.0038433586949,0.049775871199530926,2026
6114,Wales,-4.80769866909981,52.0056012851834,0.6696483868510605,2026
6115,Wales,-4.73494298577425,52.0073143231689,0.7585642371748883,2026
6116,Wales,-4.6621801422893,52.0089824623073,0.26938023071358497,2026
6117,Wales,-4.58941032792777,52.0106056925237,0.3634880166658129,2026
6118,Wales,-4.51663373208716,52.0121840040127,0.874639862228094,2026
6119,Wales,-4.44385054427654,52.0137173872387,0.10309785447364835,2026
6120,Wales,-4.37106095411346,52.0152058329362,0.9145709618881676,2026
6121,Wales,-4.2982651513209,52.0166493321095,0.07215550132424346,2026
6122,Wales,-4.22546332572415,52.0180478760334,0.2170596482018172,2026
6123,Wales,-4.1526556672477,52.0194014562531,0.05021397513494142,2026
6124,Wales,-4.07984236591216,52.0207100645843,0.05963118924676888,2026
6125,Wales,-4.00702361183112,52.0219736931138,0.25403686348306165,2026
6126,Wales,-3.93419959520809,52.0231923341991,0.04857096449199525,2026
6127,Wales,-3.86137050633334,52.0243659804689,0.02988715599130173,2026
6128,Wales,-3.78853653558079,52.0254946248234,0.03769604932950997,2026
6129,Wales,-3.7156978734049,52.0265782604337,0.01966919649341416,2026
6130,Wales,-3.64285471033754,52.027616880743,0.0032186618495845132,2026
6131,Wales,-3.57000723698486,52.0286104794659,0.001963698265571943,2026
6132,Wales,-3.49715564402415,52.0295590505887,0.004406500827675768,2026
6133,Wales,-3.42430012220072,52.03046258837,0.06427306536702679,2026
6134,Wales,-3.35144086232476,52.0313210873401,0.05662893245921941,2026
6135,Wales,-3.27857805526819,52.0321345423017,0.33575814879680066,2026
6136,Wales,-3.20571189196152,52.0329029483296,0.7195035342925292,2026
6137,Wales,-3.13284256339071,52.033626300771,0.11208257935892338,2026
6138,West Midlands,-3.05997026059401,52.0343045952458,0.09930416715749749,2026
6139,West Midlands,-2.98709517465883,52.0349378276461,0.08458768451133325,2026
6140,West Midlands,-2.91421749671858,52.0355259941367,0.6048210077252918,2026
6141,West Midlands,-2.84133741794951,52.0360690911555,0.5203652244891516,2026
6142,West Midlands,-2.76845512956755,52.0365671154127,0.9001234513133168,2026
6143,West Midlands,-2.69557082282517,52.0370200638915,0.8859700275020476,2026
6144,West Midlands,-2.6226846890082,52.0374279338481,0.9426092122438484,2026
6145,West Midlands,-2.54979691943271,52.0377907228117,0.7868622671492626,2026
6146,West Midlands,-2.47690770544178,52.0381084285845,0.9897555431861425,2026
6147,West Midlands,-2.40401723840242,52.0383810492415,0.9662631249502457,2026
6148,West Midlands,-2.33112570970232,52.0386085831312,0.9721020305809354,2026
6149,West Midlands,-2.25823331074678,52.0387910288749,0.9959632340584555,2026
6150,West Midlands,-2.18534023295544,52.0389283853674,0.9953144973883606,2026
6151,West Midlands,-2.11244666775921,52.0390206517765,0.9962980703495999,2026
6152,West Midlands,-2.03955280659705,52.039067827543,0.9410561331687967,2026
6153,West Midlands,-1.96665884091281,52.0390699123814,0.8706445426815596,2026
6154,West Midlands,-1.89376496215207,52.0390269062789,0.8561124829959915,2026
6155,South West,-1.82087136175898,52.0389388094964,0.8601817361165003,2026
6156,South West,-1.74797823117309,52.0388056225677,0.8103177822029499,2026
6157,West Midlands,-1.67508576182616,52.0386273462999,0.9098136713320623,2026
6158,West Midlands,-1.60219414513902,52.0384039817733,0.9446576113859433,2026
6159,West Midlands,-1.5293035725184,52.0381355303414,0.8885045130113266,2026
6160,South East,-1.45641423535377,52.0378219936307,0.9166079075501187,2026
6161,South East,-1.38352632501415,52.037463373541,0.8216918299094241,2026
6162,South East,-1.31064003284497,52.037059672245,0.7280808267779312,2026
6163,East Midlands,-1.2377555501649,52.0366108921886,0.7723081826933302,2026
6164,East Midlands,-1.1648730682627,52.0361170360905,0.7972908624627038,2026
6165,South East,-1.09199277839403,52.0355781069424,0.8608308593417584,2026
6166,South East,-1.01911487177832,52.0349941080088,0.9063967876055393,2026
6167,South East,-0.946239539595602,52.0343650428272,0.727032619655511,2026
6168,South East,-0.873366972983357,52.0336909152076,0.6423843874681625,2026
6169,South East,-0.800497363033353,52.0329717292327,0.9580199022318803,2026
6170,South East,-0.7276309007885,52.0322074892578,0.9375796036379411,2026
6171,South East,-0.654767777239701,52.0313981999105,0.6644506249492923,2026
6172,East,-0.581908183322698,52.0305438660911,0.7079085659279432,2026
6173,East,-0.509052309914934,52.0296444929719,0.8901913868391992,2026
6174,East,-0.436200347832403,52.0287000859975,0.8514858455343417,2026
6175,East,-0.363352487826513,52.0277106508845,0.5512940087134521,2026
6176,East,-0.290508920580948,52.0266761936215,0.696624678172022,2026
6177,East,-0.217669836708531,52.0255967204689,0.7661201042755641,2026
6178,East,-0.144835426748095,52.0244722379589,0.8052389941744726,2026
6179,East,-0.0720058811613529,52.023302752895,0.8218568990235918,2026
6180,East,0.0008186096702322,52.0220882723523,0.6784730455535843,2026
6181,East,0.0736378554485632,52.0208288036773,0.5317116113350078,2026
6182,East,0.146451665962032,52.0195243544874,0.6335522809565383,2026
6183,East,0.219259851088635,52.0181749326711,0.847263626047748,2026
6184,East,0.29206222079908,52.0167805463877,0.6594398475868231,2026
6185,East,0.364858585159904,52.0153412040672,0.7147263794348847,2026
6186,East,0.437648754336564,52.0138569144101,0.6612497731569439,2026
6187,East,0.510432538596546,52.012327686387,0.34066572185078575,2026
6188,East,0.583209748312461,52.0107535292388,0.6341148512549503,2026
6189,East,0.655980193965127,52.0091344524765,0.46246331030540466,2026
6190,East,0.728743686146665,52.0074704658804,0.855508763777201,2026
6191,East,0.801500035563579,52.0057615795008,0.8029212273915667,2026
6192,East,0.874249053039828,52.004007803657,0.4122856451327673,2026
6193,East,0.946990549519905,52.0022091489378,0.5443099010500039,2026
6194,East,1.0197243360719,52.0003656262005,0.14557839547029447,2026
6195,East,1.09245022389056,51.9984772465713,0.07941563698176478,2026
6196,East,1.16516802430037,51.9965440214451,0.1232250130268559,2026
6198,East,1.31057860885816,51.992543081621,0.10493732661723368,2026
6199,East,1.38327101633112,51.9904753910528,0.8932896521574327,2026
6246,Wales,-4.8105144123982,52.0505004577276,0.6180256180588961,2026
6247,Wales,-4.73768599693118,52.0522162482804,0.2731551038479942,2026
6248,Wales,-4.66485039642539,52.0538870680426,0.8888552057547768,2026
6249,Wales,-4.5920078008179,52.0555129069073,0.8028862939173228,2026
6250,Wales,-4.51915840016111,52.0570937550375,0.8573381373907905,2026
6251,Wales,-4.44630238461967,52.0586296028672,0.7872219192572325,2026
6252,Wales,-4.37343994446737,52.0601204411009,0.1818127958539058,2026
6253,Wales,-4.30057127008404,52.0615662607143,0.21670966051202772,2026
6254,Wales,-4.22769655195239,52.062967052954,0.1542756322184198,2026
6255,Wales,-4.15481598065495,52.0643228093382,0.5361924136457192,2026
6256,Wales,-4.08192974687093,52.0656335216564,0.0646036284684375,2026
6257,Wales,-4.00903804137309,52.0668991819698,0.12634858179150105,2026
6258,Wales,-3.93614105502459,52.0681197826115,0.037753966364009815,2026
6259,Wales,-3.86323897877589,52.0692953161866,0.005099624650312305,2026
6260,Wales,-3.79033200366162,52.0704257755722,0.016261671121327113,2026
6261,Wales,-3.71742032079738,52.0715111539179,0.006089869039303784,2026
6262,Wales,-3.64450412137667,52.0725514446455,0.01803478732498808,2026
6263,Wales,-3.5715835966677,52.0735466414495,0.005557507632989876,2026
6264,Wales,-3.49865893801022,52.074496738297,0.004989206818666724,2026
6265,Wales,-3.42573033681245,52.075401729428,0.018784908663670264,2026
6266,Wales,-3.35279798454781,52.0762616093553,0.04282974347199375,2026
6267,Wales,-3.27986207275187,52.0770763728648,0.14794351226033756,2026
6268,Wales,-3.2069227930191,52.0778460150156,0.0546508378275222,2026
6269,Wales,-3.13398033699977,52.0785705311401,0.4956047819330421,2026
6270,West Midlands,-3.06103489639674,52.0792499168437,0.25963121236026965,2026
6271,West Midlands,-2.98808666296233,52.0798841680056,0.46127372827386404,2026
6272,West Midlands,-2.91513582849512,52.0804732807782,0.8476790915606555,2026
6273,West Midlands,-2.84218258483678,52.0810172515879,0.8556313076591167,2026
6274,West Midlands,-2.7692271238689,52.0815160771343,0.8823283011283876,2026
6275,West Midlands,-2.69626963750985,52.0819697543911,0.9518832270820594,2026
6276,West Midlands,-2.62331031771153,52.0823782806055,0.8405511913098592,2026
6277,West Midlands,-2.55034935645624,52.0827416532988,0.8703851021294509,2026
6278,West Midlands,-2.47738694575351,52.083059870266,0.9176479961783305,2026
6279,West Midlands,-2.40442327763687,52.0833329295762,0.9598705947428496,2026
6280,West Midlands,-2.33145854416072,52.0835608295724,0.9717690566257904,2026
6281,West Midlands,-2.25849293739713,52.0837435688715,0.9878757054017888,2026
6282,West Midlands,-2.18552664943261,52.0838811463647,0.9416734805933293,2026
6283,West Midlands,-2.112559872365,52.0839735612171,0.976131774624651,2026
6284,West Midlands,-2.03959279830025,52.0840208128679,0.99544449812182,2026
6285,West Midlands,-1.96662561934921,52.0840229010304,0.8946021100382956,2026
6286,West Midlands,-1.89365852762449,52.0839798256921,0.9331955518880343,2026
6287,West Midlands,-1.82069171523726,52.0838915871144,0.7848010315418005,2026
6288,South West,-1.74772537429403,52.0837581858329,0.8529247753682163,2026
6289,West Midlands,-1.67475969689352,52.0835796226575,0.9517900172418563,2026
6290,West Midlands,-1.60179487512344,52.0833558986717,0.8717850491980571,2026
6291,West Midlands,-1.5288311010573,52.0830870152335,0.8188471594640928,2026
6292,South East,-1.45586856675125,52.0827729739747,0.9278142792245819,2026
6293,South East,-1.38290746424089,52.0824137768011,0.9541275007973002,2026
6294,East Midlands,-1.30994798553809,52.0820094258924,0.7968281365262181,2026
6295,East Midlands,-1.23699032262778,52.0815599237023,0.7026633531230244,2026
6296,East Midlands,-1.1640346674648,52.0810652729584,0.9022560202022212,2026
6297,East Midlands,-1.09108121197072,52.0805254766619,0.8553673446526858,2026
6298,East Midlands,-1.01813014803066,52.0799405380879,0.9630224183206666,2026
6299,East Midlands,-0.94518166749009,52.0793104607852,0.9150700001363598,2026
6300,East Midlands,-0.872235962151695,52.078635248576,0.6896026625267592,2026
6301,South East,-0.79929322377217,52.0779149055561,0.9584809082089331,2026
6302,South East,-0.726353644059065,52.0771494360949,0.8424733570339281,2026
6303,South East,-0.653417414667614,52.076338844835,0.5435047512842172,2026
6304,East,-0.580484727197566,52.0754831366922,0.583545300233097,2026
6305,East,-0.507555773190023,52.0745823168555,0.8981585175362674,2026
6306,East,-0.434630744124276,52.073636390787,0.7476887740377929,2026
6307,East,-0.36170983141465,52.0726453642217,0.7281015141294139,2026
6308,East,-0.288793226407345,52.0716092431675,0.749247687577956,2026
6309,East,-0.215881120377281,52.0705280339047,0.8091939415079688,2026
6310,East,-0.14297370452495,52.0694017429866,0.6507934876697612,2026
6311,East,-0.0700711699732684,52.0682303772386,0.7524539713506647,2026
6312,East,0.0028262922355697,52.0670139437585,0.8204681505319545,2026
6313,East,0.0757184911432311,52.0657524499163,0.6801513368782149,2026
6314,East,0.148605235878379,52.064445903354,0.7965822505699451,2026
6315,East,0.221486335659814,52.0630943119853,0.7337529219561295,2026
6316,East,0.294361599799593,52.0616976839957,0.7022050972087936,2026
6317,East,0.367230837706166,52.0602560278423,0.6668996070147558,2026
6318,East,0.440093858887492,52.0587693522535,0.7517420165815359,2026
6319,East,0.512950472954156,52.0572376662286,0.49019617353666767,2026
6320,East,0.58580048962249,52.0556609790383,0.3771741961880355,2026
6321,East,0.658643718717671,52.0540393002239,0.3969754729309288,2026
6322,East,0.731479970176839,52.0523726395973,0.22868979795417957,2026
6323,East,0.804309054052183,52.0506610072408,0.5849305680082741,2026
6324,East,0.877130780514048,52.0489044135069,0.2185274628623648,2026
6325,East,0.949944959854019,52.0471028690182,0.18827337478499392,2026
6326,East,1.02275140248801,52.0452563846669,0.5340219086624388,2026
6327,East,1.09554991895933,52.043364971615,0.1895180518328123,2026
6328,East,1.16834031994179,52.0414286412936,0.8401554278336608,2026
6329,East,1.24112241624273,52.0394474054029,0.13554446264829328,2026
6330,East,1.31389601880613,52.0374212759122,0.09026289818300312,2026
6331,East,1.38666093871562,52.0353502650592,0.12998488167506766,2026
6332,,1.45941698719757,52.03323438535,0.21206748059476285,2026
6379,Wales,-4.74043619314879,52.0971177261261,0.23301972159339762,2026
6380,Wales,-4.6675276456846,52.0987912318651,0.8814364685582613,2026
6381,Wales,-4.59461207877822,52.1004196845882,0.3168363500895096,2026
6382,Wales,-4.5216896831401,52.1020030744269,0.18416959827560694,2026
6383,Wales,-4.44876064959356,52.1035413917843,0.1511100398382869,2026
6384,Wales,-4.37582516907173,52.1050346273352,0.02484105654691872,2026
6385,Wales,-4.30288343261438,52.1064827720263,0.0922867007007288,2026
6386,Wales,-4.22993563136479,52.107885817076,0.06567847355251098,2026
6387,Wales,-4.15698195656666,52.1092437539753,0.12159850298824466,2026
6388,Wales,-4.08402259956091,52.1105565744873,0.5882939665777852,2026
6389,Wales,-4.01105775178257,52.1118242706478,0.09387834394905867,2026
6390,Wales,-3.93808760475763,52.1130468347651,0.01844892039588502,2026
6391,Wales,-3.86511235009988,52.1142242594205,0.005380736267456314,2026
6392,Wales,-3.79213217950775,52.1153565374684,0.005070148268352207,2026
6393,Wales,-3.71914728476117,52.1164436620363,0.002105368431211892,2026
6394,Wales,-3.64615785771839,52.1174856265247,0.005719222940062058,2026
6395,Wales,-3.57316409031284,52.118482424608,0.02116657534801065,2026
6396,Wales,-3.5001661745499,52.1194340502338,0.01501601411904582,2026
6397,Wales,-3.42716430250381,52.1203404976236,0.06478788704072543,2026
6398,Wales,-3.35415866631444,52.1212017612726,0.057486514243432804,2026
6399,Wales,-3.28114945818412,52.1220178359499,0.03809151157728055,2026
6400,Wales,-3.20813687037448,52.1227887166986,0.06212198427687122,2026
6401,West Midlands,-3.13512109520324,52.1235143988361,0.05274635351584635,2026
6402,West Midlands,-3.06210232504107,52.1241948779538,0.7362062081421804,2026
6403,West Midlands,-2.98908075230833,52.1248301499175,0.7843394447841924,2026
6404,West Midlands,-2.91605656947196,52.1254202108674,0.7077943928503752,2026
6405,West Midlands,-2.84302996904224,52.1259650572181,0.6245580402045774,2026
6406,West Midlands,-2.77000114356959,52.1264646856589,0.9279926148387082,2026
6407,West Midlands,-2.69697028564144,52.1269190931534,0.9026396012625005,2026
6408,West Midlands,-2.62393758787893,52.1273282769403,0.8961458855161354,2026
6409,West Midlands,-2.55090324293382,52.1276922345327,0.852791282044235,2026
6410,West Midlands,-2.47786744348522,52.1280109637186,0.8511720836175608,2026
6411,West Midlands,-2.4048303822364,52.1282844625607,0.9291624821594375,2026
6412,West Midlands,-2.33179225191163,52.1285127293969,0.9462887306188361,2026
6413,West Midlands,-2.25875324525293,52.1286957628396,0.96765554070364,2026
6414,West Midlands,-2.18571355501689,52.1288335617763,0.9642702812711493,2026
6415,West Midlands,-2.11267337397144,52.1289261253695,0.9682654114517729,2026
6416,West Midlands,-2.03963289489271,52.1289734530566,0.9464798577979169,2026
6417,West Midlands,-1.96659231056176,52.12897554455,0.932033281371747,2026
6418,West Midlands,-1.89355181376139,52.128932399837,0.8494690944494303,2026
6419,West Midlands,-1.82051159727296,52.12884401918,0.7863901445366078,2026
6420,West Midlands,-1.74747185387318,52.1287104031165,0.92416880981752,2026
6421,West Midlands,-1.67443277633087,52.1285315524585,0.6989799671221986,2026
6422,West Midlands,-1.6013945574038,52.1283074682935,0.908743336035936,2026
6423,West Midlands,-1.52835738983547,52.1280381519836,0.8937108314386942,2026
6424,West Midlands,-1.4553214663519,52.1277236051659,0.9357696748620205,2026
6425,South East,-1.38228697965843,52.1273638297522,0.794477574957576,2026
6426,South East,-1.30925412243654,52.1269588279296,0.7809795983920315,2026
6427,East Midlands,-1.23622308734062,52.1265086021594,0.8291771799999946,2026
6428,East Midlands,-1.16319406699478,52.126013155178,0.8921722487660451,2026
6429,East Midlands,-1.09016725398967,52.1254724899963,0.7478148689402041,2026
6430,East Midlands,-1.01714284087926,52.1248866099,0.6082029075184048,2026
6431,East Midlands,-0.944121020177652,52.1242555184493,0.6411597362477761,2026
6432,South East,-0.871101984355894,52.1235792194786,0.553715516365311,2026
6433,South East,-0.798085925838784,52.122857717097,0.6951010776273905,2026
6434,South East,-0.725073037001681,52.1220910156879,0.735085957883457,2026
6435,South East,-0.652063510167315,52.1212791199088,0.6542313623268465,2026
6436,East,-0.579057537602606,52.1204220346915,0.5561174151055455,2026
6437,East,-0.506055311515478,52.1195197652415,0.6408258453706341,2026
6438,East,-0.43305702405168,52.1185723170386,0.5322655300842636,2026
6439,East,-0.360062867291609,52.1175796958361,0.5622792861169797,2026
6440,East,-0.287073033247131,52.1165419076613,0.7392539093370013,2026
6441,East,-0.214087713858417,52.1154589588149,0.5499732247745722,2026
6442,East,-0.141107100990766,52.1143308558709,0.6923428606629963,2026
6443,East,-0.0681313864314399,52.1131576056769,0.4903641290079426,2026
6444,East,0.0048392381134953,52.1119392153535,0.24639279968493258,2026
6445,East,0.0778045810223299,52.1106756922943,0.38623376543259247,2026
6446,East,0.150764450760869,52.1093670441658,0.4822446534483662,2026
6447,East,0.223718655885582,52.1080132789073,0.8017435274921464,2026
6448,East,0.296667005046753,52.1066144047307,0.7275107595058181,2026
6449,East,0.369609306991623,52.10517043012,0.71226254223685,2026
6450,East,0.442545370567531,52.1036813638316,0.652537584413279,2026
6451,East,0.515475004725052,52.1021472148941,0.6705102816643695,2026
6452,East,0.588398018521128,52.1005679926076,0.5847065667049121,2026
6453,East,0.661314221122192,52.0989437065442,0.29676136837219247,2026
6454,East,0.734223421807298,52.0972743665472,0.27432281898023997,2026
6455,East,0.807125429971232,52.0955599827314,0.4311027365693419,2026
6456,East,0.880020055127629,52.0938005654824,0.4862580181004956,2026
6457,East,0.95290710691208,52.0919961254569,0.61901839840059,2026
6458,East,1.02578639508524,52.0901466735822,0.30093834007940584,2026
6459,East,1.09865772953592,52.0882522210558,0.06311473910416285,2026
6460,East,1.17152092028417,52.0863127793457,0.23167721808605835,2026
6461,East,1.24437577748441,52.0843283601896,0.12984394552905937,2026
6462,,1.31722211142845,52.082298975595,0.14584067275519783,2026
6463,East,1.39005973254861,52.080224637839,0.1400162675646498,2026
6464,East,1.46288845142077,52.0781053594677,0.2032613145162614,2026
6465,,1.53570807876744,52.0759411532962,0.18693615495972613,2026
6515,Wales,-4.45122536156275,52.1484527538366,0.1741408732169952,2026
6516,Wales,-4.3782166496311,52.149948391503,0.0627157851109368,2026
6517,Wales,-4.30520165995593,52.1513988659262,0.02176790841030599,2026
6518,Wales,-4.23218058434422,52.1528041682965,0.04827648778210996,2026
6519,Wales,-4.15915361470396,52.1541642900773,0.03408922147831403,2026
6520,Wales,-4.08612094304093,52.1554792230053,0.02893125106420927,2026
6521,Wales,-4.0130827614556,52.1567489590907,0.020560333941801505,2026
6522,Wales,-3.94003926213992,52.157973490617,0.006307096147896402,2026
6523,Wales,-3.86699063737415,52.1591528101418,0.002090915355259607,2026
6524,Wales,-3.79393707952373,52.1602869104963,0.0017529018621114734,2026
6525,Wales,-3.72087878103604,52.1613757847858,0.001383161627045689,2026
6526,Wales,-3.64781593443728,52.1624194263899,0.00401544131011237,2026
6527,Wales,-3.57474873232922,52.1634178289622,0.02026576849694709,2026
6528,Wales,-3.50167736738608,52.1643709864312,0.029282283004139556,2026
6529,Wales,-3.4286020323513,52.1652788929995,0.48491314963899806,2026
6530,Wales,-3.35552292003433,52.1661415431447,0.043369795491079305,2026
6531,Wales,-3.2824402233075,52.1669589316191,0.04403140588161471,2026
6532,Wales,-3.20935413510273,52.1677310534497,0.009910317391884629,2026
6533,Wales,-3.13626484840843,52.1684579039389,0.03540654561312206,2026
6534,West Midlands,-3.06317255626621,52.1691394786639,0.27376603928884014,2026
6535,West Midlands,-2.9900774517677,52.1697757734771,0.6771311085668085,2026
6536,West Midlands,-2.91697972805138,52.1703667845063,0.7397171492522203,2026
6537,West Midlands,-2.84387957829931,52.1709125081546,0.7900888676117457,2026
6538,West Midlands,-2.77077719573398,52.1714129411005,0.8193988268305414,2026
6539,West Midlands,-2.69767277361503,52.1718680802981,0.9199899627757313,2026
6540,West Midlands,-2.62456650523608,52.1722779229769,0.6959911212471741,2026
6541,West Midlands,-2.55145858392152,52.172642466642,0.7133396547695043,2026
6542,West Midlands,-2.47834920302324,52.1729617090744,0.7851913302687104,2026
6543,West Midlands,-2.40523855591748,52.1732356483306,0.9144015832911103,2026
6544,West Midlands,-2.33212683600154,52.173464282743,0.9734503295064661,2026
6545,West Midlands,-2.25901423669063,52.1736476109195,0.9467790977566325,2026
6546,West Midlands,-2.18590095141459,52.1737856317442,0.8974934777361997,2026
6547,West Midlands,-2.11278717361468,52.1738783443767,0.9453821228825472,2026
6548,West Midlands,-2.03967309674039,52.1739257482528,0.9800537958838434,2026
6549,West Midlands,-1.96655891424619,52.1739278430837,0.9806138364489568,2026
6550,West Midlands,-1.89344481958829,52.173884628857,0.8793160665929948,2026
6551,West Midlands,-1.82033100622145,52.1737961058356,0.8926651071646402,2026
6552,West Midlands,-1.74721766759575,52.1736622745589,0.9311592855874753,2026
6553,West Midlands,-1.67410499715336,52.1734831358416,0.6985942405999938,2026
6554,West Midlands,-1.60099318832529,52.1732586907745,0.8316995831981139,2026
6555,West Midlands,-1.52788243452823,52.1729889407243,0.9164844412678178,2026
6556,West Midlands,-1.45477292916126,52.1726738873332,0.7853981207282925,2026
6557,West Midlands,-1.3816648656027,52.1723135325193,0.796757582031299,2026
6558,East Midlands,-1.30855843720682,52.1719078784767,0.8241219401189455,2026
6559,East Midlands,-1.23545383730065,52.1714569276746,0.9014060248200343,2026
6560,East Midlands,-1.1623512591808,52.1709606828582,0.694329142357266,2026
6561,East Midlands,-1.08925089611016,52.1704191470483,0.8794123588535387,2026
6562,East Midlands,-1.01615294131478,52.1698323235409,0.762092779959678,2026
6563,East Midlands,-0.94305758798056,52.1692002159078,0.5839796262469241,2026
6564,East Midlands,-0.869965029250124,52.1685228279959,0.6009611344100889,2026
6565,East Midlands,-0.796875458219555,52.1678001639273,0.7282797697417686,2026
6566,South East,-0.723789067935205,52.1670322280997,0.8593626609705642,2026
6567,South East,-0.650706051390488,52.1662190251856,0.5851607074414792,2026
6568,East,-0.577626601522678,52.1653605601325,0.6568717632647557,2026
6569,East,-0.504550911209701,52.1644568381629,0.7451449443229776,2026
6570,East,-0.43147917326694,52.163507864774,0.4371084682977202,2026
6571,East,-0.35841158044404,52.162513645738,0.5634528662107453,2026
6572,East,-0.285348325421709,52.1614741871013,0.6167986139575475,2026
6573,East,-0.212289600808531,52.1603894951849,0.5643242998917554,2026
6574,East,-0.139235599137782,52.1592595765841,0.4769410619301939,2026
6575,East,-0.0661865128642332,52.1580844381685,0.644833882594232,2026
6576,East,0.006857465639019,52.1568640870815,0.5784951451275928,2026
6577,East,0.0798961440837336,52.1555985307407,0.07874111197068517,2026
6578,East,0.152929330269704,52.1542877768372,0.12378563819840653,2026
6579,East,0.225956832087923,52.1529318333359,0.8431886802759713,2026
6580,East,0.298978457523753,52.1515307084748,0.6265878696827187,2026
6581,East,0.371994014660088,52.1500844107655,0.7526365202124833,2026
6582,East,0.445003311680514,52.1485929489927,0.6399679739846822,2026
6583,East,0.518006156872458,52.1470563322136,0.5775331289332855,2026
6584,East,0.591002358630348,52.1454745697585,0.6115261523801139,2026
6585,East,0.66399172545875,52.1438476712302,0.5176940954215256,2026
6586,East,0.736974065975513,52.1421756465036,0.5061077568146626,2026
6587,East,0.809949188914904,52.1404585057261,0.11489508825900897,2026
6588,East,0.882916903130744,52.1386962593166,0.24098518530685503,2026
6589,East,0.955877017599527,52.1368889179661,0.2836729237741945,2026
6590,East,1.02882934142355,52.1350364926368,0.22253178497649495,2026
6591,East,1.10177368383402,52.1331389945625,0.44120913844256804,2026
6592,East,1.17470985419418,52.1311964352477,0.13409073881130498,2026
6593,East,1.24763766200239,52.1292088264678,0.23277503804775046,2026
6594,East,1.32055691689525,52.1271761802691,0.1831500128716523,2026
6595,East,1.39346742865068,52.1250985089678,0.11613548700787445,2026
6596,East,1.46636900719103,52.1229758251504,0.12194933591750343,2026
6597,East,1.53926146258612,52.1208081416733,0.19821585593530364,2026
6648,Wales,-4.3806144079536,52.1948617334675,0.3276354621208674,2026
6649,Wales,-4.3075259732531,52.1963145422943,0.3173045101223633,2026
6650,Wales,-4.23443143137079,52.1977221065121,0.08162115664476013,2026
6651,Wales,-4.16133097488208,52.1990844175567,0.14453479929294522,2026
6652,Wales,-4.0882247964608,52.2004014671384,0.14818544859000438,2026
6653,Wales,-4.01511308887602,52.2016732472415,0.059739574799847824,2026
6654,Wales,-3.9419960449888,52.2028997501247,0.014081321103399512,2026
6655,Wales,-3.86887385774909,52.2040809683215,0.0035615935237952767,2026
6656,Wales,-3.79574672019247,52.2052168946402,0.001741781405487499,2026
6657,Wales,-3.72261482543697,52.2063075221637,0.0012021093441731852,2026
6658,Wales,-3.64947836667991,52.2073528442503,0.0012925629583266643,2026
6659,Wales,-3.57633753719462,52.2083528545333,0.0014322383551820964,2026
6660,Wales,-3.50319253032733,52.2093075469214,0.010192378969582043,2026
6661,Wales,-3.43004353949386,52.2102169155986,0.24279747689728343,2026
6662,Wales,-3.35689075817647,52.2110809550247,0.06444901904414689,2026
6663,Wales,-3.28373437992066,52.211899659935,0.040036403500833644,2026
6664,Wales,-3.21057459833187,52.2126730253407,0.012797730405383751,2026
6665,Wales,-3.13741160707237,52.2134010465287,0.06584009828518235,2026
6666,West Midlands,-3.06424559985792,52.2140837190621,0.12810197383696026,2026
6667,West Midlands,-2.99107677045466,52.21472103878,0.21172650833768944,2026
6668,West Midlands,-2.9179053126758,52.2153130017976,0.6522325597283186,2026
6669,West Midlands,-2.8447314203784,52.2158596045065,0.8800387599455483,2026
6670,West Midlands,-2.7715552874602,52.2163608435744,0.8603955409376834,2026
6671,West Midlands,-2.69837710785631,52.2168167159454,0.8053806191841543,2026
6672,West Midlands,-2.62519707553602,52.2172272188404,0.6005998227092015,2026
6673,West Midlands,-2.55201538449957,52.2175923497562,0.5790759781034253,2026
6674,West Midlands,-2.47883222877488,52.2179121064668,0.8529574895837261,2026
6675,West Midlands,-2.40564780241432,52.2181864870223,0.9300012405413624,2026
6676,West Midlands,-2.33246229949151,52.2184154897497,0.949425024349469,2026
6677,West Midlands,-2.25927591409802,52.2185991132526,0.8352220074512339,2026
6678,West Midlands,-2.18608884034018,52.2187373564113,0.959216698499057,2026
6679,West Midlands,-2.11290127233581,52.2188302183828,0.978603389560917,2026
6680,West Midlands,-2.03971340421098,52.218877698601,0.9885833603374556,2026
6681,West Midlands,-1.96652543009678,52.2188797967763,0.8532656344315301,2026
6682,West Midlands,-1.89333754412606,52.218836512896,0.8164415368840859,2026
6683,West Midlands,-1.82014994043022,52.2187478472242,0.974900887786373,2026
6684,West Midlands,-1.74696281313593,52.2186138003017,0.8971887034255569,2026
6685,West Midlands,-1.67377635636189,52.218434372946,0.9278722388392561,2026
6686,West Midlands,-1.60059076421562,52.2182095662515,0.8556643229308967,2026
6687,West Midlands,-1.52740623079021,52.2179393815891,0.8711011392602034,2026
6688,West Midlands,-1.45422295016103,52.2176238206065,0.8041261514175863,2026
6689,West Midlands,-1.38104111638257,52.217262885228,0.863366279923368,2026
6690,West Midlands,-1.30786092348513,52.2168565776544,0.8256926638923847,2026
6691,East Midlands,-1.23468256547161,52.2164049003634,0.9233034037226369,2026
6692,East Midlands,-1.16150623631431,52.2159078561088,0.9079190567509118,2026
6693,East Midlands,-1.0883321299516,52.2153654479211,0.771492405957873,2026
6694,East Midlands,-1.01516044028479,52.214777679107,0.6264068748947889,2026
6695,East Midlands,-0.941991361174839,52.2141445532498,0.5958585849877484,2026
6696,East Midlands,-0.868825086439118,52.2134660742089,0.7261537360486365,2026
6697,East Midlands,-0.795661809848215,52.2127422461197,0.6429741721990714,2026
6698,East Midlands,-0.722501725122683,52.2119730733939,0.8241293031614836,2026
6699,East,-0.649345025929826,52.2111585607192,0.7296898236065928,2026
6700,East,-0.576191905880468,52.2102987130591,0.7268772262198062,2026
6701,East,-0.50304255852574,52.2093935356529,0.8260071196275907,2026
6702,East,-0.429897177353854,52.2084430340156,0.4624870194622491,2026
6703,East,-0.356755955786897,52.2074472139378,0.6046961073170175,2026
6704,East,-0.283619087177609,52.2064060814856,0.4842824626880609,2026
6705,East,-0.210486764806181,52.2053196430003,0.7270894530348208,2026
6706,East,-0.137359181877041,52.2041879050985,0.6839226795134483,2026
6707,East,-0.064236531515658,52.2030108746719,0.627673835736343,2026
6708,East,0.0088809932346646,52.2017885588869,0.4741203781285081,2026
6709,East,0.0819931994159829,52.2005209651851,0.17833460372613366,2026
6710,East,0.155099894158905,52.1992081012823,0.2418162530680816,2026
6711,East,0.22820088468578,52.197849975169,0.09723493246904337,2026
6712,East,0.301295978313888,52.1964465951099,0.5496208054351477,2026
6713,East,0.374384982458617,52.194997969644,0.6088531887392722,2026
6714,East,0.44746770463664,52.193504107584,0.8073705683951713,2026
6715,East,0.520543952469093,52.1919650180167,0.6682352282210948,2026
6716,East,0.593613533684741,52.1903807103021,0.4669447720538908,2026
6717,East,0.666676256123139,52.188751194074,0.6775457940669094,2026
6718,East,0.739731927737798,52.1870764792392,0.41258826026410766,2026
6719,East,0.812780356599336,52.1853565759775,0.13163421630088,2026
6720,East,0.885821350898629,52.1835914947416,0.09059644015281144,2026
6721,East,0.958854718949954,52.1817812462567,0.7885499079882475,2026
6722,East,1.03188026919414,52.1799258415203,0.11850317985778577,2026
6723,East,1.10489781020167,52.1780252918022,0.11718431067223824,2026
6724,East,1.17790715067586,52.1760796086441,0.1035081483775065,2026
6725,East,1.25090809945594,52.1740888038593,0.1531635165951189,2026
6726,East,1.3239004655202,52.1720528895325,0.126800265715994,2026
6727,East,1.39688405798908,52.1699718780196,0.15623120511720665,2026
6728,East,1.46985868612828,52.1678457819476,0.11925973732838936,2026
6729,East,1.54282415935188,52.165674614214,0.13114987172291076,2026
6730,,1.61578028722541,52.1634583879868,0.36500320530210667,2026
6782,Wales,-4.2366881930224,52.2426396316193,0.7381602439477164,2026
6783,Wales,-4.16351405701091,52.2440041363262,0.11530511802868632,2026
6784,Wales,-4.09033417906182,52.2453233068146,0.3902504577505132,2026
6785,Wales,-4.01714875261598,52.246597135043,0.1072431153068025,2026
6786,Wales,-3.94395797120678,52.2478256132453,0.07020157795259827,2026
6787,Wales,-3.87076202845702,52.2490087339308,0.011785283340197263,2026
6788,Wales,-3.79756111807563,52.2501464898845,0.0016219365749032713,2026
6789,Wales,-3.72435543385451,52.2512388741672,0.0012186043104639355,2026
6790,Wales,-3.65114516966527,52.2522858801156,0.0013069725024817355,2026
6791,Wales,-3.57793051945604,52.2532875013425,0.00267798773658189,2026
6792,Wales,-3.50471167724823,52.2542437317369,0.004954889763952583,2026
6793,Wales,-3.43148883713328,52.2551545654641,0.03911730543561682,2026
6794,Wales,-3.35826219326948,52.256019996966,0.13792282928292876,2026
6795,Wales,-3.28503193987869,52.2568400209608,0.14579465671944583,2026
6796,Wales,-3.21179827124313,52.2576146324436,0.0060488293990852895,2026
6797,Wales,-3.1385613817021,52.2583438266863,0.023951485131582833,2026
6798,Wales,-3.0653214656488,52.2590275992374,0.20487847404321327,2026
6799,West Midlands,-2.99207871752705,52.2596659459227,0.20714211294700668,2026
6800,West Midlands,-2.91883333182803,52.2602588628448,0.536624011640289,2026
6801,West Midlands,-2.84558550308707,52.2608063463836,0.785065865492251,2026
6802,West Midlands,-2.77233542588035,52.261308393196,0.8605096899379661,2026
6803,West Midlands,-2.6990832948217,52.2617650002165,0.8208346605840028,2026
6804,West Midlands,-2.62582930455933,52.2621761646567,0.36787220209063504,2026
6805,West Midlands,-2.55257364977254,52.2625418840056,0.6686499523840362,2026
6806,West Midlands,-2.47931652516852,52.2628621560297,0.5913993786725245,2026
6807,West Midlands,-2.40605812547904,52.2631369787731,0.766805331227449,2026
6808,West Midlands,-2.33279864545724,52.2633663505571,0.939925560315043,2026
6809,West Midlands,-2.25953827987433,52.263550269981,0.9444232539456805,2026
6810,West Midlands,-2.18627722351635,52.2636887359214,0.8369254714050953,2026
6811,West Midlands,-2.11301567118091,52.2637817475327,0.9637288507203299,2026
6812,West Midlands,-2.03975381767392,52.2638293042467,0.9686989521018142,2026
6813,West Midlands,-1.96649185780634,52.263831405773,0.9649466057735355,2026
6814,West Midlands,-1.8932299863909,52.263788052099,0.9272361174027348,2026
6815,West Midlands,-1.81996839823886,52.2636992434895,0.9358067189451094,2026
6816,West Midlands,-1.74670728815672,52.2635649804871,0.9704224207291285,2026
6817,West Midlands,-1.673446850943,52.263385263912,0.8661417409466639,2026
6818,West Midlands,-1.60018728138494,52.2631600948619,0.8029726972298432,2026
6819,West Midlands,-1.52692877425526,52.2628894747124,0.4503877330244562,2026
6820,West Midlands,-1.45367152430887,52.2625734051164,0.7230855732202249,2026
6821,West Midlands,-1.38041572627967,52.2622118880044,0.8251773580616596,2026
6822,West Midlands,-1.30716157487723,52.2618049255844,0.787293240591931,2026
6823,West Midlands,-1.23390926478357,52.261352520342,0.7338153866889495,2026
6824,East Midlands,-1.16065899064988,52.26085467504,0.8811347848954677,2026
6825,East Midlands,-1.08741094709329,52.2603113927186,0.6107852033543986,2026
6826,East Midlands,-1.01416532869358,52.2597226766953,0.606118043201671,2026
6827,East Midlands,-0.940922329989984,52.2590885305649,0.8669934634956568,2026
6828,East Midlands,-0.867682145477873,52.2584089581992,0.8577373466763141,2026
6829,East Midlands,-0.794444969605558,52.2576839637471,0.891877431444343,2026
6830,East Midlands,-0.72121099677102,52.2569135516345,0.7291041821297535,2026
6831,East,-0.647980421318673,52.2560977265641,0.4541133171066862,2026
6832,East,-0.574753437536115,52.2552364935156,0.476188086416424,2026
6833,East,-0.501530239650898,52.2543298577452,0.5720247754131981,2026
6834,East,-0.428311021827282,52.2533778247856,0.6695831643039434,2026
6835,East,-0.355095978163005,52.2523804004462,0.7075955076903157,2026
6836,East,-0.281885302686052,52.2513375908127,0.7746815370448227,2026
6837,East,-0.208679189351421,52.2502494022468,0.8358030075426023,2026
6838,East,-0.135477832037907,52.2491158413864,0.7767969652159321,2026
6839,East,-0.0622814245448653,52.2479369151456,0.7106032592981703,2026
6840,East,0.0109098394109916,52.2467126307139,0.7566154208745286,2026
6841,East,0.0840957661988218,52.2454429955567,0.3230981461859569,2026
6842,East,0.157276162276862,52.2441280174149,0.2317532014654324,2026
6843,East,0.230450834195631,52.2427677043047,0.25087290779820254,2026
6844,East,0.303619588601146,52.2413620645176,0.7735662129387227,2026
6845,East,0.376782232238107,52.2399111066198,0.9607532393669059,2026
6846,East,0.449938571953108,52.2384148394527,0.9930879787498867,2026
6847,East,0.52308841469782,52.2368732721323,0.8141932749166298,2026
6848,East,0.596231567532181,52.2352864140488,0.8241979884069288,2026
6849,East,0.669367837627577,52.233654274867,0.8125908924907633,2026
6850,East,0.742497032270027,52.2319768645256,0.17491390071933924,2026
6851,East,0.815618958863345,52.2302541932372,0.33141624090776034,2026
6852,East,0.888733424932322,52.2284862714883,0.16404138396036613,2026
6853,East,0.961840238125878,52.2266731100384,0.1872858390382958,2026
6854,East,1.03493920622023,52.2248147199207,0.09512082579276382,2026
6855,East,1.10803013712202,52.2229111124411,0.10200406448992329,2026
6856,East,1.18111283887152,52.2209622991784,0.07222066290487919,2026
6857,East,1.2541871196457,52.2189682919839,0.1383575405689849,2026
6858,East,1.32725278776142,52.2169291029813,0.1641292358650877,2026
6859,East,1.40030965167853,52.2148447445663,0.1201499474738928,2026
6860,East,1.47335752000302,52.2127152294064,0.1013064686228502,2026
6861,East,1.54639620149009,52.2105405704405,0.1161198354997796,2026
6862,East,1.61942550504734,52.208320780879,0.07726776861102218,2026
6915,Wales,-4.16570288109557,52.2889234462977,0.14284895255252258,2026
6916,Wales,-4.09244911017732,52.2902447419614,0.09465349438270992,2026
6917,Wales,-4.01918977133649,52.2915206224379,0.0630952658372459,2026
6918,Wales,-3.94592505878201,52.2927510799359,0.04245119153828214,2026
6919,Wales,-3.87265516681273,52.2939361069407,0.058148774429546975,2026
6920,Wales,-3.79938028981416,52.2950756962139,0.002361687948145393,2026
6921,Wales,-3.72610062225527,52.2961698407938,0.0017838150674393545,2026
6922,Wales,-3.65281635868521,52.2972185339956,0.0015482446434878624,2026
6923,Wales,-3.57952769373011,52.2982217694115,0.0033152155027119205,2026
6924,Wales,-3.5062348220898,52.2991795409107,0.014290052705576973,2026
6925,Wales,-3.43293793853458,52.3000918426398,0.07331242036078861,2026
6926,Wales,-3.35963723790198,52.3009586690224,0.019836072210914973,2026
6927,Wales,-3.28633291509348,52.30178001476,0.048108044190640666,2026
6928,Wales,-3.21302516507128,52.3025558748313,0.06924446207445067,2026
6929,Wales,-3.13971418285502,52.3032862444929,0.06245371485455674,2026
6930,Wales,-3.06640016351853,52.3039711192791,0.059035050128639244,2026
6931,West Midlands,-2.99308330218657,52.304610495002,0.12266034993180411,2026
6932,West Midlands,-2.91976379403155,52.3052043677516,0.15194536811419493,2026
6933,West Midlands,-2.84644183427029,52.3057527338962,0.22889451430171578,2026
6934,West Midlands,-2.7731176181607,52.3062555900819,0.6446219955588601,2026
6935,West Midlands,-2.69979134099857,52.3067129332331,0.8723365088001886,2026
6936,West Midlands,-2.62646319811427,52.3071247605526,0.8712652794091339,2026
6937,West Midlands,-2.55313338486944,52.3074910695211,0.8383418139784106,2026
6938,West Midlands,-2.47980209665378,52.307811857898,0.7407299362420291,2026
6939,West Midlands,-2.40646952888172,52.3080871237209,0.7611936565293528,2026
6940,West Midlands,-2.33313587698919,52.3083168653059,0.7977852102955929,2026
6941,West Midlands,-2.25980133643028,52.3085010812476,0.9390569343557341,2026
6942,West Midlands,-2.18646610267402,52.3086397704191,0.8392065186692876,2026
6943,West Midlands,-2.11313037120107,52.3087329319718,0.8123825161511898,2026
6944,West Midlands,-2.03979433750044,52.308780565336,0.9635342228449406,2026
6945,West Midlands,-1.96645819706622,52.3087826702203,0.9763232975404822,2026
6946,West Midlands,-1.89312214539426,52.3087392466118,0.9269889222856854,2026
6947,West Midlands,-1.81978637797898,52.3086502947763,0.9650947814468782,2026
6948,West Midlands,-1.74645109030997,52.3085158152583,0.9200015368298886,2026
6949,West Midlands,-1.6731164778688,52.3083358088804,0.8107979761537268,2026
6950,West Midlands,-1.59978273612569,52.3081102767441,0.9075879954212728,2026
6951,West Midlands,-1.52645006053628,52.3078392202293,0.6794584426787144,2026
6952,West Midlands,-1.45311864653828,52.3075226409942,0.8214323230462947,2026
6953,West Midlands,-1.37978868954823,52.3071605409757,0.7903399222395096,2026
6954,West Midlands,-1.30646038495826,52.3067529223889,0.8982438902706715,2026
6955,West Midlands,-1.23313392813272,52.3062997877274,0.6078839247854299,2026
6956,East Midlands,-1.159809514405,52.3058011397629,0.7142079284049603,2026
6957,East Midlands,-1.0864873390742,52.3052569815455,0.6463650379187271,2026
6958,East Midlands,-1.01316759740185,52.3046673164035,0.7599574180633475,2026
6959,East Midlands,-0.939850484608694,52.3040321479432,0.5640380575378792,2026
6960,East Midlands,-0.866536195871359,52.3033514800489,0.5053473642303258,2026
6961,East Midlands,-0.793224926319124,52.302625316883,0.6496091109658679,2026
6962,East Midlands,-0.719916871030642,52.3018536628857,0.6659140708709734,2026
6963,East Midlands,-0.646612225030676,52.301036522775,0.670796644528403,2026
6964,East Midlands,-0.573311183286845,52.3001739015466,0.41371892334985017,2026
6965,East,-0.500013940706353,52.2992658044736,0.40334275791515195,2026
6966,East,-0.426720692132743,52.2983122371068,0.5621458804777689,2026
6967,East,-0.353431632342639,52.2973132052742,0.525712419682319,2026
6968,East,-0.280146956042496,52.2962687150812,0.8098278100815349,2026
6969,East,-0.20686685786535,52.2951787729101,0.5631823880561432,2026
6970,East,-0.133591532367576,52.2940433854203,0.38790162619696167,2026
6971,East,-0.0603211740256469,52.2928625595481,0.518901051914141,2026
6972,East,0.0129440227671089,52.2916363025064,0.48271517476767706,2026
6973,East,0.0862038637037367,52.2903646217846,0.2782891485663861,2026
6974,East,0.159458154566893,52.2890475251487,0.22948731281912288,2026
6975,East,0.232706701232065,52.2876850206406,0.13740123770661966,2026
6976,East,0.305949309670799,52.2862771165787,0.31556250511384804,2026
6977,East,0.37918578595392,52.2848238215569,0.9203419581850734,2026
6978,East,0.452415936254746,52.2833251444451,0.26822695578023026,2026
6979,East,0.525639566852295,52.2817810943886,0.27072184549874645,2026
6980,East,0.598856484134495,52.2801916808081,0.2502034188213436,2026
6981,East,0.67206649460139,52.2785569133995,0.16341070883780365,2026
6982,East,0.745269404868325,52.2768768021335,0.08288509725055153,2026
6983,East,0.818465021669151,52.2751513572558,0.17720404243461754,2026
6984,East,0.891653151859403,52.2733805892864,0.1278992718011511,2026
6985,East,0.964833602419488,52.2715645090199,0.14640155746647843,2026
6986,East,1.03800618045786,52.2697031275248,0.13795936046099216,2026
6987,East,1.11117069321418,52.2677964561434,0.11957275978669117,2026
6988,East,1.18432694806251,52.2658445064921,0.1051351826905508,2026
6989,East,1.25747475251444,52.2638472904601,0.11218372239188434,2026
6990,East,1.33061391422227,52.2618048202103,0.10387426170655745,2026
6991,East,1.40374424098215,52.2597171081782,0.07347570413735731,2026
6992,East,1.4768655407372,52.2575841670721,0.10781903015948706,2026
6993,East,1.54997762158068,52.2554060098726,0.10431803504752708,2026
6994,East,1.6230802917591,52.2531826498327,0.2853229642263169,2026
7048,Wales,-4.09456960923322,52.3351657725064,0.3097568906988683,2026
7049,Wales,-4.02123616378794,52.3364437093688,0.24047435751865576,2026
7050,Wales,-3.94789732578881,52.3376761501539,0.07421913608025311,2026
7051,Wales,-3.87455329021396,52.3388630873225,0.02232608218294965,2026
7052,Wales,-3.80120425212874,52.3400045136129,0.0023370583310940536,2026
7053,Wales,-3.72785040668239,52.3411004220409,0.0021006809229092596,2026
7054,Wales,-3.65449194910487,52.3421508059002,0.0019836338476073964,2026
7055,Wales,-3.58112907470352,52.3431556587621,0.003803383150254983,2026
7056,Wales,-3.50776197885988,52.344114974476,0.002847015099883033,2026
7057,Wales,-3.43439085702634,52.3450287471696,0.010298311478455627,2026
7058,Wales,-3.36101590472292,52.3458969712484,0.014988161488486768,2026
7059,Wales,-3.28763731753399,52.3467196413967,0.052995035720946035,2026
7060,Wales,-3.21425529110498,52.3474967525771,0.014076688361627619,2026
7061,Wales,-3.14087002113912,52.3482283000307,0.034082208181232934,2026
7062,Wales,-3.06748170339415,52.3489142792773,0.10255524194653984,2026
7063,Wales,-2.99409053367904,52.3495546861155,0.23109023870349416,2026
7064,West Midlands,-2.92069670785069,52.3501495166228,0.3911328999497117,2026
7065,West Midlands,-2.84730042181066,52.3506987671556,0.5491007471002414,2026
7066,West Midlands,-2.7739018715019,52.3512024343491,0.24119191812387636,2026
7067,West Midlands,-2.70050125290541,52.3516605151178,0.8995871139376681,2026
7068,West Midlands,-2.62709876203697,52.3520730066553,0.844686810736459,2026
7069,West Midlands,-2.55369459494388,52.3524399064344,0.7922805764425536,2026
7070,West Midlands,-2.48028894770161,52.3527612122071,0.8352514219283921,2026
7071,West Midlands,-2.40688201641053,52.3530369220046,0.5251296827998825,2026
7072,West Midlands,-2.33347399719262,52.3532670341376,0.7364944048030444,2026
7073,West Midlands,-2.26006508618816,52.3534515471962,0.8908775395591781,2026
7074,West Midlands,-2.18665547955244,52.3535904600496,0.620094868965276,2026
7075,West Midlands,-2.11324537345244,52.3536837718469,0.8482015128884652,2026
7076,West Midlands,-2.03983496406355,52.3537314820161,0.6889366844604798,2026
7077,West Midlands,-1.96642444756627,52.353733590265,0.7666917435495278,2026
7078,West Midlands,-1.89301402014289,52.3536900965808,0.5346453289111125,2026
7079,West Midlands,-1.81960387797421,52.3536010012301,0.6628781775298879,2026
7080,West Midlands,-1.74619421723623,52.3534663047591,0.9547683919687291,2026
7081,West Midlands,-1.67278523409684,52.3532860079931,0.6135696058336811,2026
7082,West Midlands,-1.59937712471255,52.3530601120371,0.861536355070568,2026
7083,West Midlands,-1.52597008522515,52.3527886182756,0.8441129964416954,2026
7084,West Midlands,-1.45256431175844,52.3524715283721,0.7821514254778449,2026
7085,West Midlands,-1.37916000041492,52.3521088442698,0.44161825175581965,2026
7086,West Midlands,-1.3057573472725,52.3517005681909,0.75844302016118,2026
7087,West Midlands,-1.23235654838119,52.3512467026371,0.6498824952192789,2026
7088,East Midlands,-1.15895779975981,52.3507472503892,0.8041744441289227,2026
7089,East Midlands,-1.08556129739271,52.3502022145071,0.6894298844287846,2026
7090,East Midlands,-1.01216723722647,52.3496115983298,0.7190078531623321,2026
7091,East Midlands,-0.938775815166587,52.3489754054753,0.5015272838761485,2026
7092,East Midlands,-0.865387227074219,52.3482936398406,0.5871307275644565,2026
7093,East Midlands,-0.792001668762881,52.3475663056016,0.6317366851153511,2026
7094,East Midlands,-0.71861933599516,52.3467934072126,0.7608789398269452,2026
7095,East Midlands,-0.645240424479433,52.3459749494072,0.4930142346417234,2026
7096,East Midlands,-0.571865129866592,52.345110937197,0.5019968761390146,2026
7097,East Midlands,-0.498493647746755,52.3442013758723,0.37914138241061657,2026
7098,East,-0.425126173646,52.343246271002,0.6084920541073715,2026
7099,East,-0.351762903023087,52.3422456284328,0.5883103163205825,2026
7100,East,-0.278404031266189,52.3411994542898,0.8228125333903489,2026
7101,East,-0.205049753689625,52.3401077549761,0.8730034591127278,2026
7102,East,-0.131700265530597,52.3389705371726,0.5739028514732868,2026
7103,East,-0.0583557619459237,52.337787807838,0.5148216766103968,2026
7104,East,0.0149835619912084,52.3365595742085,0.40768671031947135,2026
7105,East,0.0883175112945042,52.3352858437978,0.3497754261029696,2026
7106,East,0.161645891067811,52.333966624397,0.10563184995249607,2026
7107,East,0.23496850650836,52.332601924074,0.13226524885710042,2026
7108,East,0.308285162910012,52.331191751174,0.22849941882955246,2026
7109,East,0.381595665666498,52.3297361143189,0.5675758053532315,2026
7110,East,0.454899820274648,52.328235022407,0.306859662326951,2026
7111,East,0.528197432337624,52.3266884846134,0.27518512967463504,2026
7112,East,0.601488307568145,52.325096510389,0.15942518250269527,2026
7113,East,0.674772251791707,52.3234591094612,0.10421703681478976,2026
7114,East,0.748049070949797,52.3217762918329,0.1292750551316035,2026
7115,East,0.821318571103111,52.3200480677827,0.07272493716994538,2026
7116,East,0.894580558434748,52.3182744478648,0.11390165590652741,2026
7117,East,0.967834839253423,52.3164554429085,0.147558188261459,2026
7118,East,1.04108121999666,52.314591064018,0.1763891791864883,2026
7119,East,1.11431950723396,52.3126813225725,0.14210164149225826,2026
7120,East,1.18754950767004,52.3107262302253,0.1277155200903583,2026
7121,East,1.26077102814794,52.3087257989046,0.13483656404058852,2026
7122,East,1.33398387565225,52.306680040812,0.15348790752191316,2026
7123,East,1.40718785731227,52.3045889684234,0.13421330215528116,2026
7124,East,1.48038278040513,52.302452594488,0.1089094286953446,2026
7125,East,1.55356845235901,52.3002709320283,0.060542518431633864,2026
7126,East,1.62674468075623,52.2980439943397,0.33208271039540804,2026
7180,Wales,-4.09669569574857,52.380086398377,0.6032206396386824,2026
7181,Wales,-4.02328794881061,52.3813663957781,0.6813790198861567,2026
7182,Wales,-3.94987479038816,52.382600823856,0.048726724464218565,2026
7183,Wales,-3.8764564161419,52.3837896750472,0.01916298948089122,2026
7184,Wales,-3.80303302182022,52.3849329420662,0.0016654935162917818,2026
7185,Wales,-3.72960480325595,52.3860306179064,0.001815995822510874,2026
7186,Wales,-3.65617195636307,52.3870826958397,0.001843480856877485,2026
7187,Wales,-3.58273467713344,52.3880891694165,0.003232121646008432,2026
7188,Wales,-3.50929316163354,52.3890500324664,0.005645248177099706,2026
7189,Wales,-3.43584760600112,52.3899652790978,0.0037823164348482633,2026
7190,Wales,-3.36239820644198,52.3908349036985,0.009350854319122246,2026
7191,Wales,-3.28894515922665,52.3916589009353,0.010970365672799832,2026
7192,Wales,-3.21548866068708,52.3924372657545,0.005943681160650069,2026
7193,West Midlands,-3.14202890721335,52.3931699933817,0.016842636256199008,2026
7194,West Midlands,-3.0685660952504,52.3938570793224,0.04706348249776606,2026
7195,West Midlands,-2.99510042129469,52.3944985193615,0.06224170065572551,2026
7196,West Midlands,-2.92163208189091,52.3950943095637,0.46336577970528325,2026
7197,West Midlands,-2.84816127362866,52.3956444462735,0.16964082022434965,2026
7198,West Midlands,-2.77468819313918,52.3961489261154,0.8714801215696878,2026
7199,West Midlands,-2.70121303709198,52.3966077459938,0.9039119477801117,2026
7200,West Midlands,-2.6277360021916,52.3970209030932,0.4697165454746533,2026
7201,West Midlands,-2.55425728517424,52.3973883948782,0.02059727868020325,2026
7202,West Midlands,-2.48077708280444,52.3977102190934,0.7399792753709189,2026
7203,West Midlands,-2.40729559187183,52.3979863737639,0.7301616203796996,2026
7204,West Midlands,-2.33381300918773,52.3982168571947,0.6226958487936578,2026
7205,West Midlands,-2.2603295315819,52.3984016679712,0.5698755407694461,2026
7206,West Midlands,-2.18684535589919,52.3985408049594,0.5703890772188304,2026
7207,West Midlands,-2.11336067899621,52.3986342673051,0.687174406441115,2026
7208,West Midlands,-2.03987569773803,52.3986820544348,0.11372917657868907,2026
7209,West Midlands,-1.96639060899487,52.3986841660552,0.14057944692487262,2026
7210,West Midlands,-1.89290560963872,52.3986406021536,0.9447642165719117,2026
7211,West Midlands,-1.81942089654012,52.3985513629973,0.5087698426557632,2026
7212,West Midlands,-1.74593666656473,52.3984164491343,0.2538883847145678,2026
7213,West Midlands,-1.6724531165701,52.3982358613926,0.7516099017820663,2026
7214,West Midlands,-1.59897044340228,52.3980096008809,0.8547941940790792,2026
7215,West Midlands,-1.52548884389257,52.397737668988,0.9542460004604209,2026
7216,West Midlands,-1.45200851485412,52.397420067383,0.5114254775136455,2026
7217,West Midlands,-1.37852965307868,52.3970567980151,0.5299525689136748,2026
7218,West Midlands,-1.30505245533326,52.3966478631141,0.6755845191207658,2026
7219,West Midlands,-1.23157711835681,52.3961932651895,0.6401431643205842,2026
7220,East Midlands,-1.15810383885689,52.3956930070313,0.6956723655589127,2026
7221,East Midlands,-1.0846328135064,52.3951470917091,0.6717569006048965,2026
7222,East Midlands,-1.01116423894021,52.394555522573,0.4292767030802804,2026
7223,East Midlands,-0.93769831175192,52.3939183032526,0.740974432579122,2026
7224,East Midlands,-0.864235228490474,52.3932354376576,0.4908682304550376,2026
7225,East Midlands,-0.790775185656912,52.3925069299772,0.7701977032337669,2026
7226,East Midlands,-0.71731837970104,52.3917327846805,0.5286766299742257,2026
7227,East Midlands,-0.643865007018131,52.3909130065162,0.507171702011869,2026
7228,East Midlands,-0.570415263945626,52.3900476005122,0.4791535447741994,2026
7229,East Midlands,-0.496969346759835,52.389136571976,0.49989083678111773,2026
7230,East,-0.423527451672644,52.3881799264944,0.49858306009531683,2026
7231,East,-0.350089774828219,52.3871776699332,0.5540043746107954,2026
7232,East,-0.276656512299718,52.3861298084374,0.6453290557536373,2026
7233,East,-0.203227860086007,52.3850363484306,0.7283533855289568,2026
7234,East,-0.129804014108372,52.3838972966156,0.36592848033393904,2026
7235,East,-0.0563851702072422,52.3827126599735,0.38716038089453203,2026
7236,East,0.0170284758610891,52.3814824457639,0.17871485283765443,2026
7237,East,0.0904367284277348,52.380206661525,0.1455150792127949,2026
7238,East,0.163839391914485,52.3788853150728,0.11408341975559555,2026
7239,East,0.237236270837075,52.3775184145017,0.1467744171506964,2026
7240,East,0.310627169808441,52.3761059681838,0.21549893239408127,2026
7241,East,0.384011893541986,52.3746479847687,0.23603120277520687,2026
7242,East,0.457390246854822,52.3731444731837,0.11164060559358074,2026
7243,East,0.53076203467103,52.3715954426334,0.03983231697482164,2026
7244,East,0.604127062024897,52.3700009025996,0.11333151302341572,2026
7245,East,0.677485134064159,52.3683608628409,0.1210487804972596,2026
7246,East,0.750836056053232,52.3666753333925,0.12909435088418655,2026
7247,East,0.824179633376449,52.3649443245665,0.08429644132108387,2026
7248,East,0.897515671541278,52.363167846951,0.07889057633203149,2026
7249,East,0.970843976181543,52.3613459114103,0.09780444734937546,2026
7250,East,1.04416435306064,52.3594785290846,0.13528053195191184,2026
7251,East,1.11747660807475,52.3575657113897,0.11290159931112217,2026
7252,East,1.19078054725603,52.3556074700168,0.12839205180984384,2026
7253,East,1.26407597677582,52.3536038169324,0.13121720142702603,2026
7254,East,1.33736270294784,52.3515547643776,0.20448556245005298,2026
7255,East,1.41064053223136,52.3494603248685,0.22451015361166252,2026
7256,East,1.48390927123439,52.3473205111955,0.1661851465907891,2026
7257,East,1.55716872671685,52.345135336423,0.0792173737670298,2026
7258,East,1.63041870559373,52.3429048138896,0.28456894792376985,2026
7313,Wales,-4.02534514533524,52.4262886816082,0.2296283947269039,2026
7314,Wales,-3.95185747082826,52.4275251009996,0.2365382820652292,2026
7315,Wales,-3.87836456216166,52.428715870086,0.004333109602497534,2026
7316,Wales,-3.80486661577017,52.4298609815587,0.0014886593558725493,2026
7317,Wales,-3.73136382817345,52.4309604283881,0.0016821803301651102,2026
7318,Wales,-3.65785639597282,52.4320142038243,0.0032209899248087357,2026
7319,Wales,-3.58434451584791,52.4330223013969,0.005658675082438447,2026
7320,Wales,-3.51082838455343,52.4339847149155,0.015035428784658472,2026
7321,Wales,-3.43730819891581,52.4349014384693,0.002010083934765545,2026
7322,Wales,-3.36378415582991,52.4357724664279,0.008533513155888971,2026
7323,Wales,-3.29025645225568,52.4365977934407,0.013599384458468254,2026
7324,West Midlands,-3.21672528521492,52.4373774144377,0.0116772314494931,2026
7325,West Midlands,-3.14319085178786,52.4381113246292,0.03496082969726956,2026
7326,West Midlands,-3.06965334910994,52.4387995195058,0.11147344761333079,2026
7327,West Midlands,-2.99611297436841,52.4394419948387,0.11752719324391145,2026
7328,West Midlands,-2.92256992479904,52.4400387466801,0.2978579797686006,2026
7329,West Midlands,-2.8490243976828,52.4405897713624,0.3287560162016497,2026
7330,West Midlands,-2.77547659034253,52.4410950654993,0.7863906234334735,2026
7331,West Midlands,-2.70192670013958,52.441554625985,0.9023045006113979,2026
7332,West Midlands,-2.62837492447053,52.441968449995,0.13759859957337756,2026
7333,West Midlands,-2.55482146076378,52.4423365349856,0.14388983702691752,2026
7334,West Midlands,-2.48126650647632,52.4426588786941,0.7156396406050191,2026
7335,West Midlands,-2.40771025909029,52.4429354791391,0.8858523493888968,2026
7336,West Midlands,-2.33415291610971,52.4431663346202,0.7039414555984216,2026
7337,West Midlands,-2.26059467505714,52.4433514437182,0.7566856140442969,2026
7338,West Midlands,-2.18703573347028,52.4434908052953,0.5437021853218182,2026
7339,West Midlands,-2.11347628889871,52.4435844184947,0.19429568436651617,2026
7340,West Midlands,-2.0399165389005,52.4436322827409,0.7004955145182977,2026
7341,West Midlands,-1.96635668103888,52.4436343977397,0.17938909905645953,2026
7342,West Midlands,-1.89279691287893,52.4435907634783,0.5997077426225202,2026
7343,West Midlands,-1.81923743198418,52.443501380225,0.28148479724262404,2026
7344,West Midlands,-1.74567843591331,52.4433662485294,0.4620877521533337,2026
7345,West Midlands,-1.67212012221683,52.4431853692225,0.8427328973804064,2026
7346,West Midlands,-1.59856268843367,52.4429587434162,0.6279395622384099,2026
7347,West Midlands,-1.52500633208793,52.442686372504,0.9088115887440736,2026
7348,West Midlands,-1.45145125068545,52.4423682581605,0.651277851651794,2026
7349,West Midlands,-1.37789764171055,52.4420044023412,0.3162990575350697,2026
7350,West Midlands,-1.30434570262266,52.441594807283,0.6332678444005997,2026
7351,East Midlands,-1.23079563085295,52.4411394755036,0.6528920528279833,2026
7352,East Midlands,-1.15724762380107,52.4406384098021,0.7956992276917603,2026
7353,East Midlands,-1.08370187883175,52.4400916132582,0.5806414826023276,2026
7354,East Midlands,-1.01015859327152,52.4394990892327,0.6773480209364471,2026
7355,East Midlands,-0.936617964405311,52.438860841367,0.8007892537714694,2026
7356,East Midlands,-0.863080189473214,52.4381768735834,0.5477782033779365,2026
7357,East Midlands,-0.789545465667086,52.437447190085,0.4102770306652956,2026
7358,East Midlands,-0.716013990127254,52.4366717953552,0.48877162917698835,2026
7359,East Midlands,-0.642485959939186,52.435850694158,0.6992517323068178,2026
7360,East Midlands,-0.568961572130172,52.4349838915379,0.7600748159673507,2026
7361,East Midlands,-0.495441023666009,52.4340713928194,0.8631343975096244,2026
7362,East Midlands,-0.42192451144768,52.4331132036076,0.461197328900981,2026
7363,East,-0.348412232308049,52.4321093297871,0.5109285586318805,2026
7364,East,-0.274904383008547,52.431059777523,0.6413422885086629,2026
7365,East,-0.201401160235869,52.4299645532598,0.17790027347171103,2026
7366,East,-0.127902760598667,52.4288236637219,0.2774995204958895,2026
7367,East,-0.0544093806242541,52.427637115913,0.16908196996558011,2026
7368,East,0.0190787832446926,52.4264049171164,0.0916774747778958,2026
7369,East,0.0925615346534266,52.4251270748946,0.12122530024940412,2026
7370,East,0.166038677338418,52.4238035970891,0.10918473141747224,2026
7371,East,0.23951001513064,52.4224344918204,0.08627977026861604,2026
7372,East,0.312975351958849,52.4210197674877,0.26200606095855844,2026
7373,East,0.386434491852864,52.4195594327688,0.22670198113595005,2026
7374,East,0.459887238946835,52.4180534966198,0.3172214181130123,2026
7375,East,0.533333397482513,52.4165019682751,0.14595103353961802,2026
7376,East,0.606772771812516,52.4149048572473,0.2129124744491204,2026
7377,East,0.680205166403584,52.4132621733264,0.09202855614505338,2026
7378,East,0.753630385839833,52.4115739265804,0.1624612223419548,2026
7379,East,0.827048234826008,52.4098401273546,0.19194758378565555,2026
7380,East,0.900458518190725,52.4080607862713,0.26984325153657207,2026
7381,East,0.973861040889704,52.4062359142302,0.08935477784826555,2026
7382,East,1.04725560800901,52.4043655224073,0.10530406217292312,2026
7383,East,1.12064202476828,52.4024496222554,0.1686361421162935,2026
7384,East,1.19402009652394,52.4004882255036,0.12146021325634365,2026
7385,East,1.26738962877243,52.3984813441569,0.10393081826543395,2026
7386,East,1.3407504271534,52.3964289904962,0.1284852620877196,2026
7387,East,1.41410229745293,52.3943311770779,0.15492322088461052,2026
7388,East,1.48744504560672,52.3921879167338,0.16664253797381282,2026
7389,East,1.56077847770327,52.3899992225705,0.08406517254549571,2026
7390,East,1.6341023999871,52.3877651079696,0.08704171934646973,2026
7391,East,1.70741661886189,52.3854855865871,0.8300378299259816,2026
7445,Wales,-4.02740777238352,52.4712105668013,0.051141149094353244,2026
7446,Wales,-3.95384538544498,52.4724489815413,0.09433368571390757,2026
7447,Wales,-3.88027774592279,52.4736416724101,0.0025683836603607206,2026
7448,Wales,-3.80670505094129,52.4747886320751,0.003178683470522899,2026
7449,Wales,-3.73312749771029,52.4758898534839,0.0021483022667842804,2026
7450,Wales,-3.65954528352171,52.4769453298647,0.0026266260214736245,2026
7451,Wales,-3.58595860574629,52.4779550547261,0.002779845511642994,2026
7452,Wales,-3.51236766183028,52.4789190218575,0.008613223040921473,2026
7453,Wales,-3.43877264929206,52.4798372253291,0.07250841665894656,2026
7454,Wales,-3.36517376571887,52.4807096594919,0.06543391081373873,2026
7455,Wales,-3.29157120876345,52.4815363189783,0.0499291086429709,2026
7456,Wales,-3.2179651761407,52.4823171987016,0.06407220725387228,2026
7457,West Midlands,-3.14435586562435,52.4830522938564,0.009190973194636904,2026
7458,West Midlands,-3.07074347504365,52.4837415999189,0.027583097780376615,2026
7459,West Midlands,-2.99712820227998,52.4843851126466,0.07838900245203076,2026
7460,West Midlands,-2.92351024526352,52.4849828280785,0.1792954484535651,2026
7461,West Midlands,-2.84988980196993,52.4855347425355,0.05237211441555456,2026
7462,West Midlands,-2.77626707041697,52.48604085262,0.22653166662214924,2026
7463,West Midlands,-2.70264224866116,52.4865011552163,0.6005689550095292,2026
7464,West Midlands,-2.62901553479445,52.4869156474905,0.12647611711218795,2026
7465,West Midlands,-2.55538712694083,52.4872843268908,0.16822247683385597,2026
7466,West Midlands,-2.48175722325299,52.4876071911471,0.8453513872569091,2026
7467,West Midlands,-2.40812602190899,52.4878842382716,0.939516133178863,2026
7468,West Midlands,-2.33449372110886,52.4881154665582,0.9099362893724516,2026
7469,West Midlands,-2.26086051907126,52.4883008745834,0.782978466127344,2026
7470,West Midlands,-2.18722661403015,52.4884404612054,0.5003930106586191,2026
7471,West Midlands,-2.11359220423137,52.4885342255646,0.8771375727408346,2026
7472,West Midlands,-2.03995748792935,52.4885821670839,0.10489475103355504,2026
7473,West Midlands,-1.96632266338369,52.4885842854681,0.13972711322811834,2026
7474,West Midlands,-1.89268792885583,52.4885405807041,0.31755006567641614,2026
7475,West Midlands,-1.8190534826057,52.4884510530613,0.7208955360564387,2026
7476,West Midlands,-1.74541952288833,52.488315703091,0.2738171887882258,2026
7477,West Midlands,-1.67178624795049,52.4881345316268,0.6948025806682238,2026
7478,West Midlands,-1.59815385602738,52.4879075397845,0.4687062546129301,2026
7479,West Midlands,-1.5245225453392,52.4876347289619,0.7163836804799145,2026
7480,West Midlands,-1.45089251408785,52.4873161008391,0.5853028564697486,2026
7481,West Midlands,-1.37726396045353,52.486951657378,0.4102535957501051,2026
7482,West Midlands,-1.30363708259142,52.4865414008226,0.6530708512449723,2026
7483,East Midlands,-1.23001207862829,52.4860853336992,0.5978183497407324,2026
7484,East Midlands,-1.15638914665917,52.4855834588155,0.7441991560524773,2026
7485,East Midlands,-1.08276848474397,52.4850357792615,0.7278946331351502,2026
7486,East Midlands,-1.00915029090418,52.4844422984088,0.615002618488937,2026
7487,East Midlands,-0.935534763119452,52.4838030199108,0.7380094869948184,2026
7488,East Midlands,-0.861922099324302,52.4831179477025,0.6061517996255223,2026
7489,East Midlands,-0.788312497404742,52.4823870860005,0.5598177132663197,2026
7490,East Midlands,-0.714706155194942,52.4816104393028,0.5647234729926139,2026
7491,East Midlands,-0.641103270473885,52.4807880123891,0.701608654502287,2026
7492,East Midlands,-0.567504040962029,52.4799198103201,0.5120998789295943,2026
7493,East Midlands,-0.493908664317969,52.4790058384377,0.6918007781300897,2026
7494,East Midlands,-0.420317338135102,52.4780461023651,0.6087903323956786,2026
7495,East,-0.346730259938298,52.4770406080061,0.5241274556671691,2026
7496,East,-0.273147627180565,52.4759893615458,0.7155525688700443,2026
7497,East,-0.199569637239731,52.4748923694496,0.15033101065352764,2026
7498,East,-0.125996487415113,52.4737496384637,0.12933665764601196,2026
7499,East,-0.0524283749242063,52.4725611756148,0.13585468516236657,2026
7500,East,0.0211345031006388,52.4713269882095,0.0916774747778958,2026
7501,East,0.0946919496155244,52.4700470838351,0.12121082690053066,2026
7502,East,0.168243767668316,52.4687214703584,0.06345330285704609,2026
7503,East,0.241789760401946,52.4673501559263,0.07557999650977444,2026
7504,East,0.315329731057711,52.4659331489652,0.13580083352297875,2026
7505,East,0.388863482978576,52.4644704581811,0.11140813404822737,2026
7506,East,0.462390819612459,52.4629620925593,0.12206902643661961,2026
7507,East,0.53591154451552,52.461408061364,0.04155165291689852,2026
7508,East,0.609425461355448,52.4598083741386,0.18239141092097583,2026
7509,East,0.682932373914732,52.4581630407049,0.1731802019244008,2026
7510,East,0.75643208609394,52.4564720711636,0.30425635016347047,2026
7511,East,0.829924401914987,52.4547354758934,0.194963511183035,2026
7512,East,0.903409125524391,52.4529532655512,0.12605363313817008,2026
7513,East,0.976886061196543,52.4511254510717,0.10384448325235474,2026
7514,East,1.05035501333695,52.4492520436675,0.12607604716549062,2026
7515,East,1.12381578648548,52.4473330548282,0.2592751427096052,2026
7516,East,1.19726818531961,52.445368496321,0.21927252957269697,2026
7517,East,1.27071201465766,52.4433583801898,0.38528396715814933,2026
7518,East,1.34414707946202,52.4413027187552,0.14438791846539117,2026
7519,East,1.41757318484238,52.4392015246142,0.09205409389787958,2026
7520,East,1.49099013605892,52.4370548106401,0.06638267382200835,2026
7521,East,1.56439773852558,52.4348625899821,0.08134016837295359,2026
7522,East,1.63779579781318,52.4326248760648,0.11368920052915199,2026
7523,East,1.7111841196527,52.4303416825885,0.04422451373121251,2026
7577,Wales,-4.0294758490687,52.5161320512994,0.12238917462584055,2026
7578,Wales,-3.95583855266247,52.5173724654382,0.027138167411015414,2026
7579,Wales,-3.88219598515979,52.5185670819906,0.0026845669363075933,2026
7580,Wales,-3.80854834437795,52.5197158936003,0.002075296657361589,2026
7581,Wales,-3.73489582822018,52.5208188931919,0.0011478001922322451,2026
7582,Wales,-3.66123863467238,52.5218760739716,0.001940187168530106,2026
7583,Wales,-3.58757696179968,52.5228874294268,0.0029005365240830994,2026
7584,Wales,-3.5139110077432,52.5238529533268,0.00843594836178749,2026
7585,Wales,-3.44024097071661,52.5247726397225,0.07742327574663294,2026
7586,Wales,-3.36656704900286,52.5256464829466,0.20121772913187636,2026
7587,Wales,-3.29288944095078,52.5264744776139,0.2725178547494177,2026
7588,Wales,-3.21920834497176,52.5272566186211,0.1918993443635159,2026
7589,Wales,-3.14552395953636,52.5279929011475,0.07730444005679364,2026
7590,Wales,-3.07183648317096,52.5286833206542,0.33611828453061665,2026
7591,West Midlands,-2.99814611445441,52.529327872885,0.0883694891759464,2026
7592,West Midlands,-2.92445305201467,52.5299265538662,0.12669013944493085,2026
7593,West Midlands,-2.85075749452541,52.5304793599065,0.009452897530426427,2026
7594,West Midlands,-2.77705964070269,52.5309862875973,0.09654674824612706,2026
7595,West Midlands,-2.70335968930154,52.5314473338129,0.4244500815292792,2026
7596,West Midlands,-2.62965783911264,52.53186249571,0.36927597936169265,2026
7597,West Midlands,-2.55595428895889,52.5322317707286,0.2384263291731593,2026
7598,West Midlands,-2.4822492376921,52.5325551565911,0.6231141712746034,2026
7599,West Midlands,-2.40854288418954,52.5328326513033,0.8360304339520792,2026
7600,West Midlands,-2.33483542735063,52.5330642531536,0.2973865297680924,2026
7601,West Midlands,-2.26112706609353,52.5332499607137,0.38176964382324396,2026
7602,West Midlands,-2.18741799935175,52.5333897728383,0.45919220695891144,2026
7603,West Midlands,-2.11370842607081,52.5334836886649,0.4791791042626083,2026
7604,West Midlands,-2.03999854520482,52.5335317076144,0.501232309153475,2026
7605,West Midlands,-1.96628855571312,52.5335338293908,0.4212839415873695,2026
7606,West Midlands,-1.89257865655691,52.5334900539809,0.6374620294857961,2026
7607,West Midlands,-1.81886904669582,52.533400381655,0.6869949700388971,2026
7608,West Midlands,-1.7451599250846,52.5332648129661,0.5043124262494801,2026
7609,West Midlands,-1.6714514906697,52.5330833487507,0.6401728720765385,2026
7610,West Midlands,-1.59774394238586,52.5328559901281,0.5674256913312964,2026
7611,West Midlands,-1.52403747915282,52.5325827385007,0.7361459309881748,2026
7612,West Midlands,-1.45033229987183,52.532263595554,0.8794353583283411,2026
7613,East Midlands,-1.37662860342238,52.5318985632563,0.6686001910888839,2026
7614,East Midlands,-1.30292658865873,52.531487643859,0.5871674507376545,2026
7615,East Midlands,-1.2292264544066,52.5310308398965,0.4670500252084722,2026
7616,East Midlands,-1.15552839945977,52.5305281541858,0.6924172809719722,2026
7617,East Midlands,-1.08183262257668,52.5299795898268,0.6106335958371917,2026
7618,East Midlands,-1.00813932247713,52.5293851502022,0.5289301735942599,2026
7619,East Midlands,-0.934448697838822,52.5287448389771,0.5658065990808883,2026
7620,East Midlands,-0.860760947294063,52.5280586600995,0.7480620968672811,2026
7621,East Midlands,-0.787076269426359,52.5273266177996,0.7126669933100986,2026
7622,East Midlands,-0.713394862767065,52.5265487165902,0.7011573815234732,2026
7623,East Midlands,-0.639716925792019,52.5257249612663,0.7280084714852895,2026
7624,East Midlands,-0.566042656918184,52.5248553569052,0.5517306962258643,2026
7625,East Midlands,-0.492372254500289,52.5239399088663,0.8043284458540424,2026
7626,East Midlands,-0.418705916827475,52.5229786227908,0.6763589759442247,2026
7627,East,-0.345043842119947,52.5219715046021,0.6797952521177336,2026
7628,East,-0.271386228525617,52.520918560505,0.7182721992005177,2026
7629,East,-0.197733274116767,52.5198197969862,0.09783190012975615,2026
7630,East,-0.124085176886703,52.5186752208137,0.12285988155723442,2026
7631,East,-0.050442134746412,52.517484839037,0.09264836764155511,2026
7632,East,0.0231956544787655,52.5162486589867,0.1754993606294355,2026
7633,East,0.0968279930524751,52.5149666882745,0.3223068643387611,2026
7634,East,0.170454683330671,52.5136389347929,0.16770779042899495,2026
7635,East,0.244075527764943,52.5122654067152,0.09056487044107991,2026
7636,East,0.317690328905837,52.5108461124952,0.1090040748934017,2026
7637,East,0.391298889406169,52.5093810608673,0.12450667016777006,2026
7638,East,0.464901012024337,52.5078702608457,0.10200784108552031,2026
7639,East,0.538496499627627,52.506313721725,0.08004650714298696,2026
7640,East,0.61208515519552,52.5047114530793,0.2309437300910245,2026
7641,East,0.685666781822983,52.5030634647625,0.14181438359880016,2026
7642,East,0.759241182723767,52.501369766908,0.18605353646556544,2026
7643,East,0.83280816123369,52.4996303699281,0.292791230926523,2026
7644,East,0.906367520813926,52.4978452845145,0.18105371758331357,2026
7645,East,0.979919065054272,52.4960145216372,0.17926061451694203,2026
7646,East,1.05346259767643,52.4941380925452,0.11080529951995913,2026
7647,East,1.12699792253726,52.4922160087654,0.21552138318606315,2026
7648,East,1.20052484363207,52.4902482821031,0.2380278546271405,2026
7649,East,1.27404316509781,52.4882349246411,0.21851613037014134,2026
7650,East,1.34755269121641,52.4861759487402,0.10887015915524262,2026
7651,East,1.42105322641792,52.4840713670381,0.09342151288323959,2026
7652,East,1.49454457528383,52.4819211924498,0.1435403267805034,2026
7653,East,1.56802654255026,52.4797254381669,0.19458390339148846,2026
7654,East,1.64149893311119,52.4774841176579,0.30257419855105333,2026
7655,East,1.71496155202166,52.475197244667,0.8780104241916113,2026
7656,,1.760896202373,52.4737440094464,0.9746366135129358,2026
7709,Wales,-4.03154939459606,52.5610531350445,0.2554685933083687,2026
7710,Wales,-3.95783699099361,52.562295552647,0.2807875064211624,2026
7711,Wales,-3.88411929769261,52.5634920987988,0.008235843754260872,2026
7712,Wales,-3.81039651320662,52.5646427661193,0.007405564262313066,2026
7713,Wales,-3.73666883613569,52.5657475475103,0.0038707621353012965,2026
7714,Wales,-3.66293646516296,52.5668064361558,0.0025661353540447286,2026
7715,Wales,-3.58919959905134,52.5678194255221,0.0021302335396861088,2026
7716,Wales,-3.51545843664015,52.5687865093581,0.00945563525769673,2026
7717,Wales,-3.4417131768417,52.5697076816954,0.0031135665074571695,2026
7718,Wales,-3.36796401863801,52.5705829368481,0.015438939685767728,2026
7719,Wales,-3.29421116107737,52.5714122694136,0.05239633362944856,2026
7720,Wales,-3.22045480327097,52.5721956742721,0.10802948451120453,2026
7721,Wales,-3.14669514438957,52.5729331465868,0.9242976395666214,2026
7722,West Midlands,-3.07293238366007,52.5736246818044,0.13211334657697268,2026
7723,West Midlands,-2.99916672036215,52.5742702756547,0.059449410311364394,2026
7724,West Midlands,-2.92539835382489,52.574869924151,0.14687869416255195,2026
7725,West Midlands,-2.85162748342337,52.5754236235899,0.03988599622124321,2026
7726,West Midlands,-2.7778543085753,52.575931370552,0.15319810956242685,2026
7727,West Midlands,-2.7040790287376,52.576393161901,0.41963502644219286,2026
7728,West Midlands,-2.63030184340304,52.5768089947848,0.6218475427370678,2026
7729,West Midlands,-2.55652295209684,52.5771788666345,0.48687352961211955,2026
7730,West Midlands,-2.48274255437324,52.5775027751656,0.7354648088046721,2026
7731,West Midlands,-2.40896084981217,52.5777807183771,0.7923670084832046,2026
7732,West Midlands,-2.33517803801578,52.578012694552,0.29616513803784894,2026
7733,West Midlands,-2.26139431860509,52.5781987022572,0.36803463900015454,2026
7734,West Midlands,-2.1876098912166,52.5783387403436,0.6904336165509343,2026
7735,West Midlands,-2.11382495549883,52.5784328079461,0.6240212274579215,2026
7736,West Midlands,-2.04003971110899,52.5784809044836,0.046314261165703384,2026
7737,West Midlands,-1.96625435770952,52.5784830296591,0.8814268499794019,2026
7738,West Midlands,-1.89246909496474,52.5784391834595,0.660404091291456,2026
7739,West Midlands,-1.81868412253741,52.5783493661558,0.6381240036199703,2026
7740,West Midlands,-1.74489964008536,52.578213578303,0.6968486680181557,2026
7741,West Midlands,-1.67111584725806,52.5780318207401,0.5488682242486216,2026
7742,West Midlands,-1.59733294369325,52.5778040945902,0.7448804985512133,2026
7743,East Midlands,-1.52355112901351,52.5775304012602,0.4768303094769195,2026
7744,East Midlands,-1.44977060282288,52.5772107424411,0.40906508364036365,2026
7745,East Midlands,-1.37599156470346,52.5768451201078,0.6574338985461499,2026
7746,East Midlands,-1.30221421421202,52.5764335365188,0.5856957845252089,2026
7747,East Midlands,-1.22843875087657,52.5759759942168,0.6696678514043428,2026
7748,East Midlands,-1.15466537419302,52.5754724960281,0.40172020974272116,2026
7749,East Midlands,-1.08089428362172,52.5749230450626,0.5372626454121283,2026
7750,East Midlands,-1.00712567858413,52.574327644714,0.6968096024793572,2026
7751,East Midlands,-0.933359758459402,52.5736862986595,0.503512337932749,2026
7752,East Midlands,-0.859596722580978,52.5729990108597,0.3954979466460162,2026
7753,East Midlands,-0.78583677023323,52.5722657855588,0.38654868123972186,2026
7754,East Midlands,-0.712080100648057,52.5714866272843,0.7997782191904206,2026
7755,East Midlands,-0.638326913001515,52.5706615408468,0.7207055926755457,2026
7756,East Midlands,-0.564577406410426,52.5697905313401,0.8723158279505547,2026
7757,East Midlands,-0.490831779929008,52.5688736041409,0.8394758045603715,2026
7758,East Midlands,-0.417090232545501,52.5679107649091,0.8774253875239404,2026
7759,East,-0.34335296317879,52.5669020195871,0.6656268010605674,2026
7760,East,-0.269620170675039,52.5658473744,0.8521579848000523,2026
7761,East,-0.195892053804328,52.5647468358557,0.20116742270454804,2026
7762,East,-0.122168811257285,52.5636004107442,0.10619348037781648,2026
7763,East,-0.0484506416417312,52.5624081061379,0.3348432117659422,2026
7764,East,0.0252622565206767,52.5611699293913,0.29371405585789095,2026
7765,East,0.0989696847977944,52.5598858881407,0.22884703182421945,2026
7766,East,0.172671444850345,52.5585559903045,0.15317284835737585,2026
7767,East,0.246367338435254,52.5571802440826,0.30530744610598004,2026
7768,East,0.320057167408999,52.5557586579562,0.25030393234699033,2026
7769,East,0.393740733730936,52.5542912406881,0.24707506020910588,2026
7770,East,0.467417839466637,52.5527780013218,0.2043421199765499,2026
7771,East,0.541088286791213,52.5512189491821,0.06950201844795603,2026
7772,East,0.614751877992638,52.5496140938744,0.2534500691599442,2026
7773,East,0.688408415475064,52.5479634452845,0.1266896933920089,2026
7774,East,0.762057701762138,52.5462670135787,0.11414357065401949,2026
7775,East,0.835699539500301,52.5445248092032,0.2857809444621648,2026
7776,East,0.909333731462098,52.5427368428843,0.21982816763752794,2026
7777,East,0.982960080549467,52.5409031256278,0.23767704904702366,2026
7778,East,1.05657838979704,52.5390236687191,0.13452788223406215,2026
7779,East,1.13018846237542,52.5370984837227,0.11648608641987569,2026
7780,East,1.20379010159445,52.5351275824819,0.1317692837883424,2026
7781,East,1.27738311090651,52.5331109771192,0.12701356611967535,2026
7782,East,1.35096729390979,52.531048680035,0.1270012085918884,2026
7783,East,1.4245424543515,52.5289407039082,0.11011522191064695,2026
7784,East,1.49810839613118,52.5267870616958,0.1052608876579565,2026
7785,East,1.57166492330394,52.5245877666321,0.10883923397596396,2026
7786,East,1.64521184008366,52.5223428322291,0.6480409529436565,2026
7787,East,1.71874895084627,52.5200522722758,0.038529457976502444,2026
7840,,-4.10741062997322,52.6046834550539,0.03424043100589468,2026
7841,Wales,-4.03362842826353,52.6059738179782,0.22908526458074568,2026
7842,Wales,-3.95984071904057,52.6072182431245,0.004241171495203093,2026
7843,Wales,-3.88604770142714,52.6084167228056,0.0032418486778393366,2026
7844,Wales,-3.81224957463644,52.6095692496171,0.06285749249664806,2026
7845,Wales,-3.73844653796863,52.6106758164375,0.013137275848979437,2026
7846,Wales,-3.66463879080753,52.6117364164286,0.011091564489523751,2026
7847,Wales,-3.59082653261713,52.6127510430354,0.0026311229367815127,2026
7848,Wales,-3.51700996293834,52.6137196899864,0.0017987150906691918,2026
7849,Wales,-3.4431892813855,52.6146423512938,0.0032418229480354033,2026
7850,Wales,-3.36936468764303,52.6155190212532,0.014407061541796511,2026
7851,Wales,-3.29553638146206,52.6163496944443,0.04682552801632674,2026
7852,Wales,-3.22170456265699,52.6171343657306,0.43293304547857,2026
7853,Wales,-3.14786943110214,52.6178730302596,0.9564042017481466,2026
7854,West Midlands,-3.07403118672831,52.618565683463,0.10016413876863317,2026
7855,West Midlands,-3.00019002951939,52.6192123210568,0.0833798333587664,2026
7856,West Midlands,-2.92634615950898,52.6198129390412,0.06490032179308537,2026
7857,West Midlands,-2.85249977677695,52.620367533701,0.281138603151123,2026
7858,West Midlands,-2.77865108144605,52.6208761016052,0.9582810519264394,2026
7859,West Midlands,-2.70480027367848,52.6213386396076,0.9677141984106897,2026
7860,West Midlands,-2.6309475536725,52.6217551448465,0.8888854392241472,2026
7861,West Midlands,-2.55709312165903,52.6221256147451,0.5319540021692604,2026
7862,West Midlands,-2.48323717789817,52.6224500470109,0.528946692671461,2026
7863,West Midlands,-2.40937992267586,52.6227284396367,0.4822169974902159,2026
7864,West Midlands,-2.33552155630041,52.6229607908998,0.20183927089533765,2026
7865,West Midlands,-2.26166227909912,52.6231470993624,0.25243048192358003,2026
7866,West Midlands,-2.18780229141481,52.6232873638717,0.7523966427886,2026
7867,West Midlands,-2.11394179360247,52.6233815835598,0.7143276234672162,2026
7868,West Midlands,-2.04008098602576,52.6234297578436,0.8337977508701981,2026
7869,West Midlands,-1.96622006905365,52.6234318864252,0.7647763330688441,2026
7870,West Midlands,-1.89235924305699,52.6233879692915,0.7010708262222385,2026
7871,West Midlands,-1.81849870840504,52.6232980067142,0.5921015020030204,2026
7872,West Midlands,-1.74463866546213,52.6231619992504,0.6991044481146494,2026
7873,West Midlands,-1.67077931458416,52.6229799477416,0.9158047715240862,2026
7874,West Midlands,-1.59692085611523,52.6227518533146,0.6113854234373185,2026
7875,East Midlands,-1.5230634903842,52.6224777173811,0.35390595509678596,2026
7876,East Midlands,-1.44920741770127,52.6221575416373,0.4708961964934601,2026
7877,East Midlands,-1.37535283835458,52.6217913280647,0.7152225060681324,2026
7878,East Midlands,-1.30149995260677,52.6213790789293,0.6349232870570194,2026
7879,East Midlands,-1.22764896069156,52.6209207967819,0.5735573207763669,2026
7880,East Midlands,-1.15380006281036,52.6204164844581,0.7110477780460421,2026
7881,East Midlands,-1.07995345912885,52.6198661450779,0.6010804727850103,2026
7882,East Midlands,-1.00610934977353,52.6192697820462,0.49821605604505226,2026
7883,East Midlands,-0.93226793482838,52.618627399052,0.43385467334981886,2026
7884,East Midlands,-0.858429414331375,52.617939000069,0.5765973718321799,2026
7885,East Midlands,-0.78459398827113,52.6172045893552,0.4428270170784557,2026
7886,East Midlands,-0.710761856583478,52.6164241714528,0.3510883415599895,2026
7887,East Midlands,-0.636933219148065,52.6155977511882,0.6589764928180619,2026
7888,East Midlands,-0.563108275784954,52.6147253336716,0.9121659603486882,2026
7889,East Midlands,-0.489287226251229,52.6138069242976,0.8017404457280046,2026
7890,East,-0.415470270237595,52.6128425287441,0.9094754293435131,2026
7891,East,-0.34165760736499,52.6118321529732,0.6224314744951744,2026
7892,East,-0.267849437181193,52.6107758032304,0.8314156899889604,2026
7893,East,-0.194045959157445,52.6096734860444,0.08611898599674486,2026
7894,East,-0.120247372685057,52.6085252082276,0.09548339945173594,2026
7895,East,-0.0464538770720368,52.6073309768755,0.23813365352051627,2026
7896,East,0.0273343284602862,52.6060907993663,0.24518778174359482,2026
7897,East,0.101117044780635,52.6048046833615,0.17201400892361832,2026
7898,East,0.174894072851154,52.6034726368051,0.24153475590125667,2026
7899,East,0.248665213730768,52.6020946679237,0.2687427383586243,2026
7900,East,0.322430268578547,52.6006707852263,0.3343160943714223,2026
7901,East,0.396189038657059,52.5992009975039,0.18330025634893626,2026
7902,East,0.469941325335722,52.5976853138298,0.162192568856829,2026
7903,East,0.543686930094149,52.5961237435591,0.38357697882125424,2026
7904,East,0.61742565452549,52.5945162963282,0.28146760430856,2026
7905,East,0.691157300339773,52.5928629820553,0.2855471553366747,2026
7906,East,0.764881669367229,52.5911638109397,0.20899340214556889,2026
7907,East,0.838598563561624,52.5894187934617,0.3237654296521129,2026
7908,East,0.912307785003576,52.5876279403823,0.25260979965517905,2026
7909,East,0.986009135903876,52.5857912627432,0.0729910836964728,2026
7910,East,1.0597024186068,52.5839087718665,0.1010531227645727,2026
7911,East,1.13338743559339,52.5819804793542,0.15686390073183726,2026
7912,East,1.2070639894848,52.5800063970883,0.13084559778892899,2026
7913,East,1.28073188304554,52.5779865372304,0.11295128019029721,2026
7914,East,1.3543909191868,52.5759209122213,0.14100544616568195,2026
7915,East,1.4280409009697,52.5738095347813,0.12124499333004572,2026
7916,East,1.50168163160859,52.5716524179092,0.3948246281042978,2026
7917,East,1.5753129144743,52.5694495748823,0.4256148774010121,2026
7918,East,1.6489345530974,52.5672010192566,0.3656648787516927,2026
7919,East,1.72254635117149,52.5649067648657,0.03936665086642043,2026
7973,Wales,-4.0357129694622,52.6508941000421,0.09724593471784274,2026
7974,Wales,-3.96184975549534,52.6521405368272,0.0024015687190592707,2026
7975,Wales,-3.88798121435575,52.6533409539822,0.0013235371758725358,2026
7976,Wales,-3.81410754595961,52.6544953440786,0.002422894884386778,2026
7977,Wales,-3.7402289503106,52.6556036999717,0.0023186385627034893,2026
7978,Wales,-3.66634562749654,52.656666014801,0.002201067383185407,2026
7979,Wales,-3.59245777768594,52.65768228199,0.001179463385358475,2026
7980,Wales,-3.51856560112466,52.6586524952469,0.002687893151975111,2026
7981,Wales,-3.44466929813243,52.6595766485641,0.00844602949226571,2026
7982,Wales,-3.37076906909952,52.6604547362188,0.02623902079083741,2026
7983,Wales,-3.29686511448325,52.6612867527729,0.47133918676144565,2026
7984,Wales,-3.22295763480466,52.6620726930731,0.0928477895517441,2026
7985,Wales,-3.149046830645,52.6628125522512,0.9073999930643796,2026
7986,Wales,-3.07513290264238,52.6635063257238,0.19330763304666784,2026
7987,West Midlands,-3.00121605148833,52.6641540091931,0.07842353606833602,2026
7988,West Midlands,-2.92729647792434,52.6647555986461,0.9365326138583647,2026
7989,West Midlands,-2.8533743827385,52.6653110903554,0.9514954040620298,2026
7990,West Midlands,-2.77944996676199,52.6658204808789,0.9614931931649928,2026
7991,West Midlands,-2.70552343086574,52.6662837670601,0.8815035660872709,2026
7992,West Midlands,-2.63159497595689,52.6667009460281,0.7697644186656591,2026
7993,West Midlands,-2.55766480297547,52.6670720151973,0.5683585750886,2026
7994,West Midlands,-2.48373311289086,52.6673969722681,0.3674215486851381,2026
7995,West Midlands,-2.40980010669845,52.6676758152265,0.31268459838214174,2026
7996,West Midlands,-2.3358659854161,52.6679085423443,0.3245989846665075,2026
7997,West Midlands,-2.2619309500808,52.6680951521789,0.12378742339308589,2026
7998,West Midlands,-2.18799520174517,52.6682356435738,0.4396268774962133,2026
7999,West Midlands,-2.11405894147401,52.6683300156583,0.40481799423733306,2026
8000,West Midlands,-2.04012237034091,52.6683782678474,0.7747268029443568,2026
8001,West Midlands,-1.96618568942478,52.6683803998421,0.8533732479657921,2026
8002,West Midlands,-1.89224909980639,52.6683364116292,0.7463936307568677,2026
8003,West Midlands,-1.81831280256497,52.6682463034817,0.7341511322302783,2026
8004,West Midlands,-1.74437699877472,52.668110075958,0.5194060091105656,2026
8005,West Midlands,-1.67044188950143,52.6679277299027,0.34363141656054197,2026
8006,West Midlands,-1.59650767579896,52.6676992664462,0.20482372558222595,2026
8007,East Midlands,-1.52257455870588,52.6674246870046,0.5460817960493975,2026
8008,East Midlands,-1.44864273924197,52.6671039932801,0.6396162839366233,2026
8009,East Midlands,-1.37471241840481,52.6667371872602,0.5876864177885861,2026
8010,East Midlands,-1.30078379716634,52.6663242712186,0.6845827328918195,2026
8011,East Midlands,-1.22685707646941,52.6658652477143,0.9550775895714947,2026
8012,East Midlands,-1.15293245722435,52.6653601195922,0.8295201625010296,2026
8013,East Midlands,-1.07901014030554,52.6648088899825,0.6178087712371523,2026
8014,East Midlands,-1.00509032654799,52.6642115623011,0.32268178852595636,2026
8015,East Midlands,-0.931173216743865,52.6635681402494,0.5518816299980016,2026
8016,East Midlands,-0.857259011639112,52.6628786278138,0.625404329794055,2026
8017,East Midlands,-0.783347911929987,52.6621430292662,0.737641152253543,2026
8018,East Midlands,-0.709440118259654,52.6613613491637,0.7343977868261804,2026
8019,East Midlands,-0.635535831214755,52.6605335923484,0.8683179343230203,2026
8020,East Midlands,-0.561635251321991,52.6596597639474,0.6050419854269132,2026
8021,East Midlands,-0.4877385790447,52.6587398693725,0.7671037246255016,2026
8022,East Midlands,-0.41384601477945,52.6577739143207,0.7043191724612619,2026
8023,East,-0.339957758852619,52.6567619047731,0.9289225642094127,2026
8024,East Midlands,-0.26607401151699,52.6557038469957,0.6142258238642075,2026
8025,East Midlands,-0.192194972948342,52.6545997475386,0.10988157299570583,2026
8026,East,-0.118320843242052,52.6534496132364,0.09956805736982155,2026
8027,East,-0.0444518224096902,52.6522534512077,0.11523076153583367,2026
8028,East,0.0294118896243726,52.6510112688548,0.18412256928254436,2026
8029,East,0.103270093026357,52.6497230738643,0.15971314224082633,2026
8030,East,0.177122588056464,52.6483888742059,0.19908961805180156,2026
8031,East,0.250969175072259,52.6470086781332,0.2511215822820966,2026
8032,East,0.324809654532049,52.6455824941829,0.27146453486172284,2026
8033,East,0.398643826998262,52.6441103311746,0.716305762869889,2026
8034,East,0.472471493140816,52.6425921982113,0.6643427240852556,2026
8035,East,0.546292453740484,52.6410281046784,0.5504794476444186,2026
8036,East,0.620106509692258,52.639418060244,0.2802525391003379,2026
8037,East,0.693913462008706,52.6377620748583,0.39416728218065417,2026
8038,East,0.767713111823319,52.636060158754,0.19009316052610395,2026
8039,East,0.841505260393864,52.6343123224455,0.6291792948088476,2026
8040,East,0.915289709105721,52.6325185767289,0.22894816070875634,2026
8041,East,0.989066259475217,52.6306789326818,0.2055967383937747,2026
8042,East,1.06283471315296,52.6287934016631,0.09869864949010114,2026
8043,East,1.13659487192717,52.6268619953127,0.16300766395380628,2026
8044,East,1.21034653772697,52.6248847255511,0.08360348794743444,2026
8045,East,1.28408951262575,52.6228616045795,0.15292373657015124,2026
8046,East,1.35782359884439,52.6207926448794,0.1418301139778009,2026
8047,,1.43154859875467,52.6186778592121,0.18224154191203468,2026
8048,East,1.50526431488246,52.6165172606188,0.14166035758504403,2026
8049,East,1.57897054991107,52.6143108624202,0.4036512512475251,2026
8050,East,1.65266710668451,52.612058678216,0.9647651418685478,2026
8051,East,1.72635378821076,52.6097607218849,0.9528657572231483,2026
8105,Wales,-4.03780303767687,52.6958139811777,0.013095799014319127,2026
8106,Wales,-3.96386411914031,52.6970624337116,0.004970394419622363,2026
8107,Wales,-3.88991985455783,52.6982647922997,0.0008012330199277538,2026
8108,Wales,-3.815970444552,52.6994210494891,0.0016451376201044763,2026
8109,Wales,-3.74201608983343,52.7005311981117,0.0010068310666352864,2026
8110,Wales,-3.66805699119733,52.7015952312846,0.0014139967134704058,2026
8111,Wales,-3.59409334952014,52.7026131424099,0.0016267986974141451,2026
8112,Wales,-3.52012536575605,52.7035849251751,0.0030491071339896893,2026
8113,Wales,-3.44615324093364,52.7045105735532,0.007885511089832351,2026
8114,Wales,-3.37217717615238,52.7053900818024,0.008500771967921159,2026
8115,Wales,-3.29819737257926,52.706223444467,0.07517570209210055,2026
8116,Wales,-3.2242140314453,52.7070106563769,0.33050262227129273,2026
8117,Wales,-3.15022735404217,52.7077517126478,0.8314209936411054,2026
8118,Wales,-3.0762375417187,52.7084466086815,0.917855272499329,2026
8119,West Midlands,-3.00224479587744,52.709095340166,0.5248638257694751,2026
8120,West Midlands,-2.92824931797125,52.7096979030752,0.8659771342041134,2026
8121,West Midlands,-2.85425130949983,52.7102542936696,0.944196178931748,2026
8122,West Midlands,-2.78025097200628,52.7107645084958,0.9876590124683611,2026
8123,West Midlands,-2.7062485070736,52.7112285443869,0.9452853413809985,2026
8124,West Midlands,-2.63224411632132,52.7116463984626,0.5788867832979728,2026
8125,West Midlands,-2.55823800140198,52.7120180681291,0.6466453452943218,2026
8126,West Midlands,-2.48423036399771,52.712343551079,0.7535571936558465,2026
8127,West Midlands,-2.41022140581674,52.7126228452917,0.48863298599977795,2026
8128,West Midlands,-2.33621132858997,52.7128559490335,0.18034469708326012,2026
8129,West Midlands,-2.26220033406749,52.7130428608571,0.08799475890949263,2026
8130,West Midlands,-2.18818862401514,52.7131835796021,0.11269211341099734,2026
8131,West Midlands,-2.11417640021103,52.7132781043949,0.3699609991035931,2026
8132,West Midlands,-2.04016386444208,52.7133264346487,0.7706553157423562,2026
8133,West Midlands,-1.96615121850058,52.7133285700635,0.7508879884443249,2026
8134,West Midlands,-1.89213866418069,52.7132845106262,0.47910932115799043,2026
8135,West Midlands,-1.81812640327502,52.7131942566103,0.7515761606618715,2026
8136,West Midlands,-1.74411463757111,52.7130578085764,0.6851694707255834,2026
8137,West Midlands,-1.67010356884805,52.7128751673717,0.7550633875455324,2026
8138,East Midlands,-1.59609339887294,52.7126463341304,0.6215196604722526,2026
8139,East Midlands,-1.52208432939746,52.7123713102731,0.9102534886620938,2026
8140,East Midlands,-1.44807656215443,52.7120500975076,0.8687503104228713,2026
8141,East Midlands,-1.37407029885431,52.7116826978281,0.6754167789353795,2026
8142,East Midlands,-1.30006574118177,52.7112691135154,0.09548617961830416,2026
8143,East Midlands,-1.22606309079221,52.7108093471371,0.7763172274907348,2026
8144,East Midlands,-1.15206254930835,52.7103034015474,0.8011290308636012,2026
8145,East Midlands,-1.0780643183167,52.7097512798867,0.4952511523240501,2026
8146,East Midlands,-1.00406859936417,52.7091529855821,0.3747677082088164,2026
8147,East Midlands,-0.930075593954586,52.7085085223469,0.28906211204724425,2026
8148,East Midlands,-0.856085503545266,52.7078178941808,0.6126626456939386,2026
8149,East Midlands,-0.782098529543541,52.7070811053697,0.6115673058415741,2026
8150,East Midlands,-0.70811487330333,52.7062981604854,0.3515741093253271,2026
8151,East Midlands,-0.63413473612169,52.7054690643859,0.5190387318297995,2026
8152,East Midlands,-0.560158319235375,52.704593822215,0.44448352917230777,2026
8153,East Midlands,-0.486185823817399,52.7036724394024,0.7039944686917594,2026
8154,East Midlands,-0.4122174509736,52.7027049216635,0.5398599443625571,2026
8155,East Midlands,-0.338253401739207,52.7016912749991,0.7716997318399003,2026
8156,East Midlands,-0.264293877075411,52.7006315056956,0.10406022618557682,2026
8157,East Midlands,-0.190339077865936,52.6995256203246,0.07628188569585487,2026
8158,East Midlands,-0.116389204913622,52.6983736257429,0.08922651147279131,2026
8159,East Midlands,-0.0424444589369957,52.6971755290924,0.09932552413641474,2026
8160,East Midlands,0.0314949594331368,52.6959313377997,0.1657773562911928,2026
8161,East,0.105428849657106,52.6946410595763,0.12258834407949452,2026
8162,East,0.179357011289786,52.6933047024181,0.1719290589457525,2026
8163,East,0.253279243984001,52.6919222746055,0.20216384890457004,2026
8164,East,0.327195347493923,52.6904937847031,0.20182745587464435,2026
8165,East,0.401105121678466,52.6890192415595,0.40986547022161,2026
8166,East,0.475008366504684,52.6874986543072,0.9222182337320405,2026
8167,East,0.548904882051148,52.6859320323623,0.47553220431667687,2026
8168,East,0.622794468511333,52.6843193854243,0.7970361958830171,2026
8169,East,0.696676926196996,52.6826607234762,0.24936843801446187,2026
8170,East,0.770552055541544,52.6809560567838,0.2687141866850509,2026
8171,East,0.844419657103402,52.6792053958958,0.331726880828383,2026
8172,East,0.918279531569374,52.6774087516435,0.30181196224475443,2026
8173,East,0.992131479757998,52.6755661351408,0.23285720983054223,2026
8174,East,1.0659753026229,52.6736775577834,0.15268888933602567,2026
8175,East,1.13981080125612,52.6717430312492,0.0722444234454679,2026
8176,East,1.21363777689149,52.6697625674977,0.20421771311150075,2026
8177,East,1.28745603090791,52.6677361787696,0.20309741004673562,2026
8178,East,1.36126536483273,52.6656638775872,0.1462205804297876,2026
8179,East,1.43506558034503,52.6635456767533,0.1518401435247827,2026
8180,East,1.50885647927895,52.6613815893516,0.1266348764011098,2026
8181,East,1.58263786362699,52.659171628746,0.8340091720053269,2026
8182,East,1.65640953554331,52.6569158085806,0.0658520681686179,2026
8183,East,1.73017129734703,52.6546141427793,0.06278064074661066,2026
8237,Wales,-4.03989865248666,52.7407334613262,0.05390530808234363,2026
8238,Wales,-3.96588382884872,52.7419839337343,0.06202283092712511,2026
8239,Wales,-3.89186364020024,52.7431882377292,0.0023070125982635253,2026
8240,Wales,-3.81783828787357,52.7443463658335,0.001046670008514845,2026
8241,Wales,-3.74380797328965,52.7454583108559,0.000980500390050902,2026
8242,Wales,-3.66977289795454,52.7465240658908,0.0008777253107099082,2026
8243,Wales,-3.59573326345598,52.7475436243189,0.000594984936434508,2026
8244,Wales,-3.52168927145998,52.7485169798069,0.001187627685610652,2026
8245,Wales,-3.44764112370733,52.749444126308,0.006051815628117815,2026
8246,Wales,-3.3735890220102,52.7503250580618,0.004368379089184774,2026
8247,Wales,-3.29953316824862,52.7511597695947,0.015378329041310068,2026
8248,Wales,-3.2254737643671,52.7519482557194,0.09089246126352707,2026
8249,Wales,-3.15141101237111,52.752690511536,0.8833020990874246,2026
8250,Wales,-3.07734511432364,52.7533865324311,0.9849325675589399,2026
8251,West Midlands,-3.00327627234177,52.7540363140784,0.985194582974095,2026
8252,West Midlands,-2.92920468859312,52.7546398524389,0.9727795682984577,2026
8253,West Midlands,-2.85513056529248,52.7551971437607,0.924085105425333,2026
8254,West Midlands,-2.78105410469828,52.7557081845792,0.9374201240913076,2026
8255,West Midlands,-2.70697550910911,52.756172971717,0.6232972914467876,2026
8256,West Midlands,-2.63289498086029,52.7565915022844,0.3810942237185121,2026
8257,West Midlands,-2.55881272232036,52.7569637736791,0.540265381520572,2026
8258,West Midlands,-2.48472893588762,52.7572897835861,0.8255600439104437,2026
8259,West Midlands,-2.41064382398664,52.7575695299784,0.5306005385146323,2026
8260,West Midlands,-2.33655758906478,52.7578030111164,0.6220453368556041,2026
8261,West Midlands,-2.26247043358872,52.7579902255481,0.14778546854420235,2026
8262,West Midlands,-2.18838256004099,52.7581311721093,0.030862067911128985,2026
8263,West Midlands,-2.11429417091643,52.7582258499236,0.17321167534964602,2026
8264,West Midlands,-2.0402054687188,52.7582742584022,0.6263177894755133,2026
8265,West Midlands,-1.96611665595719,52.7582763972442,0.3691299955186499,2026
8266,West Midlands,-1.89202793514264,52.7582322664363,0.8071914246458224,2026
8267,West Midlands,-1.81793950878458,52.7581418662531,0.8266578349356244,2026
8268,West Midlands,-1.74385157938739,52.7580051972569,0.8889560341502598,2026
8269,East Midlands,-1.66976434944689,52.7578222602978,0.9682434361536689,2026
8270,East Midlands,-1.59567802144688,52.7575930565135,0.9352596383841405,2026
8271,East Midlands,-1.52159279785564,52.7573175873295,0.9541752769025673,2026
8272,East Midlands,-1.44750888112246,52.756995854459,0.7576892027022044,2026
8273,East Midlands,-1.37342647367414,52.7566278599028,0.7689463840117495,2026
8274,East Midlands,-1.29934577791156,52.7562136059493,0.7100391359548653,2026
8275,East Midlands,-1.22526699620613,52.7557530951744,0.9696983200003929,2026
8276,East Midlands,-1.15119033089637,52.7552463304415,0.8167606348636914,2026
8277,East Midlands,-1.07711598428441,52.7546933149015,0.31510934613547303,2026
8278,East Midlands,-1.0030441586325,52.7540940519926,0.3735751709168982,2026
8279,East Midlands,-0.928975056159598,52.7534485454404,0.5878266168169124,2026
8280,East Midlands,-0.854908879037816,52.7527567992576,0.5095840727663548,2026
8281,East Midlands,-0.780845829389014,52.7520188177441,0.6520435464211727,2026
8282,East Midlands,-0.706786109281308,52.7512346054867,0.4475246045567818,2026
8283,East Midlands,-0.632729920725612,52.7504041673593,0.4922957699029125,2026
8284,East Midlands,-0.558677465672174,52.7495275085227,0.49311087581382446,2026
8285,East Midlands,-0.484628946007116,52.7486046344242,0.575119277100667,2026
8286,East Midlands,-0.410584563548981,52.7476355507978,0.8775020836528973,2026
8287,East Midlands,-0.33654452004528,52.7466202636641,0.3007476979975611,2026
8288,East Midlands,-0.262509017169035,52.7455587793301,0.09779262209167641,2026
8289,East Midlands,-0.188478256515341,52.7444511043888,0.09951098075726929,2026
8290,East Midlands,-0.114452439597916,52.7432972457195,0.07831971004868148,2026
8291,East Midlands,-0.0404317678456652,52.7420972104874,0.06107278270631568,2026
8292,East Midlands,0.0335835574007608,52.7408510061435,0.12426054072945096,2026
8293,East Midlands,0.107593334892392,52.7395586404244,0.1335445379508121,2026
8294,East Midlands,0.181597363475375,52.7382201213522,0.20201070183744146,2026
8295,East,0.255595442094391,52.7368354572344,0.27085040516652936,2026
8296,East,0.329587369796079,52.7354046566636,0.3662993523425272,2026
8297,East,0.403572945732454,52.7339277285172,0.4250077749588606,2026
8298,East,0.477551969164312,52.7324046819577,0.9808368380542988,2026
8299,East,0.551524239464644,52.7308355264319,0.31163958644174716,2026
8300,East,0.625489556122032,52.7292202716709,0.5702975652481745,2026
8301,East,0.699447718744051,52.7275589276905,0.17330233477909207,2026
8302,East,0.773398527060655,52.7258515047898,0.2998253088587377,2026
8303,East,0.847341780927567,52.7240980135521,0.32532047408527237,2026
8304,East,0.921277280329661,52.7222984648442,0.3581233481015281,2026
8305,East,0.995204825384335,52.7204528698159,0.18555918224523346,2026
8306,East,1.06912421634488,52.7185612399003,0.13654218846698046,2026
8307,East,1.14303525360385,52.7166235868135,0.1530619924348533,2026
8308,East,1.2169377376964,52.7146399225537,0.19142176400807695,2026
8309,East,1.29083146930368,52.712610259402,0.2453581263873583,2026
8310,East,1.36471624925613,52.710534609921,0.20167898240471208,2026
8311,East,1.43859187853685,52.7084129869557,0.29605011811489684,2026
8312,East,1.51245815828493,52.7062454036321,0.2746626792985465,2026
8313,East,1.58631488979876,52.7040318733578,0.4187844991455473,2026
8314,East,1.66016187453938,52.7017724098213,0.1384582583258135,2026
8368,Wales,-4.11608517752557,52.7843538087612,0.04119552780569071,2026
8369,Wales,-4.04199983356555,52.7856525404286,0.00540192160714567,2026
8370,Wales,-3.96790890358531,52.7869050368514,0.003763414877851117,2026
8371,Wales,-3.89381258953791,52.7881112902415,0.0030957332730233915,2026
8372,Wales,-3.81971109346891,52.789271293097,0.001502701515407867,2026
8373,Wales,-3.74560461751303,52.7903850382031,0.0006392040728149226,2026
8374,Wales,-3.67149336389059,52.7914525186315,0.00035113693116782665,2026
8375,Wales,-3.5973775349041,52.7924737277412,0.0006841416193194235,2026
8376,Wales,-3.52325733293482,52.7934486591783,0.0016744794010918548,2026
8377,Wales,-3.44913296043923,52.794377306876,0.0014473921184073163,2026
8378,Wales,-3.37500461994561,52.7952596650552,0.0022120557176659463,2026
8379,Wales,-3.30087251405052,52.7960957282241,0.0062015848303497625,2026
8380,Wales,-3.22673684541539,52.7968854911788,0.04875027614151764,2026
8381,West Midlands,-3.15259781676298,52.7976289490029,0.23872916185452353,2026
8382,West Midlands,-3.07845563087391,52.7983260970681,0.9230637215089822,2026
8383,West Midlands,-3.0043104905832,52.798976931034,0.9734186162034157,2026
8384,West Midlands,-2.93016259877676,52.7995814468483,0.6342792017722728,2026
8385,West Midlands,-2.85601215838791,52.8001396407466,0.8374572576264705,2026
8386,West Midlands,-2.78185937239389,52.8006515092532,0.19193788477351711,2026
8387,West Midlands,-2.70770444381235,52.8011170491801,0.5220663125991258,2026
8388,West Midlands,-2.63354757569788,52.8015362576283,0.7406475796056373,2026
8389,West Midlands,-2.5593889711385,52.8019091319867,0.4952299843810132,2026
8390,West Midlands,-2.48522883325215,52.8022356699331,0.881703400058738,2026
8391,West Midlands,-2.41106736518322,52.8025158694335,0.8390760823414823,2026
8392,West Midlands,-2.33690477009903,52.8027497287426,0.5622119588237805,2026
8393,West Midlands,-2.26274125118632,52.8029372464038,0.1230172602525516,2026
8394,West Midlands,-2.18857701164777,52.8030784212492,0.11868656684641989,2026
8395,West Midlands,-2.11441225469847,52.8031732523992,0.0645842386815111,2026
8396,West Midlands,-2.04024718356246,52.8032217392633,0.3105098588134675,2026
8397,West Midlands,-1.96608200146917,52.8032238815396,0.7170227915656091,2026
8398,West Midlands,-1.89191691164995,52.8031796792146,0.3639289052309422,2026
8399,West Midlands,-1.81775211733457,52.8030891325639,0.7285342196959168,2026
8400,West Midlands,-1.7435878217477,52.8029522421517,0.8435226906550284,2026
8401,West Midlands,-1.6694242281054,52.8027690088308,0.9873601986643424,2026
8402,West Midlands,-1.59526153961164,52.8025394337427,0.806274136850973,2026
8403,East Midlands,-1.52109995945478,52.8022635183176,0.9644268166152553,2026
8404,East Midlands,-1.44693969080407,52.8019412642741,0.9754567967145539,2026
8405,East Midlands,-1.37278093680614,52.8015726736198,0.8757070113855917,2026
8406,East Midlands,-1.29862390058152,52.8011577486505,0.817638937381435,2026
8407,East Midlands,-1.22446878522114,52.8006964919506,0.9721961474834223,2026
8408,East Midlands,-1.15031579378279,52.8001889063928,0.5717727310481175,2026
8409,East Midlands,-1.07616512928768,52.7996349951385,0.36254030868862896,2026
8410,East Midlands,-1.00201699471691,52.7990347616371,0.49621368043160347,2026
8411,East Midlands,-0.927871593007986,52.7983882096263,0.8394313407362002,2026
8412,East Midlands,-0.853729127051321,52.797695343132,0.64470264449805,2026
8413,East Midlands,-0.779589799686762,52.7969561664683,0.7105477240127602,2026
8414,East Midlands,-0.705453813700086,52.796170684237,0.5570751550119334,2026
8415,East Midlands,-0.631321371819524,52.7953389013279,0.43984760127454336,2026
8416,East Midlands,-0.557192676712277,52.7944608229188,0.5055202264218656,2026
8417,East Midlands,-0.483067930981033,52.7935364544748,0.5553508314098778,2026
8418,East Midlands,-0.408947337160493,52.7925658017488,0.7129431608511083,2026
8419,East Midlands,-0.334831097713897,52.791548870781,0.6038809135892901,2026
8420,East Midlands,-0.26071941502955,52.790485667899,0.16460426165086162,2026
8421,East Midlands,-0.186612491417358,52.7893761997176,0.09608317772572532,2026
8422,East Midlands,-0.112510529105362,52.7882204731386,0.3106173919254313,2026
8423,East Midlands,-0.038413730236275,52.7870184953505,0.24531364864313937,2026
8424,East Midlands,0.0356777031359697,52.7857702738288,0.12468697806228099,2026
8425,East Midlands,0.109763569049676,52.7844758163354,0.14882649709063187,2026
8426,East Midlands,0.183843665638836,52.7831351309188,0.13142850179491353,2026
8427,East,0.257917791136569,52.7817482259136,0.2006923904360604,2026
8428,East,0.331985743878566,52.7803151099405,0.31736301810807416,2026
8429,East,0.406047322306525,52.778835791906,0.4638664243186757,2026
8430,East,0.480102324971588,52.7773102810025,0.9560022853466358,2026
8431,East,0.554150550537757,52.7757385867077,0.30358209708435957,2026
8432,East,0.628191797785327,52.7741207187847,0.5250625026346789,2026
8433,East,0.702225865614297,52.7724566872819,0.06200090717528292,2026
8434,East,0.776252553047782,52.7707465025321,0.2703087695822179,2026
8435,East,0.850271659235425,52.7689901751533,0.4298547090930959,2026
8436,East,0.924282983456792,52.7671877160476,0.28785961517774905,2026
8437,East,0.998286325124769,52.7653391364015,0.13684953758695337,2026
8438,East,1.07228148378895,52.7634444476853,0.16952322777416798,2026
8439,East,1.14626825913904,52.7615036616534,0.1067780927136069,2026
8440,East,1.22024645100819,52.7595167903432,0.16537698295966946,2026
8441,East,1.29421585937642,52.7574838460759,0.1904622837153282,2026
8442,East,1.36817628437393,52.7554048414552,0.18117196502506697,2026
8443,East,1.44212752628453,52.7532797893677,0.21423713881673376,2026
8444,East,1.51606938554892,52.7511087029827,0.8596652624209293,2026
8445,East,1.59000166276806,52.7488915957512,0.9468035144434793,2026
8446,East,1.66392415870654,52.7466284814066,0.7520113788828577,2026
8492,Wales,-4.71133519349097,52.8171975798797,0.09693774918832303,2026
8493,Wales,-4.63722569195801,52.8188685786535,0.06348195127573326,2026
8494,Wales,-4.56310896695368,52.8204933402755,0.03994822269743569,2026
8500,Wales,-4.11826823307353,52.8292703838413,0.011872801489833378,2026
8501,Wales,-4.04410660068293,52.8305712184258,0.003625479787617971,2026
8502,Wales,-3.9699393624068,52.8318257430192,0.002246421664755421,2026
8503,Wales,-3.89576672091431,52.8330339498077,0.005026594123829515,2026
8504,Wales,-3.82158887896774,52.8341958312648,0.0007392339743125951,2026
8505,Wales,-3.74740603941899,52.835311380152,0.0005184758079081231,2026
8506,Wales,-3.67321840520614,52.8363805895185,0.001222613561101257,2026
8507,Wales,-3.59902617934993,52.8374034527013,0.0011444979704090287,2026
8508,Wales,-3.52482956495032,52.8383799633256,0.0016594273865201722,2026
8509,Wales,-3.45062876518295,52.8393101153049,0.0011030212811455806,2026
8510,Wales,-3.37642398329569,52.840193902841,0.0015616373886205223,2026
8511,Wales,-3.30221542260512,52.8410313204242,0.0022411730097864966,2026
8512,Wales,-3.22800328649305,52.8418223628333,0.007873942678390079,2026
8513,Wales,-3.15378777840302,52.8425670251361,0.01809611459155707,2026
8514,West Midlands,-3.07956910183676,52.8432653026888,0.5454551566779353,2026
8515,West Midlands,-3.00534746035074,52.843917191137,0.9818858695031348,2026
8516,West Midlands,-2.93112305755262,52.8445226864148,0.9477123389699204,2026
8517,West Midlands,-2.85689609709775,52.8450817847457,0.5642151099958824,2026
8518,West Midlands,-2.78266678268569,52.8455944826424,0.09592953964325868,2026
8519,West Midlands,-2.70843531805663,52.8460607769067,0.14841606054004164,2026
8520,West Midlands,-2.63420190698792,52.8464806646298,0.6616064417995788,2026
8521,West Midlands,-2.55996675329057,52.8468541431922,0.8587228868253778,2026
8522,West Midlands,-2.48573006080566,52.8471812102639,0.20205718394000374,2026
8523,West Midlands,-2.41149203340091,52.8474618638044,0.6899453716163614,2026
8524,West Midlands,-2.33725287496706,52.8476961020627,0.5964123548844847,2026
8525,West Midlands,-2.26301278941445,52.8478839235773,0.5278554241610643,2026
8526,West Midlands,-2.18877198066941,52.8480253271763,0.09761300224375646,2026
8527,West Midlands,-2.11453065267078,52.8481203119776,0.09603633186323807,2026
8528,West Midlands,-2.04028900936638,52.8481688773885,0.46511911626333885,2026
8529,West Midlands,-1.96604725470948,52.848171023106,0.7240382286835674,2026
8530,West Midlands,-1.89180559265526,52.8481267491169,0.6863780916277339,2026
8531,West Midlands,-1.81756422715732,52.8480360556975,0.7762649870273087,2026
8532,West Midlands,-1.74332336216413,52.8478989434139,0.7632698277037402,2026
8533,West Midlands,-1.6690832016155,52.8477154131216,0.9023364169540415,2026
8534,East Midlands,-1.59484394943907,52.8474854659659,0.7457534996954459,2026
8535,East Midlands,-1.52060580954677,52.8472091033817,0.9080534164406359,2026
8536,East Midlands,-1.44636898583131,52.8468863270935,0.6616302152209448,2026
8537,East Midlands,-1.37213368216267,52.8465171391151,0.9046407087876495,2026
8538,East Midlands,-1.29790010238454,52.8461015417499,0.29786604926857907,2026
8539,East Midlands,-1.22366845031083,52.845639537591,0.5690981302632943,2026
8540,East Midlands,-1.14943892972212,52.8451311295204,0.694723399653526,2026
8541,East Midlands,-1.0752117443622,52.8445763207099,0.8309493284043318,2026
8542,East Midlands,-1.00098709793449,52.8439751146202,0.8409282295199328,2026
8543,East Midlands,-0.926765194098557,52.8433275150014,0.6787981346872665,2026
8544,East Midlands,-0.852546236466601,52.8426335258924,0.5521007802214352,2026
8545,East Midlands,-0.778330428599938,52.8418931516216,0.8917383316802672,2026
8546,East Midlands,-0.704117974005495,52.8411063968059,0.449925777650873,2026
8547,East Midlands,-0.629909076132302,52.8402732663512,0.4726003790947145,2026
8548,East Midlands,-0.555703938367992,52.839393765452,0.45815581725771515,2026
8549,East Midlands,-0.481502764035295,52.8384678995917,0.6500699191726615,2026
8550,East Midlands,-0.407305756388546,52.8374956745419,0.8530057961620602,2026
8551,East Midlands,-0.333113118610185,52.8364770963627,0.5605741483255536,2026
8552,East Midlands,-0.258925053807267,52.8354121714024,0.08906273650107581,2026
8553,East Midlands,-0.184741765007974,52.8343009062975,0.11363947902545855,2026
8554,East Midlands,-0.110563455158129,52.8331433079723,0.2191802440799804,2026
8555,East Midlands,-0.0363903271177137,52.8319393836391,0.2142232488971961,2026
8556,East Midlands,0.0377774163426058,52.8306891407978,0.13679219360396355,2026
8557,East Midlands,0.111939572544958,52.8293925872358,0.09494367435248854,2026
8558,East Midlands,0.186095938907734,52.828049731028,0.11213093121198715,2026
8562,East,0.482659457893998,52.8222154512804,0.9783278544410531,2026
8563,East,0.556783839946266,52.8206412130095,0.5881917334509545,2026
8564,East,0.630901218884573,52.8190207265657,0.2513362123245491,2026
8565,East,0.70501139289793,52.8173540020301,0.16669655803998285,2026
8566,East,0.77911416029921,52.8156410497696,0.9838140751477112,2026
8567,East,0.85320931952857,52.8138818804367,0.665000984094273,2026
8568,East,0.927296669156872,52.8120765049694,0.9088239591899995,2026
8569,East,1.0013760078891,52.8102249345907,0.8895386018822369,2026
8570,East,1.07544713456779,52.8083271808084,0.11640077626053523,2026
8571,East,1.14950984817638,52.8063832554154,0.027882259346100342,2026
8572,East,1.22356394784266,52.8043931704885,0.05337976690119076,2026
8573,East,1.29760923284216,52.802356938389,0.1782055453069735,2026
8574,East,1.37164550260151,52.800274571762,0.054993659001238135,2026
8575,East,1.44567255670182,52.7981460835362,0.050874705126676675,2026
8576,East,1.51969019488208,52.7959714869238,0.0429144650579731,2026
8577,East,1.5936982170425,52.7937507954198,0.8693857314552635,2026
8625,Wales,-4.63994937375788,52.8637679027113,0.01432199202722623,2026
8626,Wales,-4.56575631758012,52.8653952950764,0.03846413251452437,2026
8627,Wales,-4.49155621474916,52.8669763654884,0.03389921428343312,2026
8632,Wales,-4.12045709709854,52.8741865534324,0.033429059162551636,2026
8633,Wales,-4.0462189737042,52.8754894952585,0.0035183203397648345,2026
8634,Wales,-3.97197522446246,52.8767460521938,0.0032472915221752473,2026
8635,Wales,-3.89772605276205,52.8779562163986,0.002336857296313136,2026
8636,Wales,-3.82347166208542,52.8791199803221,0.0011370886425792685,2026
8637,Wales,-3.74921225600517,52.8802373367017,0.0006502004173842381,2026
8638,Wales,-3.67494803818059,52.8813082785638,0.0012762035004812583,2026
8639,Wales,-3.60067921235415,52.8823327992236,0.0014703376517266919,2026
8640,Wales,-3.52640598234799,52.8833108922855,0.0008888663794179269,2026
8641,Wales,-3.4521285520604,52.8842425516427,0.0010930231804749508,2026
8642,Wales,-3.37784712546235,52.8851277714782,0.0010341984976491474,2026
8643,Wales,-3.30356190659392,52.8859665462641,0.0017080456805141965,2026
8644,Wales,-3.22927309956082,52.8867588707621,0.004839708889154842,2026
8645,Wales,-3.15498090853085,52.8875047400237,0.01787511542047888,2026
8646,West Midlands,-3.08068553773037,52.88820414939,0.06151058955665446,2026
8647,West Midlands,-3.0063871914408,52.888857094492,0.9234138346171802,2026
8648,West Midlands,-2.93208607399507,52.8894635712507,0.9516819743684521,2026
8649,West Midlands,-2.85778238977409,52.8900235758771,0.9306846672986574,2026
8650,West Midlands,-2.7834763432032,52.8905371048724,0.04660171044991525,2026
8651,West Midlands,-2.70916813874868,52.8910041550279,0.08227132869009401,2026
8652,West Midlands,-2.63485798091418,52.8914247234253,0.04204118602805282,2026
8653,West Midlands,-2.56054607423718,52.8917988074365,0.06030458167185116,2026
8654,West Midlands,-2.48623262328545,52.8921264047237,0.23770990886933333,2026
8655,West Midlands,-2.41191783265352,52.8924075132398,0.5632110384578612,2026
8656,West Midlands,-2.33760190695914,52.892642131228,0.45575151237374023,2026
8657,West Midlands,-2.26328505083972,52.892830257222,0.3809541153613,2026
8658,West Midlands,-2.18896746894877,52.8929718900461,0.10361947386032686,2026
8659,West Midlands,-2.11464936595242,52.8930670288152,0.13735811198119297,2026
8660,West Midlands,-2.04033094652579,52.8931156729347,0.09046843461559154,2026
8661,West Midlands,-1.96601241534951,52.8931178221007,0.6549806079467516,2026
8662,West Midlands,-1.89169397710613,52.8930734762998,0.6217394585564815,2026
8663,East Midlands,-1.8173758364766,52.8929826358093,0.8560232999250227,2026
8664,East Midlands,-1.7430581981367,52.8928453011971,0.9001720504353944,2026
8665,East Midlands,-1.66874126675352,52.8926614733216,0.9189953015864076,2026
8666,East Midlands,-1.5944252469819,52.8924311533318,0.8014053416512176,2026
8667,East Midlands,-1.52011034346088,52.8921543426674,0.9695340394884437,2026
8668,East Midlands,-1.44579676081015,52.8918310430584,0.940804023701573,2026
8669,East Midlands,-1.37148470362653,52.8914612565253,0.8274973792497642,2026
8670,East Midlands,-1.2971743764804,52.8910449853793,0.6125217128572611,2026
8671,East Midlands,-1.22286598391218,52.8905822322216,0.6894091851292165,2026
8672,East Midlands,-1.14855973042878,52.8900729999441,0.2940245012533244,2026
8673,East Midlands,-1.07425582050005,52.8895172917287,0.8466178714439678,2026
8674,East Midlands,-0.999954458555254,52.8889151110476,0.7521939049114577,2026
8675,East Midlands,-0.925655848979547,52.8882664616632,0.8755130221294155,2026
8676,East Midlands,-0.851360196110411,52.8875713476279,0.8317232781839381,2026
8677,East Midlands,-0.777067704234148,52.8868297732839,0.9258103502919842,2026
8678,East Midlands,-0.702778577582336,52.8860417432636,0.8108682373144448,2026
8679,East Midlands,-0.628493020328311,52.885207262489,0.7777016668747192,2026
8680,East Midlands,-0.554211236583637,52.8843263361716,0.5822443136706767,2026
8681,East Midlands,-0.479933430394587,52.8833989698127,0.597080899204184,2026
8682,East Midlands,-0.40565980573862,52.882425169203,0.504728363404438,2026
8683,East Midlands,-0.331390566520871,52.8814049404225,0.5161916647344907,2026
8684,East Midlands,-0.257125916570633,52.8803382898403,0.0893375361731401,2026
8685,East Midlands,-0.182866059637849,52.8792252241148,0.07873827781173912,2026
8686,East Midlands,-0.108611199389607,52.8780657501929,0.042341030205035775,2026
8687,East Midlands,-0.0343615394066347,52.8768598753107,0.04623133624532428,2026
8688,East Midlands,0.0398827168201973,52.8756076069927,0.0612548870931499,2026
8689,East Midlands,0.114121365893369,52.8743089530518,0.05394694327727722,2026
8694,East,0.485223392015315,52.8671201926296,0.9924231492285694,2026
8695,East,0.559424132485655,52.8655434051562,0.5864405282246817,2026
8696,East,0.633617844926245,52.8639202948129,0.46093853523015715,2026
8697,East,0.707804326811676,52.8622508717139,0.2762043257079259,2026
8698,East,0.781983375741149,52.86053514626,0.907735593599631,2026
8699,East,0.856154789441916,52.8587731291387,0.9130218030673348,2026
8700,East,0.930318365772723,52.8569648313239,0.943380077426727,2026
8701,East,1.00447390272724,52.8551102640751,0.8890575668040678,2026
8702,East,1.07862119843752,52.8532094389382,0.12370499590103935,2026
8703,East,1.15276005117737,52.8512623677443,0.040295134685720775,2026
8704,East,1.22689025936583,52.8492690626101,0.03801237538262535,2026
8705,East,1.30101162157052,52.8472295359371,0.04560915176067186,2026
8706,East,1.37512393651113,52.8451438004119,0.0343637523315757,2026
8707,East,1.44922700306271,52.8430118690056,0.023205942622342178,2026
8758,Wales,-4.56841071488218,52.9102968150498,0.005381250907701467,2026
8759,Wales,-4.49413405326011,52.9118804467707,0.02141588999551641,2026
8760,Wales,-4.41985052323588,52.9134176718059,0.01285509743737908,2026
8761,Wales,-4.34556032828233,52.9149084805576,0.03605840456463479,2026
8762,Wales,-4.27126367198752,52.9163528637163,0.019492317953948787,2026
8763,Wales,-4.19696075805124,52.9177508122609,0.06243683479128235,2026
8765,Wales,-4.04833697259136,52.9204073708672,0.01221760588046977,2026
8766,Wales,-3.97401650899467,52.921665964331,0.001737293105789273,2026
8767,Wales,-3.89969060360336,52.9228780899852,0.0018049442256142531,2026
8768,Wales,-3.82535946062349,52.9240437402539,0.001101781840460107,2026
8769,Wales,-3.75102328435188,52.9251629078509,0.0011678895993323727,2026
8770,Wales,-3.67668227917254,52.9262355857795,0.0012459357312193061,2026
8771,Wales,-3.60233664955315,52.9272617673331,0.002574270428577944,2026
8772,Wales,-3.52798660004156,52.9282414460947,0.001964941422135922,2026
8773,Wales,-3.45363233526223,52.9291746159379,0.00313676655592112,2026
8774,Wales,-3.37927405991273,52.9300612710261,0.0010406291914169408,2026
8775,Wales,-3.30491197876016,52.9309014058136,0.0016355749699046467,2026
8776,Wales,-3.23054629663765,52.9316950150446,0.0030651730303550067,2026
8777,Wales,-3.1561772184408,52.9324420937544,0.010343354171651236,2026
8778,Wales,-3.08180494912412,52.9331426372687,0.056912092699431,2026
8779,West Midlands,-3.00742969369751,52.9337966412043,0.7771783449839135,2026
8780,West Midlands,-2.93305165722268,52.9344041014687,0.9087242076928399,2026
8781,West Midlands,-2.85867104480964,52.9349650142605,0.9115188328087421,2026
8782,Wales,-2.78428806161309,52.9354793760692,0.097089634559586,2026
8783,West Midlands,-2.7099029128289,52.9359471836756,0.08577950114942073,2026
8784,West Midlands,-2.63551580369055,52.9363684341519,0.029504649704062823,2026
8785,West Midlands,-2.56112693946554,52.9367431248611,0.03901169748124887,2026
8786,West Midlands,-2.48673652545188,52.9370712534581,0.03308766729479725,2026
8787,West Midlands,-2.41234476697446,52.9373528178888,0.26366752191831,2026
8788,West Midlands,-2.33795186938156,52.9375878163905,0.2280435050452853,2026
8789,West Midlands,-2.26355803804121,52.9377762474924,0.11436737279827366,2026
8790,West Midlands,-2.18916347833768,52.9379181100147,0.2582238089225802,2026
8791,West Midlands,-2.11476839566789,52.9380134030694,0.13462510635553568,2026
8792,West Midlands,-2.04037299543784,52.93806212606,0.057584423460600616,2026
8793,West Midlands,-1.96597748305905,52.9380642786817,0.21398471572831612,2026
8794,West Midlands,-1.89158206394498,52.9380198609208,0.46491807495511195,2026
8795,East Midlands,-1.81718694350748,52.9379288730557,0.5781151708307407,2026
8796,East Midlands,-1.74279232715322,52.9377913156561,0.6943961632435306,2026
8797,East Midlands,-1.66839842028009,52.9376071895833,0.8891053817407982,2026
8798,East Midlands,-1.59400542827367,52.93737649599,0.7222061224968875,2026
8799,East Midlands,-1.51961355650364,52.9370992363206,0.8817430087840804,2026
8800,East Midlands,-1.44522301032024,52.9367754123109,0.9604035527569029,2026
8801,East Midlands,-1.37083399505068,52.9364050259881,0.8475025779312101,2026
8802,East Midlands,-1.29644671599556,52.9359880796709,0.5207893449464769,2026
8803,East Midlands,-1.22206137842536,52.9355245759691,0.3961149661115162,2026
8804,East Midlands,-1.14767818757683,52.9350145177841,0.7745541790101969,2026
8805,East Midlands,-1.07329734864944,52.9344579083082,0.7706076669795656,2026
8806,East Midlands,-0.998919066801849,52.9338547510253,0.8533367220374253,2026
8807,East Midlands,-0.924543547148304,52.9332050497098,0.455520624442315,2026
8808,East Midlands,-0.850170994755117,52.9325088084277,0.9125950035996275,2026
8809,East Midlands,-0.775801614637099,52.9317660315355,0.8392658261681271,2026
8810,East Midlands,-0.70143561175401,52.9309767236807,0.7772032658082573,2026
8811,East Midlands,-0.627073191007016,52.9301408898015,0.8994903779077772,2026
8812,East Midlands,-0.552714557235133,52.9292585351267,0.4741051934944844,2026
8813,East Midlands,-0.478359915211696,52.9283296651756,0.49454554897765,2026
8814,East Midlands,-0.404009469640807,52.927354285758,0.45447190446145946,2026
8815,East Midlands,-0.329663425153806,52.9263324029737,0.17595175323798018,2026
8816,East Midlands,-0.255321986305735,52.925264023213,0.254136485284301,2026
8817,East Midlands,-0.180985357571804,52.924149153156,0.10915353402197038,2026
8818,East Midlands,-0.106653743343867,52.9229877997727,0.13589516014109868,2026
8819,East Midlands,-0.0323273479268967,52.9217799703227,0.10307463928073639,2026
8820,East Midlands,0.0419936244645338,52.9205256723553,0.05789214868197538,2026
8826,East,0.487794151536304,52.9120245048879,0.9806942222710058,2026
8827,East,0.562071453071836,52.9104451629661,0.9898052600915679,2026
8828,East,0.636341701540675,52.9088194233247,0.9092297019155958,2026
8829,East,0.710604693699541,52.907147296111,0.9158218618218239,2026
8830,East,0.784860226430516,52.9054287917601,0.9049412655465824,2026
8831,East,0.859108096744503,52.9036639209945,0.8045236486672087,2026
8832,East,0.933348101784695,52.9018526948239,0.8647839257871666,2026
8833,East,1.00758003883003,52.8999951245451,0.14429451816558025,2026
8834,East,1.08180370529863,52.8980912217416,0.08188497202399919,2026
8835,East,1.15601889875128,52.8961409982834,0.29430526065178236,2026
8836,East,1.23022541689481,52.8941444663268,0.06685406971127074,2026
8837,East,1.30442305758559,52.8921016383141,0.02123257171722868,2026
8838,East,1.37861161883292,52.8900125269734,0.032884461226031086,2026
8891,,-4.49671876019517,52.9567840983206,0.023642049465980412,2026
8892,Wales,-4.42235844352194,52.9583238149116,0.0361592871319452,2026
8893,Wales,-4.34799143813889,52.959817040155,0.13905917661341793,2026
8894,Wales,-4.27361794835751,52.9612637647106,0.08266674364812492,2026
8895,Wales,-4.19923817860171,52.9626639795277,0.021275711164047608,2026
8896,Wales,-4.12485233340431,52.9640176758453,0.0029514099595083607,2026
8897,Wales,-4.05046061740355,52.9653248451921,0.00220272079214341,2026
8898,Wales,-3.97606323533951,52.9665854793867,0.0015047660269361474,2026
8899,Wales,-3.90166039205063,52.9677995705382,0.0024815480508831394,2026
8900,Wales,-3.82725229247015,52.9689671110456,0.0017437936873050863,2026
8901,Wales,-3.75283914162261,52.9700880935988,0.0011300586267585862,2026
8902,Wales,-3.67842114462024,52.9711625111781,0.0010090960490495011,2026
8903,Wales,-3.60399850665948,52.9721903570546,0.0015308028339589322,2026
8904,Wales,-3.52957143301742,52.9731716247905,0.0023221704527225983,2026
8905,Wales,-3.45514012904822,52.974106308239,0.0033514815516387394,2026
8906,Wales,-3.38070480017958,52.9749944015444,0.005114129125742239,2026
8907,Wales,-3.30626565190917,52.9758358991425,0.0032284237824419713,2026
8908,Wales,-3.23182288980108,52.9766307957605,0.013644439402026053,2026
8909,Wales,-3.15737671948225,52.9773790864172,0.01612890958103747,2026
8910,Wales,-3.0829273466389,52.978080766423,0.09541647193173611,2026
8911,Wales,-3.00847497701294,52.97873583138,0.8310125368757766,2026
8912,Wales,-2.93401981639845,52.9793442771825,0.9500434780168451,2026
8913,Wales,-2.85956207063806,52.9799061000163,0.5384869177916463,2026
8914,Wales,-2.7851019456194,52.9804212963595,0.07824240723890137,2026
8915,West Midlands,-2.71063964727148,52.9808898629824,0.04554894070889167,2026
8916,West Midlands,-2.63617538156118,52.9813117969473,0.03705320532038286,2026
8917,North West,-2.5617093544896,52.9816870956088,0.19678962060222935,2026
8918,North West,-2.48724177208852,52.9820157566137,0.18801153905733584,2026
8919,West Midlands,-2.41277284041678,52.9822977779013,0.07825350918083665,2026
8920,West Midlands,-2.33830276555672,52.9825331577033,0.0669976911825224,2026
8921,West Midlands,-2.26383175361061,52.9827218945438,0.30719254015359976,2026
8922,West Midlands,-2.189360010697,52.9828639872391,0.035667049000457036,2026
8923,West Midlands,-2.11488774294719,52.9829594348985,0.013282517194053179,2026
8924,West Midlands,-2.04041515650161,52.9830082369233,0.08213622834828119,2026
8925,West Midlands,-1.96594245750626,52.9830103930077,0.09182882935682155,2026
8926,West Midlands,-1.89146985210908,52.9829659031382,0.1581286275059349,2026
8927,West Midlands,-1.81699754645638,52.9828747675938,0.36556684354614755,2026
8928,East Midlands,-1.74252574668927,52.9827369869463,0.16004103421778826,2026
8929,East Midlands,-1.66805465894002,52.9825525620597,0.6840956673669482,2026
8930,East Midlands,-1.59358448932853,52.9823214940907,0.6913645968993858,2026
8931,East Midlands,-1.5191154439587,52.9820437844883,0.8550418705861706,2026
8932,East Midlands,-1.44464772891485,52.981719434994,0.7986299843148195,2026
8933,East Midlands,-1.37018155025814,52.9813484476418,0.7916306455731584,2026
8934,East Midlands,-1.29571711402299,52.9809308247579,0.861574603903017,2026
8935,East Midlands,-1.22125462621347,52.9804665689608,0.6079581392763502,2026
8936,East Midlands,-1.14679429279975,52.9799556831614,0.9294693421678284,2026
8937,East Midlands,-1.07233631971449,52.9793981705627,0.95473890353946,2026
8938,East Midlands,-0.997880912849261,52.9787940346598,0.8614975577598913,2026
8939,East Midlands,-0.923428278050991,52.9781432792398,0.748442250105336,2026
8940,East Midlands,-0.848978621118363,52.977445908382,0.6763149365532133,2026
8941,East Midlands,-0.774532147798251,52.9767019264571,0.7677303498817432,2026
8942,East Midlands,-0.700089063782146,52.9759113381282,0.628927679010437,2026
8943,East Midlands,-0.625649574702585,52.9750741483495,0.7404187649464062,2026
8944,East Midlands,-0.551213886129586,52.9741903623672,0.43800786206575,2026
8945,East Midlands,-0.476782203567081,52.9732599857187,0.6647863983706349,2026
8946,East Midlands,-0.402354732449356,52.9722830242329,0.6103104808397566,2026
8947,East Midlands,-0.327931678137489,52.9712594840299,0.2797330892264827,2026
8948,East Midlands,-0.253513245915799,52.9701893715208,0.20223252899177624,2026
8949,East Midlands,-0.179099640988293,52.9690726934077,0.10423335797317135,2026
8950,East Midlands,-0.104691068475116,52.9679094566837,0.1804693885110331,2026
8951,East Midlands,-0.0302877334090037,52.9666996686322,0.25180192440363197,2026
8952,East Midlands,0.0441101592682531,52.9654433368275,0.04875008457665922,2026
8959,East,0.564725826741877,52.9553464862565,0.9931344835557147,2026
8960,East,0.639072814482807,52.9537181118984,0.9662839758562259,2026
8961,East,0.713412520033593,52.9520432749984,0.9697535630896568,2026
8962,East,0.787744739555727,52.9503219860256,0.9783116177449126,2026
8963,East,0.862069269340306,52.948554255738,0.9762743766757962,2026
8964,East,0.936385905811509,52.9467400951813,0.9767604040567474,2026
8965,East,1.01069444553008,52.9448795156895,0.8102847913129283,2026
8966,East,1.0849946851968,52.9429725288841,0.09858787688859462,2026
8967,East,1.15928642165595,52.9410191466741,0.3743175220428189,2026
9025,Wales,-4.35042903241474,53.0047251799899,0.014003487970773972,2026
9026,Wales,-4.27597850472231,53.0061742507789,0.11771227430963914,2026
9027,Wales,-4.20152167461358,53.0075767365506,0.004765836776919954,2026
9028,Wales,-4.12705874734965,53.0089326285151,0.0017787966744488874,2026
9029,Wales,-4.05258992829767,53.0102419181732,0.0018365291896199178,2026
9030,Wales,-3.97811542292727,53.0115045973166,0.0004684526629073926,2026
9031,Wales,-3.90363543680701,53.0127206580283,0.0007244259785536511,2026
9032,Wales,-3.82915017560083,53.0138900926823,0.001834968951454583,2026
9033,Wales,-3.75465984506451,53.0150128939444,0.001984057223989458,2026
9034,Wales,-3.6801646510421,53.0160890547718,0.0013511405314808945,2026
9035,Wales,-3.60566479946232,53.0171185684134,0.0019893673186203832,2026
9036,Wales,-3.53116049633504,53.0181014284102,0.002606939888191506,2026
9037,Wales,-3.45665194774769,53.019037628595,0.004077649831009505,2026
9038,Wales,-3.38213935986166,53.019927163093,0.024605661279481553,2026
9039,Wales,-3.30762293890875,53.0207700263215,0.029143028363989267,2026
9040,Wales,-3.23310289118757,53.0215662129904,0.0065442601300961635,2026
9041,Wales,-3.15857942305996,53.0223157181019,0.004215183240481188,2026
9042,Wales,-3.08405274094742,53.0230185369511,0.02825294480292377,2026
9043,Wales,-3.00952305132747,53.0236746651256,0.9441671217318439,2026
9044,Wales,-2.9349905607301,53.0242840985059,0.9800777134497561,2026
9045,Wales,-2.86045547573416,53.0248468332655,0.8696589895960704,2026
9046,North West,-2.78591800296377,53.0253628658709,0.7991625108917455,2026
9047,North West,-2.71137834908469,53.0258321930816,0.14509345223671768,2026
9048,North West,-2.63683672080075,53.0262548119501,0.013268483923241472,2026
9049,North West,-2.56229332485024,53.0266307198225,0.19800161764426938,2026
9050,North West,-2.4877483680023,53.0269599143378,0.27491147735874494,2026
9051,North West,-2.41320205705331,53.0272423934284,0.20079433526006576,2026
9052,West Midlands,-2.33865459882327,53.0274781553201,0.3155219882029398,2026
9053,West Midlands,-2.26410620015224,53.0276671985322,0.5801550323076878,2026
9054,West Midlands,-2.18955706789666,53.0278095218773,0.014358529396704265,2026
9055,West Midlands,-2.11500740892581,53.0279051244614,0.03016304779568824,2026
9056,West Midlands,-2.04045743011815,53.0279540056842,0.01230066018774333,2026
9057,West Midlands,-1.96590733835771,53.0279561652385,0.14535307437032194,2026
9058,West Midlands,-1.89135734053051,53.027911603111,0.013214223439499621,2026
9059,West Midlands,-1.81680764352093,53.0278203195817,0.08746856225839394,2026
9060,East Midlands,-1.74225845420809,53.027682315224,0.06491333395177797,2026
9061,East Midlands,-1.66770997946226,53.027497590905,0.037614338995161714,2026
9062,East Midlands,-1.59316242614122,53.027266147785,0.33918771448549667,2026
9063,East Midlands,-1.51861600108667,53.0269879873181,0.7179822079783994,2026
9064,East Midlands,-1.44407091112062,53.0266631112512,0.8656920701536959,2026
9065,East Midlands,-1.36952736304177,53.0262915216252,0.8796347276762624,2026
9066,East Midlands,-1.29498556362193,53.025873220774,0.6404633607007992,2026
9067,East Midlands,-1.22044571960235,53.0254082113247,0.6486087592101893,2026
9068,East Midlands,-1.1459080376902,53.0248964961978,0.5939416157256178,2026
9069,East Midlands,-1.07137272455489,53.0243380786068,0.4906852564171055,2026
9070,East Midlands,-0.99683998682453,53.0237329620585,0.8678079917032328,2026
9071,East Midlands,-0.922310031082268,53.0230811503523,0.6638634170272625,2026
9072,East Midlands,-0.847783063862744,53.022382647581,0.38180286680948394,2026
9073,East Midlands,-0.773259291648467,53.02163745813,0.6828921552461857,2026
9074,East Midlands,-0.698738920866227,53.0208455866773,0.6229279828717266,2026
9075,East Midlands,-0.624222157883503,53.0200070381939,0.558913414479584,2026
9076,East Midlands,-0.549709209004876,53.019121817943,0.7124794310759284,2026
9077,East Midlands,-0.47520028046844,53.0181899314804,0.6775871033888902,2026
9078,East Midlands,-0.400695578442219,53.0172113846542,0.7003301944364652,2026
9079,East Midlands,-0.326195309020588,53.0161861836046,0.6367705100329435,2026
9080,East Midlands,-0.251699678220697,53.0151143347639,0.15254123061210478,2026
9081,East Midlands,-0.177208891978896,53.0139958448564,0.12657754847992492,2026
9082,East Midlands,-0.102723156147164,53.012830720898,0.17770384150087404,2026
9083,East Midlands,-0.0282426764895437,53.0116189701964,0.15949740357365513,2026
9084,East Midlands,0.0462323413214194,53.0103606003506,0.12589860030725952,2026
9085,East Midlands,0.120701691708238,53.0090556192509,0.05793514538440583,2026
9158,Wales,-4.27834536352389,53.0510843218106,0.08194929061469798,2026
9159,Wales,-4.20381126780055,53.0524890832363,0.004451827571505471,2026
9160,Wales,-4.12927105310238,53.053847175392,0.001130738494168321,2026
9161,Wales,-4.05472492552898,53.0551585897504,0.0005281872499035017,2026
9162,Wales,-3.98017309128308,53.0564233180761,0.0008715863681832312,2026
9163,Wales,-3.9056157566669,53.0576413524261,0.001005979645858388,2026
9164,Wales,-3.83105312807866,53.0588126851492,0.0020288438681528506,2026
9165,Wales,-3.75648541200896,53.0599373088869,0.0026305693053946854,2026
9166,Wales,-3.68191281503718,53.0610152165733,0.0024530723802966645,2026
9167,Wales,-3.60733554382794,53.0620464014349,0.0023420651616157936,2026
9168,Wales,-3.53275380512744,53.0630308569914,0.002330600424782291,2026
9169,Wales,-3.45816780575996,53.0639685770553,0.003399941584893568,2026
9170,Wales,-3.38357775262416,53.0648595557323,0.011508979993905563,2026
9171,Wales,-3.30898385268954,53.0657037874213,0.05823698945846176,2026
9172,Wales,-3.23438631299284,53.0665012668148,0.027764711726543836,2026
9173,Wales,-3.1597853406344,53.0672519888985,0.004742491530464525,2026
9174,Wales,-3.08518114277455,53.0679559489518,0.025778002138030255,2026
9175,Wales,-3.01057392663003,53.068613142548,0.7454943160409079,2026
9176,Wales,-2.93596389947035,53.0692235655537,0.9807767946980712,2026
9177,North West,-2.86135126861417,53.06978721413,0.8995181093647787,2026
9178,North West,-2.78673624142569,53.0703040847315,0.7478285388308729,2026
9179,North West,-2.71211902531102,53.0707741741071,0.07242757663188915,2026
9180,North West,-2.63749982771457,53.0711974792997,0.029178292544451877,2026
9181,North West,-2.56287885611541,53.0715739976463,0.15815677103850412,2026
9182,North West,-2.48825631802365,53.0719037267784,0.23748179522324533,2026
9183,North West,-2.4136324209768,53.0721866646214,0.5465001147767452,2026
9184,North West,-2.33900737253615,53.0724228093954,0.7518966479076967,2026
9185,West Midlands,-2.26438138028315,53.0726121596146,0.12358488993065625,2026
9186,West Midlands,-2.18975465181576,53.0727547140878,0.0567187413351476,2026
9187,West Midlands,-2.11512739474483,53.0728504719181,0.01688227595591215,2026
9188,West Midlands,-2.04049981669044,53.072899432503,0.027266457308434234,2026
9189,West Midlands,-1.9658721252783,53.0729015955346,0.05980183142792348,2026
9190,West Midlands,-1.89124452813613,53.0728569609993,0.07181980535166635,2026
9191,West Midlands,-1.81661723288996,53.072765529178,0.07193278714051816,2026
9192,East Midlands,-1.74199044716055,53.0726273006463,0.07127127642695384,2026
9193,East Midlands,-1.66736437855975,53.0724422762738,0.060738139354381805,2026
9194,East Midlands,-1.59273923468687,53.0722104572249,0.045841122838445485,2026
9195,East Midlands,-1.518115223125,53.0719318449583,0.09996236614379114,2026
9196,East Midlands,-1.44349255143746,53.071606441227,0.6018161180023752,2026
9197,East Midlands,-1.3688714271641,53.0712342480782,0.9029798535558023,2026
9198,East Midlands,-1.2942520578177,53.0708152678538,0.29722027898881875,2026
9199,East Midlands,-1.21963465088033,53.0703495031895,0.19491720887488484,2026
9200,East Midlands,-1.14501941379974,53.0698369570155,0.3833410690456533,2026
9201,East Midlands,-1.07040655398571,53.0692776325559,0.1004681198418189,2026
9202,East Midlands,-0.995796278806459,53.068671533329,0.5667414695439859,2026
9203,East Midlands,-0.921188795584986,53.068018663147,0.8234172290182793,2026
9204,East Midlands,-0.846584311595472,53.0673190261159,0.46795673042323804,2026
9205,East Midlands,-0.771983034059655,53.0665726266357,0.6843641901466633,2026
9206,East Midlands,-0.697385170143216,53.0657794694,0.8071578304051152,2026
9207,East Midlands,-0.622790926952166,53.064939559396,0.7493284973145558,2026
9208,East Midlands,-0.548200511529234,53.0640529019044,0.5409345464692362,2026
9209,East Midlands,-0.473614130850259,53.0631195024993,0.6209323564777747,2026
9210,East Midlands,-0.399031991820585,53.0621393670482,0.6918677617609459,2026
9211,East Midlands,-0.32445430127146,53.0611125017115,0.16850948613898453,2026
9212,East Midlands,-0.249881265956437,53.0600389129428,0.1765655830662426,2026
9213,East Midlands,-0.17531309254778,53.0589186074885,0.19728801103585966,2026
9214,East Midlands,-0.10074998763287,53.0577515923877,0.1726132664616975,2026
9215,East Midlands,-0.0261921577106185,53.0565378749721,0.13237784534056754,2026
9216,East Midlands,0.0483601908121174,53.055277462866,0.0960464795597273,2026
9217,East Midlands,0.122906851624113,53.0539703639856,0.06634675286146487,2026
9218,East Midlands,0.197447618513353,53.0526165865395,0.13145159587483485,2026
9290,Wales,-4.28071854731382,53.0959939776945,0.039379351256995966,2026
9291,Wales,-4.20610697998236,53.0974010194912,0.004457369611475355,2026
9292,Wales,-4.13148927174977,53.0987613163992,0.0008169708076135964,2026
9293,Wales,-4.05686562945167,53.1000748598632,0.0003819981445370558,2026
9294,Wales,-3.98223626002743,53.1013416416207,0.0003819981445370558,2026
9295,Wales,-3.90760137051655,53.1025616537022,0.0020676445172009388,2026
9296,Wales,-3.83296116805508,53.1037348884315,0.00425879688914785,2026
9297,Wales,-3.75831585987201,53.1048613384256,0.0025756042738035783,2026
9298,Wales,-3.68366565328569,53.1059409965952,0.0026279393220294428,2026
9299,Wales,-3.60901075570016,53.1069738561445,0.0029305755095463395,2026
9300,Wales,-3.53435137460161,53.1079599105719,0.0036165732090787293,2026
9301,Wales,-3.45968771755473,53.1088991536693,0.006428322694730897,2026
9302,Wales,-3.38501999219906,53.1097915795229,0.10263653637213924,2026
9303,Wales,-3.31034840624543,53.1106371825133,0.220961836633726,2026
9304,Wales,-3.23567316747229,53.1114359573151,0.02877995884777845,2026
9305,Wales,-3.16099448372207,53.1121878988977,0.010450467975915752,2026
9306,Wales,-3.0863125628976,53.1128930025248,0.13385889542206827,2026
9307,Wales,-3.01162761295842,53.1135512637549,0.6001809089418274,2026
9308,Wales,-2.93693984191717,53.1141626784413,0.9779794304922089,2026
9309,North West,-2.86224945783595,53.114727242732,0.9691719825917839,2026
9310,North West,-2.78755666882268,53.1152449530701,0.8654901247660354,2026
9311,North West,-2.71286168302743,53.1157158061937,0.14276224968935608,2026
9312,North West,-2.63816470863882,53.1161397991359,0.19844388078309438,2026
9313,North West,-2.56346595388031,53.1165169292249,0.2433280036798707,2026
9314,North West,-2.48876562700662,53.1168471940844,0.12489565204522993,2026
9315,North West,-2.41406393630002,53.1171305916329,0.22260733643147063,2026
9316,North West,-2.33936109006673,53.1173671200846,0.4335941431803968,2026
9317,North West,-2.26465729663322,53.1175567779488,0.32055332693983507,2026
9318,West Midlands,-2.18995276434258,53.1176995640303,0.014698040179262677,2026
9319,West Midlands,-2.11524770155087,53.1177954774293,0.023796255097102495,2026
9320,West Midlands,-2.04054231662345,53.1178445175413,0.01317496020226074,2026
9321,West Midlands,-1.96583681793134,53.1178466840573,0.004218272605821069,2026
9322,West Midlands,-1.89113141384754,53.1178019769638,0.01110611739397052,2026
9323,West Midlands,-1.81642631274342,53.1177103965426,0.025293212376577646,2026
9324,East Midlands,-1.74172172298501,53.1175719433711,0.033229646758939496,2026
9325,East Midlands,-1.66701785292936,53.1173866183219,0.052659860926609174,2026
9326,East Midlands,-1.59231491092093,53.1171544225631,0.06958611169564936,2026
9327,East Midlands,-1.51761310528786,53.1168753575583,0.0220141940191629,2026
9328,East Midlands,-1.44291264433839,53.1165494250663,0.6771789066621517,2026
9329,East Midlands,-1.36821373635714,53.1161766271412,0.598318508468495,2026
9330,East Midlands,-1.29351658960151,53.1157569661325,0.6534077628565432,2026
9331,East Midlands,-1.21882141229801,53.1152904446847,0.06128009614285111,2026
9332,East Midlands,-1.1441284126386,53.1147770657376,0.16362792179868194,2026
9333,East Midlands,-1.06943779877705,53.114216832526,0.5829428041767075,2026
9334,East Midlands,-0.994749778825323,53.1136097485799,0.43468655995615035,2026
9335,East Midlands,-0.920064560849869,53.112955817724,0.7940562188549082,2026
9336,East Midlands,-0.845382352868037,53.112255044078,0.9539117469447057,2026
9337,East Midlands,-0.770703362844411,53.1115074320565,0.7654021030587675,2026
9338,East Midlands,-0.696027798687176,53.1107129863684,0.6749064543860992,2026
9339,East Midlands,-0.621355868244484,53.1098717120175,0.8014840078065394,2026
9340,East Midlands,-0.54668777930082,53.1089836143021,0.6272107406063642,2026
9341,East Midlands,-0.472023739573375,53.1080486988146,0.3408000499036617,2026
9342,East Midlands,-0.397363956708414,53.1070669714418,0.7051590125691554,2026
9343,East Midlands,-0.322708638277656,53.1060384383646,0.27889669939539957,2026
9344,East Midlands,-0.248057991774654,53.104963106058,0.17198835632787132,2026
9345,East Midlands,-0.173412224611177,53.1038409812905,0.23708773124780289,2026
9346,East Midlands,-0.0987715441135943,53.1026720711246,0.09648583920769102,2026
9347,East Midlands,-0.0241361575192702,53.1014563829162,0.12456622807702704,2026
9348,East Midlands,0.0504937280270446,53.1001939243147,0.06677855859078358,2026
9349,East Midlands,0.125117905476814,53.0988847032627,0.07366496281789807,2026
9350,East Midlands,0.199736167881312,53.0975287279956,0.04879402464033973,2026
9351,East Midlands,0.27434830839522,53.0961260070421,0.1417928137423228,2026
9421,Wales,-4.35778095402031,53.1394470796307,0.013033113253660116,2026
9423,Wales,-4.20840883308543,53.1423125452211,0.006476675842833131,2026
9424,Wales,-4.1337134244822,53.1436750514597,0.004247804275119057,2026
9425,Wales,-4.05901206051945,53.1449907284511,0.0007253833542329139,2026
9426,Wales,-3.98430494887679,53.1462595679056,0.0003819981445370558,2026
9427,Wales,-3.90959229733457,53.1474815618271,0.000649753107715756,2026
9428,Wales,-3.83487431377028,53.1486567025143,0.0047236676754339995,2026
9429,Wales,-3.76015120615493,53.1497849825596,0.01513491848702885,2026
9430,Wales,-3.68542318254941,53.1508663948502,0.013820529544188909,2026
9431,Wales,-3.61069045110083,53.1519009325681,0.005649227823093946,2026
9432,Wales,-3.53595322003897,53.1528885891898,0.0076064934382868415,2026
9433,Wales,-3.46121169767253,53.1538293584869,0.05320611598014362,2026
9434,Wales,-3.3864660923856,53.154723234526,0.35739844148664157,2026
9435,Wales,-3.31171661263392,53.155570211669,0.4103392260012203,2026
9436,Wales,-3.23696346694129,53.156370284573,0.008846641326963042,2026
9437,Wales,-3.16220686389589,53.1571234481906,0.16272643383052596,2026
9438,Wales,-3.08744701214665,53.1578296977698,0.5679671384823093,2026
9439,Wales,-3.01268412039957,53.1584890288546,0.8237822256172078,2026
9440,North West,-2.93791839741407,53.1591014372844,0.9067855530612154,2026
9441,North West,-2.86315005199931,53.1596669191945,0.9820122287443791,2026
9442,North West,-2.78837929301058,53.1601854710162,0.6821584618399092,2026
9443,North West,-2.71360632934555,53.1606570894768,0.12020737501056483,2026
9444,North West,-2.63883136994069,53.1610817715996,0.11927379664860639,2026
9445,North West,-2.56405462376754,53.1614595147039,0.0655041103392938,2026
9446,North West,-2.48927629982904,53.1617903164054,0.31245821585773226,2026
9447,North West,-2.4144966071559,53.162074174616,0.7998365751772095,2026
9448,North West,-2.33971575480289,53.1623110875438,0.41043989929578145,2026
9449,North West,-2.26493395184518,53.1625010536932,0.19066117845560873,2026
9450,North West,-2.19015140737464,53.1626440718651,0.032791268873624796,2026
9451,West Midlands,-2.11536833049619,53.1627401411565,0.017800186212596835,2026
9452,West Midlands,-2.04058493032414,53.1627892609612,0.027300043377191007,2026
9453,West Midlands,-1.96580141597844,53.1627914309689,0.0022557478801072824,2026
9454,West Midlands,-1.89101799658108,53.1627466511663,0.01070135859177411,2026
9455,East Midlands,-1.81623488125238,53.1626549218359,0.01745478840004923,2026
9456,East Midlands,-1.7414522791073,53.1625162435571,0.012903490703703878,2026
9457,East Midlands,-1.66667039925177,53.1623306172055,0.19522886554140828,2026
9458,East Midlands,-1.59188945077903,53.162098043953,0.06926769880044617,2026
9459,East Midlands,-1.51710964276595,53.161818525268,0.2132012340337038,2026
9460,East Midlands,-1.44233118426931,53.1614920629152,0.37353955511237563,2026
9461,East Midlands,-1.36755428432218,53.1611186589555,0.7437074343593784,2026
9462,East Midlands,-1.29277915193023,53.160698315746,0.6945809263060242,2026
9463,East Midlands,-1.21800599606804,53.1602310359402,0.4717144063082773,2026
9464,East Midlands,-1.14323502567544,53.1597168224876,0.5399362888969647,2026
9465,East Midlands,-1.06846644965384,53.1591556786337,0.03969409546237992,2026
9466,East Midlands,-0.993700476862571,53.15854760792,0.21208616873039904,2026
9467,East Midlands,-0.9189373161152,53.1578926141842,0.5322153722775436,2026
9468,East Midlands,-0.844177176175874,53.1571907015594,0.7586213055177905,2026
9469,East Midlands,-0.76942026575566,53.1564418744748,0.8565203566930225,2026
9470,East Midlands,-0.694666793508885,53.1556461376551,0.7284092088248376,2026
9471,East Midlands,-0.619916968029474,53.1548034961206,0.9592966825240973,2026
9472,East Midlands,-0.5451709978473,53.153913955187,0.8183775657588446,2026
9473,East Midlands,-0.470429091424528,53.1529775204653,0.5614648691503137,2026
9474,East Midlands,-0.395691457151971,53.1519941978619,0.6019840960752423,2026
9475,East Midlands,-0.320958303345439,53.150963993578,0.1192069449138534,2026
9476,East Midlands,-0.246229838242102,53.14988691411,0.11086325605992438,2026
9477,East Midlands,-0.171506269996846,53.1487629662489,0.7097190085747196,2026
9478,East Midlands,-0.0967878066786405,53.1475921570806,0.6029265799836495,2026
9479,East Midlands,-0.0220746562669072,53.1463744939853,0.49412456496657425,2026
9480,East Midlands,0.0526329733521086,53.1451099846377,0.46866870066328353,2026
9481,East Midlands,0.127334874388961,53.1437986370065,0.10831154365129483,2026
9482,East Midlands,0.202030839154622,53.1424404593547,0.16344536960567568,2026
9483,East Midlands,0.276720660064097,53.1410354602388,0.12883479639083564,2026
9484,,0.351404129640035,53.1395836485093,0.15683426920437224,2026
9552,Wales,-4.43499885560723,53.1828481561876,0.08699532807233822,2026
9553,Wales,-4.36024471880391,53.1843535391235,0.014879906680307267,2026
9554,Wales,-4.28548398061681,53.1858120435718,0.028101336261400982,2026
9555,,-4.21071684914349,53.1872236603316,0.008911828596797414,2026
9556,Wales,-4.1359435325938,53.188588380496,0.007911053433639037,2026
9557,Wales,-4.0611642392862,53.1899061954532,0.006028115283444631,2026
9558,Wales,-3.98637917764417,53.1911770968857,0.0003983213103645439,2026
9559,Wales,-3.91158855619253,53.1924010767712,0.002854241744406954,2026
9560,Wales,-3.83679258355384,53.1935781273827,0.015344117043158054,2026
9561,Wales,-3.76199146844473,53.1947082412882,0.012027453624412609,2026
9562,Wales,-3.68718541967228,53.1957914113514,0.03678386038454406,2026
9563,Wales,-3.61237464613031,53.1968276307315,0.023137687477505324,2026
9564,Wales,-3.5375593567958,53.1978168928835,0.1462027794356936,2026
9565,Wales,-3.46273976072517,53.1987591915584,0.10329586823627207,2026
9566,Wales,-3.38791606705062,53.199654520803,0.7161078621071482,2026
9567,Wales,-3.31308848497649,53.2005028749606,0.01624051159957763,2026
9568,Wales,-3.2382572237756,53.2013042486706,0.08009646999605963,2026
9569,Wales,-3.16342249278551,53.2020586368687,0.18539676015116852,2026
9570,Wales,-3.08858450140491,53.2027660347875,0.8401627871493712,2026
9571,Wales,-3.01374345908991,53.2034264379559,0.9306229575983345,2026
9572,North West,-2.93889957535038,53.2040398421997,0.9515377379587416,2026
9573,North West,-2.86405305974622,53.2046062436412,0.2263462493729367,2026
9574,North West,-2.78920412188372,53.2051256387001,0.25735074082579945,2026
9575,North West,-2.71435297141187,53.2055980240926,0.05372177330146882,2026
9576,North West,-2.63949981801863,53.2060233968321,0.14583623725566186,2026
9577,North West,-2.56464487142727,53.2064017542294,0.4762162911062041,2026
9578,North West,-2.48978834139267,53.2067330938919,0.14089377350543797,2026
9579,North West,-2.41493043769763,53.2070174137248,0.6161529192388798,2026
9580,North West,-2.34007137014914,53.2072547119301,0.0841012483874652,2026
9581,North West,-2.26521134857474,53.2074449870073,0.0355998005686706,2026
9582,North West,-2.19035058281878,53.2075882377533,0.025596942111052075,2026
9583,North West,-2.11548928273872,53.2076844632622,0.04084568800029971,2026
9584,North West,-2.04062765820145,53.2077336629256,0.00454115947970685,2026
9585,West Midlands,-1.96576591907958,53.2077358364324,0.0017890657650578424,2026
9586,East Midlands,-1.89090427524775,53.207690983769,0.002402140440196709,2026
9587,East Midlands,-1.81604293657891,53.2075991052191,0.004775566546914891,2026
9588,East Midlands,-1.74118211294062,53.2074602013639,0.02122052543833465,2026
9589,East Midlands,-1.66632201419137,53.2072742730819,0.043440493717663654,2026
9590,East Midlands,-1.59146285017688,53.2070413215489,0.051192255911505,2026
9591,East Midlands,-1.51660483072638,53.2067613482382,0.021261258169198938,2026
9592,East Midlands,-1.44174816564891,53.2064343549202,0.3753945474217202,2026
9593,East Midlands,-1.36689306472964,53.2060603436628,0.8537922760965563,2026
9594,East Midlands,-1.29203973772619,53.205639316831,0.552663461060769,2026
9595,East Midlands,-1.21718839436487,53.2051712770869,0.4460657570810795,2026
9596,East Midlands,-1.14233924433707,53.2046562273898,0.16556129700098912,2026
9597,East Midlands,-1.0674924972955,53.2040941709961,0.0803369242985954,2026
9598,East Midlands,-0.992648362850532,53.203485111459,0.3327725843156165,2026
9599,East Midlands,-0.917807050566497,53.2028290526287,0.7526103574150497,2026
9600,East Midlands,-0.842968769958014,53.2021259986524,0.2816109534244374,2026
9601,East Midlands,-0.768133730486293,53.2013759539738,0.3118007112813714,2026
9602,East Midlands,-0.693302141555457,53.2005789233332,0.56671277298944,2026
9603,East Midlands,-0.61847421250886,53.1997349117675,0.7922984775347778,2026
9604,East Midlands,-0.543650152625415,53.1988439246102,0.7739991978962069,2026
9605,East Midlands,-0.468830171115912,53.1979059674909,0.7044858159822761,2026
9606,East Midlands,-0.394014477119354,53.1969210463354,0.26515819430232584,2026
9607,East Midlands,-0.319203279699288,53.1958891673656,0.1967787404306945,2026
9608,East Midlands,-0.244396787840136,53.1948103370993,0.734671888955922,2026
9609,East Midlands,-0.169595210443539,53.1936845623502,0.8091349537386419,2026
9610,East Midlands,-0.0947987563246993,53.1925118502275,0.5462183277753805,2026
9611,East Midlands,-0.0200076342087213,53.1912922081359,0.6964104570692844,2026
9612,East Midlands,0.054777947273031,53.1900256437754,0.63198896454832,2026
9613,East Midlands,0.129557779586582,53.1887121651414,0.6883245528914812,2026
9614,East Midlands,0.204331654298987,53.1873517805239,0.9057053223278851,2026
9615,East Midlands,0.279099363081967,53.185944498508,0.16849491010934317,2026
9616,East Midlands,0.353860697715543,53.1844903279733,0.1874431465530093,2026
9683,Wales,-4.51237261930102,53.2261969739103,0.5710020482097673,2026
9684,Wales,-4.43754726907303,53.2277517485525,0.13040354180319655,2026
9685,Wales,-4.36271508499282,53.2292595782048,0.023357190941766016,2026
9686,Wales,-4.28787627578686,53.2307204533404,0.07489222669586455,2026
9687,Wales,-4.21303105029827,53.2321343647277,0.03226514538084562,2026
9690,Wales,-3.98845896623972,53.2360942285159,0.002835156936452096,2026
9691,Wales,-3.91359016625551,53.2373201985048,0.003919060691660574,2026
9692,Wales,-3.83871599582518,53.2384991630219,0.03746458791167322,2026
9693,Wales,-3.76383666441466,53.2396311146109,0.01626623645618938,2026
9694,Wales,-3.68895238158084,53.2407160461117,0.04909818049778064,2026
9695,Wales,-3.61406335696793,53.2417539506608,0.18617279322083055,2026
9696,Wales,-3.53916980030376,53.2427448216915,0.5467244335536565,2026
9697,Wales,-3.46427192139611,53.243688652934,0.8794332640469843,2026
9698,Wales,-3.389369930129,53.2445854384156,0.6902242307248618,2026
9699,Wales,-3.31446403645904,53.2454351724604,0.07089703479131262,2026
9700,Wales,-3.2395544504117,53.2462378496903,0.028877899772535985,2026
9701,Wales,-3.16464138207763,53.2469934650243,0.9176271338504342,2026
9703,North West,-3.01480563921559,53.2483634911682,0.9832260883414078,2026
9704,North West,-2.93988338516151,53.2489778933042,0.1998701700592062,2026
9705,North West,-2.86495848976106,53.2495452161964,0.20284851805552107,2026
9706,North West,-2.79003116337523,53.2500654562524,0.20400603247694502,2026
9707,North West,-2.71510161640799,53.2505386101777,0.24788764558485546,2026
9708,North West,-2.64017005930249,53.2509646749758,0.36745798012899644,2026
9709,North West,-2.56523670253745,53.2513436479484,0.14412205773573958,2026
9710,North West,-2.49030175662336,53.2516755266951,0.34454886326356476,2026
9711,North West,-2.41536543209879,53.2519603091139,0.11689685018811341,2026
9712,North West,-2.34042793952669,53.2521979934011,0.06059248439859567,2026
9713,North West,-2.26548948949066,53.2523885780511,0.13093048094882584,2026
9714,North West,-2.1905502925912,53.2525320618569,0.11942343088292832,2026
9715,North West,-2.11561055944203,53.2526284439094,0.040954034610992174,2026
9716,North West,-2.04067050066634,53.2526777235983,0.0020277132186047363,2026
9717,East Midlands,-1.96573032689307,53.2526799006116,0.0031957689708085255,2026
9718,East Midlands,-1.89079024875321,53.2526349749354,0.00459680487865608,2026
9719,East Midlands,-1.81585047687605,53.2525429468545,0.0056070529819770695,2026
9720,East Midlands,-1.74091122188546,53.2524038169519,0.02044345941799831,2026
9721,East Midlands,-1.66597269439619,53.2522175861091,0.010159306621807127,2026
9722,East Midlands,-1.59103510501012,53.2519842555059,0.008080696661815556,2026
9723,East Midlands,-1.51609866431254,53.2517038266203,0.06518601609688676,2026
9724,East Midlands,-1.44116358286846,53.2513763012288,0.686940316674072,2026
9725,East Midlands,-1.36623007121886,53.251001681406,0.7732052951025806,2026
9726,East Midlands,-1.29129833987696,53.2505799695248,0.4488951980804999,2026
9727,East Midlands,-1.21636859932456,53.2501111682561,0.24811404960786568,2026
9728,East Midlands,-1.14144106000824,53.2495952805691,0.15135266384408788,2026
9729,East Midlands,-1.06651593233572,53.249032309731,0.16444221040482507,2026
9730,East Midlands,-0.991593426672113,53.2484222593068,0.502622913915565,2026
9731,East Midlands,-0.916673753336199,53.2477651331596,0.35848560095066334,2026
9732,East Midlands,-0.84175712259675,53.2470609354501,0.32751482642554863,2026
9733,East Midlands,-0.7668437446688,53.2463096706368,0.374529994329691,2026
9734,East Midlands,-0.691933829709948,53.245511343476,0.14032935008465117,2026
9735,East Midlands,-0.617027587816657,53.2446659590211,0.31687074091954776,2026
9736,East Midlands,-0.54212522902055,53.2437735226234,0.7986302359094009,2026
9737,East Midlands,-0.467226963284716,53.2428340399311,0.6692815195978904,2026
9738,East Midlands,-0.392333000500015,53.2418475168897,0.13055408283820075,2026
9739,East Midlands,-0.317443550481394,53.2408139597417,0.807948972571212,2026
9740,East Midlands,-0.242558822964192,53.2397333750267,0.8806360034142533,2026
9741,East Midlands,-0.16767902760046,53.2386057695808,0.26881232496845353,2026
9742,East Midlands,-0.0928043739552841,53.2374311505369,0.4307582602361279,2026
9743,East Midlands,-0.0179350715031045,53.2362095253242,0.7122250336748505,2026
9744,East Midlands,0.0569286703759513,53.2349409016683,0.6848017258485539,2026
9745,East Midlands,0.131786642399739,53.233625287591,0.5769691580051011,2026
9746,East Midlands,0.206638635387759,53.2322626914099,0.9736584938461642,2026
9747,East Midlands,0.281484440264816,53.2308531217385,0.14267685143205852,2026
9814,Wales,-4.58990261185008,53.2694932987447,0.012526367191238575,2026
9815,Wales,-4.51500609803829,53.2710976126533,0.10032502163729992,2026
9816,Wales,-4.44010251641329,53.2726549152708,0.07796617274946223,2026
9817,Wales,-4.36519207632908,53.274165196743,0.1431557820864168,2026
9818,Wales,-4.2902749872606,53.2756284475116,0.01874193960195167,2026
9819,Wales,-4.2153514588001,53.2770446583142,0.0228358568638833,2026
9820,Wales,-4.14042170065345,53.2784138201851,0.022436860122627363,2026
9824,Wales,-3.84064456909418,53.283419809417,0.018380511074180383,2026
9825,Wales,-3.76568681182475,53.2845536025271,0.034152117345657915,2026
9826,Wales,-3.69072408528476,53.2856402991443,0.044605977646639206,2026
9827,Wales,-3.61575659987248,53.2866798923823,0.021307581922596894,2026
9828,Wales,-3.54078456607027,53.2876723756526,0.3457241444567761,2026
9829,Wales,-3.46580819444097,53.2886177426647,0.8689023126768606,2026
9830,Wales,-3.39082769562411,53.2895159874257,0.34871962995400435,2026
9831,Wales,-3.31584328033224,53.2903671042414,0.13229605926706567,2026
9832,Wales,-3.2408551593472,53.2911710877154,0.7165055962055119,2026
9834,North West,-3.09086864374916,53.2926376345455,0.8965819558098104,2026
9835,North West,-3.01587067101284,53.2933001886014,0.05875087117401565,2026
9836,North West,-2.94086983632927,53.2939155907157,0.03552068039020747,2026
9838,North West,-2.79086042545721,53.2950049238048,0.1720058287978774,2026
9839,North West,-2.71585227155078,53.2954788478698,0.19371484804459865,2026
9840,North West,-2.64084210025373,53.2959056061735,0.33481344899171955,2026
9841,North West,-2.5658301228039,53.2962851960086,0.05746699499634154,2026
9842,North West,-2.49081655047113,53.2966176149667,0.07247752989927697,2026
9843,North West,-2.41580159455349,53.296902860939,0.0674709301356466,2026
9844,North West,-2.34078546637359,53.2971409321155,0.5852567731584036,2026
9845,North West,-2.26576837727481,53.2973318269858,0.12885953625782617,2026
9846,North West,-2.19075053861753,53.2974755443387,0.05818239455980512,2026
9847,North West,-2.11573216177545,53.2975720832623,0.0777852865659122,2026
9848,North West,-2.04071345813178,53.2976214431442,0.007617690038503829,2026
9849,East Midlands,-1.96569463907553,53.2976236236712,0.0029170537130099967,2026
9850,East Midlands,-1.89067591599774,53.2975786248295,0.002680801420461056,2026
9851,East Midlands,-1.81565750028778,53.2974864469049,0.002446030695409434,2026
9852,East Midlands,-1.74063960332955,53.2973470904823,0.007390044341050362,2026
9853,East Midlands,-1.66562243649776,53.297160556446,0.003907083527361274,2026
9854,East Midlands,-1.5906062111542,53.2969268459798,0.003816732225909292,2026
9855,East Midlands,-1.51559113864394,53.2966459605668,0.011231955618014811,2026
9856,East Midlands,-1.44057743029168,53.2963179019891,0.05678955280083055,2026
9857,East Midlands,-1.36556529739789,53.2959426723284,0.24885440405515014,2026
9858,East Midlands,-1.29055495123518,53.2955202739654,0.06439822908467208,2026
9859,East Midlands,-1.21554660304447,53.29505070958,0.2061064103642902,2026
9860,East Midlands,-1.14054046403132,53.2945339821511,0.2596498061092812,2026
9861,East Midlands,-1.06553674536215,53.2939700949569,0.2579154342079265,2026
9862,East Midlands,-0.990535658160502,53.2933590515742,0.46470017032316124,2026
9863,East Midlands,-0.915537413503339,53.292700855879,0.3679621580697446,2026
9864,East Midlands,-0.840542222417283,53.2919955120457,0.23740977164693297,2026
9865,East Midlands,-0.765550295874902,53.2912430245479,0.20511611743735048,2026
9866,East Midlands,-0.690561844790972,53.2904433981573,0.12033496395457126,2026
9867,East Midlands,-0.615577080018761,53.2895966379445,0.3909084690209683,2026
9868,East Midlands,-0.540596212346301,53.2887027492783,0.5694525896223535,2026
9869,East Midlands,-0.465619452492672,53.2877617378257,0.6484216545505369,2026
9870,East Midlands,-0.390647011104285,53.2867736095521,0.6380591439983802,2026
9871,East Midlands,-0.31567909875117,53.2857383707207,0.8153611776938179,2026
9872,East Midlands,-0.240715925923265,53.2846560278928,0.17747188739333003,2026
9873,East Midlands,-0.165757703026715,53.2835265879272,0.4565927443449239,2026
9874,East Midlands,-0.0908046403801635,53.2823500579804,0.6525846360789358,2026
9875,East Midlands,-0.0158569482110587,53.2811264455064,0.2511852239934656,2026
9876,East Midlands,0.0590851633480423,53.2798557582565,0.27497011457774057,2026
9877,East Midlands,0.134021484263161,53.2785380042789,0.35539809749847306,2026
9878,East Midlands,0.208951804602586,53.2771731919191,0.7738243514331357,2026
9879,East Midlands,0.283875914540552,53.275761329819,0.2596900314539596,2026
9945,Wales,-4.6675891995074,53.3127368960385,0.013258850916195256,2026
9947,Wales,-4.51764664461171,53.3159978203176,0.0673729121186891,2026
9948,Wales,-4.44266462223511,53.3175576561913,0.08023842835398685,2026
9949,Wales,-4.36767571667137,53.319070394606,0.09269123889392487,2026
9950,Wales,-4.29268013814753,53.3205360259717,0.10849169596686714,2026
9951,,-4.21767809700865,53.3219545409954,0.05473786911417244,2026
9956,Wales,-3.8425783219617,53.328340066553,0.006329239859649013,2026
9962,Wales,-3.39228937760816,53.3344461678961,0.6564781282094933,2026
9963,Wales,-3.31722622991192,53.3352986703768,0.9186243839748557,2026
9966,North West,-3.09201531886994,53.3375728974893,0.1749627417925989,2026
9967,North West,-3.01693856476825,53.338236530366,0.07134229562440692,2026
9969,North West,-2.86677665154581,53.3394221061325,0.04371942634029591,2026
9970,North West,-2.79169191614098,53.3399440414895,0.02068758401539058,2026
9971,North West,-2.71660494409266,53.3404187373072,0.045122853176070864,2026
9972,North West,-2.64151594736562,53.340846190569,0.12174552126336671,2026
9973,North West,-2.56642513796056,53.3412263985586,0.037585362819559105,2026
9974,North West,-2.4913327279104,53.3415593588597,0.0536256688506677,2026
9975,North West,-2.41623892927648,53.3418450693563,0.019494642796319336,2026
9976,North West,-2.3411439541448,53.3420835282326,0.028286052414853755,2026
9977,North West,-2.26604801462226,53.342274733973,0.0341229303577123,2026
9978,North West,-2.19095132283288,53.3424186853624,0.10007955215560634,2026
9979,North West,-2.11585409091406,53.3425153814857,0.06813476056586329,2026
9980,North West,-2.04075653101279,53.3425648217286,0.01767563421971238,2026
9981,East Midlands,-1.96565885528189,53.3425670057767,0.005298030596144443,2026
9982,East Midlands,-1.89056127587622,53.3425219336164,0.0022093748623272097,2026
9983,East Midlands,-1.81546400494894,53.3424296055341,0.0025419245586830322,2026
9984,East Midlands,-1.74036725464774,53.342290022117,0.015965654461239837,2026
9985,East Midlands,-1.66527123711105,53.3421031842522,0.004557361174133053,2026
9986,Yorkshire and The Humber,-1.59017616446428,53.3418690931274,0.003953409671241443,2026
9987,Yorkshire and The Humber,-1.51508224881608,53.3415877502306,0.3378218569947972,2026
9988,Yorkshire and The Humber,-1.43998970225451,53.34125915735,0.028307836686520073,2026
9989,Yorkshire and The Humber,-1.36489873684334,53.3408833165741,0.7345787004342731,2026
9990,Yorkshire and The Humber,-1.28980956461826,53.3404602302916,0.08065595284749952,2026
9991,Yorkshire and The Humber,-1.2147223975831,53.3399899011913,0.09129260266774321,2026
9992,East Midlands,-1.1396374477061,53.3394723322621,0.15725903909013852,2026
9993,East Midlands,-1.0645549269161,53.3389075267929,0.324182963141005,2026
9994,East Midlands,-0.989475047098858,53.3382954883726,0.2918098303842091,2026
9995,East Midlands,-0.914398020093212,53.3376362208899,0.30005391204922327,2026
9996,East Midlands,-0.839324057687379,53.3369297285334,0.25919111185514127,2026
9997,East Midlands,-0.764253371615181,53.3361760157913,0.31430397133889454,2026
9998,East Midlands,-0.689186173552301,53.3353750874514,0.2305579565121501,2026
9999,East Midlands,-0.614122675112531,53.334526948601,0.7688292651435895,2026
10000,East Midlands,-0.539063087844034,53.3336316046269,0.528993853852517,2026
10001,East Midlands,-0.464007623225594,53.332689061215,0.5726019128013944,2026
10002,East Midlands,-0.388956492662886,53.3316993243503,0.26767527865348917,2026
10003,East Midlands,-0.313909907484734,53.3306624003171,0.743175086031779,2026
10004,East Midlands,-0.238868078939382,53.3295782956983,0.28582898268533335,2026
10005,East Midlands,-0.163831218190766,53.3284470173756,0.7939980769030438,2026
10006,East Midlands,-0.0887995363147897,53.3272685725295,0.09687630126476245,2026
10007,East Midlands,-0.0137732442956,53.3260429686385,0.12886541681794136,2026
10008,East Midlands,0.0612474469781239,53.3247702134797,0.5621883777178873,2026
10009,East Midlands,0.136262326716885,53.3234503151284,0.7134852416276011,2026
10010,East Midlands,0.211271184234079,53.3220832819573,0.5215544532396512,2026
10079,Wales,-4.52029428450069,53.3608975967316,0.09541814841670813,2026
10080,Wales,-4.44523361126654,53.362459971162,0.08543448618837038,2026
10081,Wales,-4.37016602999562,53.363975171661,0.01754527528310034,2026
10082,Wales,-4.29509175167075,53.3654431886066,0.018947141106168092,2026
10097,North West,-3.1683177300998,53.3817957872836,0.2181838023305241,2026
10098,North West,-3.09316507807012,53.3825078026131,0.06345544083355081,2026
10099,North West,-3.01800933081909,53.3831725165731,0.082610503981148,2026
10100,North West,-2.94285070089538,53.3837899249336,0.060139095571166264,2026
10101,North West,-2.86768940089898,53.3843600237651,0.024987629202802574,2026
10102,North West,-2.79252564347737,53.3848828094393,0.06969887877694168,2026
10103,North West,-2.71735964132178,53.3853582786286,0.018210874546083777,2026
10104,North West,-2.6421916071634,53.3857864283065,0.026761610716654536,2026
10105,North West,-2.56702175376959,53.3861672557475,0.035934379695414444,2026
10106,North West,-2.4918502939401,53.3865007585274,0.25036065254706963,2026
10107,North West,-2.41667744050328,53.3867869345231,0.11145584236112335,2026
10108,North West,-2.34150340631231,53.3870257819127,0.020249930912299208,2026
10109,North West,-2.26632840424136,53.3872172991755,0.018911891137112283,2026
10110,North West,-2.19115264718187,53.3873614850924,0.02461025327535592,2026
10111,North West,-2.11597634803872,53.3874583387454,0.009513298147675214,2026
10112,North West,-2.04079971972643,53.3875078595178,0.014035172079630084,2026
10113,East Midlands,-1.96562297516538,53.3875100470945,0.004972046790617781,2026
10114,East Midlands,-1.89044632727805,53.3874649014617,0.001688488572315488,2026
10115,East Midlands,-1.81526998898516,53.3873724229068,0.002405802777341533,2026
10116,East Midlands,-1.74009417320194,53.3872326120188,0.002558302594278137,2026
10117,East Midlands,-1.66491909283432,53.387045469688,0.0016905823396417931,2026
10118,Yorkshire and The Humber,-1.58974496077511,53.386810997106,0.0051304159965930365,2026
10119,Yorkshire and The Humber,-1.51457198990026,53.3865291957656,0.020170376959024374,2026
10120,Yorkshire and The Humber,-1.43940039306501,53.3862000674612,0.10963995598477778,2026
10121,Yorkshire and The Humber,-1.36423038310017,53.385823614288,0.19125486245940213,2026
10122,Yorkshire and The Humber,-1.28906217280828,53.3853998386429,0.1469354940144575,2026
10123,Yorkshire and The Humber,-1.21389597495982,53.3849287432235,0.3375202964036432,2026
10124,Yorkshire and The Humber,-1.13873200228948,53.3844103310287,0.19754266461142997,2026
10125,East Midlands,-1.06357046749232,53.3838446053585,0.255162816696625,2026
10126,East Midlands,-0.988411583220013,53.3832315698136,0.13769905495146942,2026
10127,East Midlands,-0.91325556207706,53.3825712282957,0.306085941241692,2026
10128,East Midlands,-0.838102616617016,53.3818635850074,0.19550865226649208,2026
10129,East Midlands,-0.762952959338709,53.3811086444519,0.14554616552627786,2026
10130,East Midlands,-0.687806802682474,53.3803064114328,0.2888602513331468,2026
10131,East Midlands,-0.612664359026376,53.3794568910545,0.4034557452256473,2026
10132,East Midlands,-0.537525840682445,53.3785600887217,0.2859989784131374,2026
10133,East Midlands,-0.462391459892913,53.3776160101392,0.5709230519718477,2026
10134,East Midlands,-0.387261428826452,53.376624661312,0.6667232119352815,2026
10135,East Midlands,-0.31213595957441,53.3755860485453,0.2146593599055177,2026
10136,East Midlands,-0.237015264147068,53.3745001784439,0.9073437348963643,2026
10137,East Midlands,-0.161899554469878,53.3733670579126,0.14928290323202686,2026
10138,East Midlands,-0.0867890423797226,53.3721866941555,0.11630093670926377,2026
10139,East Midlands,-0.0116839396211657,53.3709590946762,0.48410158271218634,2026
10140,East Midlands,0.063415542157281,53.3696842672778,0.6166451215906467,2026
10141,East Midlands,0.138509191406894,53.3683622200621,0.8619563422849835,2026
10142,East Midlands,0.213596796682472,53.36699296143,0.23687702065773394,2026
10211,Wales,-4.52294904331004,53.4057969417227,0.006251917478745455,2026
10212,Wales,-4.44780950835735,53.4073618600301,0.008216157551168616,2026
10213,Wales,-4.3726630403958,53.4088795277744,0.007959464394579197,2026
10232,North West,-2.94384513349176,53.4287265619785,0.029251230680310984,2026
10233,North West,-2.86860460768713,53.4292975900098,0.022323051501992583,2026
10234,North West,-2.79336161555689,53.4298212277878,0.041120483307511176,2026
10235,North West,-2.71811637056222,53.4302974719738,0.01120440070511632,2026
10236,North West,-2.64286908620453,53.4307263195312,0.02022136242244715,2026
10237,North West,-2.56761997602161,53.4311077677255,0.05684050746244278,2026
10238,North West,-2.49236925358382,53.4314418141242,0.10273557898159877,2026
10239,North West,-2.41711713249032,53.4317284565973,0.03191295712116015,2026
10240,North West,-2.34186382636524,53.4319676933167,0.04389168332840747,2026
10241,North West,-2.26660954885384,53.4321595227567,0.02734935669575615,2026
10242,North West,-2.19135451361875,53.4323039436941,0.03094304965736976,2026
10243,North West,-2.11609893433612,53.4324009552078,0.005016559293293908,2026
10244,North West,-2.04084302469179,53.4324505566791,0.007769924575041864,2026
10245,East Midlands,-1.96558699837753,53.4324527477919,0.005800591805802948,2026
10246,East Midlands,-1.89033106908718,53.4324075285321,0.0012333673792930123,2026
10247,East Midlands,-1.81507545051284,53.4323148991884,0.0013196246764426117,2026
10248,Yorkshire and The Humber,-1.73982035634107,53.4321748603515,0.001140938316416388,2026
10249,Yorkshire and The Humber,-1.66456600024907,53.4319874129149,0.000785011806002071,2026
10250,Yorkshire and The Humber,-1.58931259590087,53.4317525580739,0.004568359229687297,2026
10251,Yorkshire and The Humber,-1.51406035694349,53.4314702973265,0.018786132533162306,2026
10252,Yorkshire and The Humber,-1.43880949700316,53.431140632473,0.4652530810468069,2026
10253,Yorkshire and The Humber,-1.36356022968148,53.4307635656157,0.04880015812995777,2026
10254,Yorkshire and The Humber,-1.28831276855165,53.4303390991594,0.017034714552829497,2026
10255,Yorkshire and The Humber,-1.21306732715461,53.4298672358107,0.07280419161744682,2026
10256,Yorkshire and The Humber,-1.13782411899526,53.4293479785786,0.1337356295989274,2026
10257,Yorkshire and The Humber,-1.06258335753865,53.428781330774,0.2330612277428231,2026
10258,East Midlands,-0.987345256206158,53.4281672960096,0.10915701200533151,2026
10259,East Midlands,-0.912110028371729,53.4275058782004,0.158261196880461,2026
10260,East Midlands,-0.836877887358028,53.4267970815627,0.7076103332962266,2026
10261,East Midlands,-0.761649046432666,53.4260409106148,0.14238360792299096,2026
10262,East Midlands,-0.686423718804397,53.4252373701765,0.16575983003541248,2026
10263,East Midlands,-0.611202117619326,53.4243864653691,0.36721951549881987,2026
10264,East Midlands,-0.535984455957118,53.4234882016152,0.49084968821085145,2026
10265,East Midlands,-0.460770946827211,53.4225425846389,0.3173099100053264,2026
10266,East Midlands,-0.385561803165031,53.4215496204651,0.6378231836149897,2026
10267,East Midlands,-0.310357237828213,53.42050931542,0.853243657714035,2026
10268,East Midlands,-0.235157463592817,53.4194216761305,0.772528851400665,2026
10269,East Midlands,-0.159962693149562,53.4182867095243,0.5163596996874474,2026
10270,East Midlands,-0.0847731391000515,53.4171044228296,0.3234229445688381,2026
10271,East Midlands,-0.009589013953007,53.4158748235752,0.11479017863776682,2026
10272,East Midlands,0.0655894698794919,53.4145979195898,0.6947259449933484,2026
10273,East Midlands,0.140762100085766,53.4132737190025,0.16366953681343274,2026
10363,North West,-3.02015952141133,53.473043422762,0.041225361741497185,2026
10364,North West,-2.94484224584136,53.4736628458073,0.011226730673443945,2026
10365,North West,-2.8695222808107,53.4742348049939,0.01747361542880432,2026
10366,North West,-2.79419984051002,53.4747592966691,0.004310361880019259,2026
10367,North West,-2.71887513917427,53.475236317483,0.040613693117610976,2026
10368,North West,-2.64354839107886,53.4756658643889,0.014966945448202207,2026
10369,North West,-2.56821981053582,53.4760479346431,0.0191370907576377,2026
10370,North West,-2.49288961188995,53.4763825258051,0.020099345230322977,2026
10371,North West,-2.41755800951503,53.4766696357375,0.04969546885125165,2026
10372,North West,-2.34222521780995,53.4769092626063,0.2013071679389425,2026
10373,North West,-2.26689145119486,53.4771014048808,0.022785914653446183,2026
10374,North West,-2.19155692410741,53.4772460613335,0.004911607844896206,2026
10375,North West,-2.11622185099881,53.4773432310403,0.009255906124468315,2026
10376,North West,-2.04088644633007,53.4773929133804,0.01080317190765541,2026
10377,East Midlands,-1.96555092456814,53.4773951080367,0.0038151617511831665,2026
10378,East Midlands,-1.89021550018203,53.4773498149951,0.0017137582695899419,2026
10379,East Midlands,-1.81488038763906,53.477257034545,0.0018281982828227343,2026
10380,Yorkshire and The Humber,-1.73954580140092,53.4771167672795,0.0008719777318107314,2026
10381,Yorkshire and The Humber,-1.66421195591991,53.4769290140947,0.0024972837102489958,2026
10382,Yorkshire and The Humber,-1.58887906563505,53.4766937761901,0.008139637728457775,2026
10383,Yorkshire and The Humber,-1.5135473449683,53.4764110550687,0.009082325030055034,2026
10384,Yorkshire and The Humber,-1.43821700832065,53.4760808525367,0.3246036099962028,2026
10385,Yorkshire and The Humber,-1.36288827006834,53.4757031707035,0.33612590354735256,2026
10386,Yorkshire and The Humber,-1.28756134455901,53.4752780119819,0.03142262009627484,2026
10387,Yorkshire and The Humber,-1.21223644610787,53.4748053790877,0.04884972808866584,2026
10388,Yorkshire and The Humber,-1.13691378899383,53.4742852750398,0.1585541844358494,2026
10389,Yorkshire and The Humber,-1.06159358745575,53.4737177031602,0.13177834065849603,2026
10390,Yorkshire and The Humber,-0.986276055688534,53.4731026670738,0.16988032772962688,2026
10391,East Midlands,-0.910961407839341,53.4724401707084,0.20908745051063285,2026
10392,Yorkshire and The Humber,-0.835649858003755,53.4717302182946,0.1592827933859768,2026
10393,East Midlands,-0.760341620221965,53.4709728143658,0.0718406704528445,2026
10394,East Midlands,-0.685036908474939,53.4701679637579,0.17458885148222142,2026
10395,Yorkshire and The Humber,-0.609735936680612,53.4693156716092,0.1691849929131999,2026
10396,Yorkshire and The Humber,-0.534438918690072,53.4684159433605,0.2917133253194311,2026
10397,East Midlands,-0.459146068283748,53.4674687847549,0.13429593603917026,2026
10398,East Midlands,-0.383857599167603,53.4664742018377,0.724149622005286,2026
10399,East Midlands,-0.308573724969328,53.465432200956,0.19089725243455835,2026
10400,East Midlands,-0.233294659234547,53.4643427887588,0.4132575936698877,2026
10401,East Midlands,-0.15802061542301,53.4632059721971,0.3206264172646003,2026
10402,East Midlands,-0.08275180690481,53.4620217585231,0.15919696299738642,2026
10403,East Midlands,-0.0074884469565865,53.4607901552907,0.8859970296107677,2026
10404,East Midlands,0.0677692512422552,53.4595111703549,0.15604482765551161,2026
10405,East Midlands,0.143021074613327,53.4581848118718,0.15742274924400707,2026
10495,North West,-3.02123896688343,53.5179783429687,0.024550716105826424,2026
10496,North West,-2.94584204766215,53.5185987765409,0.027290224418799004,2026
10497,North West,-2.87044242921415,53.5191716688457,0.00630870045336687,2026
10498,North West,-2.79504032650745,53.5196970162182,0.0048551568757247325,2026
10499,North West,-2.71963595455458,53.5201748152974,0.006043257560546192,2026
10500,North West,-2.6442295284088,53.5206050630262,0.015940278192770288,2026
10501,North West,-2.56882126316021,53.5209877566519,0.014797576496172332,2026
10502,North West,-2.49341137393188,53.5213228937258,0.00696693250016408,2026
10503,North West,-2.41800007587602,53.5216104721033,0.04433067649281839,2026
10504,North West,-2.34258758417013,53.5218504899443,0.009005337081293464,2026
10505,North West,-2.26717411401312,53.5220429457129,0.009641910145306055,2026
10506,North West,-2.19175988062144,53.5221878381775,0.02742893138282231,2026
10507,North West,-2.11634509922525,53.522285166411,0.0065400787192372275,2026
10508,North West,-2.04092998506454,53.5223349297906,0.01105206533705998,2026
10509,North West,-1.96551475338526,53.5223371279979,0.002617024094390835,2026
10510,East Midlands,-1.89009961943549,53.5222917610188,0.001864487255301721,2026
10511,Yorkshire and The Humber,-1.81468479846155,53.5221988291439,0.001944155315151174,2026
10512,Yorkshire and The Humber,-1.73927050570412,53.522058332968,0.0024727992446606432,2026
10513,Yorkshire and The Humber,-1.66385695639443,53.5218702733903,0.0057792579921527,2026
10514,Yorkshire and The Humber,-1.58844436575037,53.5216346516144,0.028841892484248805,2026
10515,Yorkshire and The Humber,-1.51303294897261,53.5213514691482,0.23039334573712203,2026
10516,Yorkshire and The Humber,-1.43762292124078,53.521020727804,0.22446038881784658,2026
10517,Yorkshire and The Humber,-1.36221449770958,53.5206424296984,0.18053542787157553,2026
10518,Yorkshire and The Humber,-1.28680789350492,53.5202165772521,0.2097438038097138,2026
10519,Yorkshire and The Humber,-1.21140332372011,53.51974317319,0.0750107284932106,2026
10520,Yorkshire and The Humber,-1.13600100341194,53.5192222205411,0.11787095958532767,2026
10521,Yorkshire and The Humber,-1.06060114759685,53.5186537226386,0.09566436272857705,2026
10522,Yorkshire and The Humber,-0.985203971247121,53.5180376831195,0.07797466313221552,2026
10523,Yorkshire and The Humber,-0.909809689286957,53.5173741059247,0.17402964514941238,2026
10524,Yorkshire and The Humber,-0.834418516588678,53.516662995299,0.05715026205152397,2026
10525,Yorkshire and The Humber,-0.759030667968869,53.515904355791,0.2595143379432596,2026
10526,Yorkshire and The Humber,-0.683646358184528,53.5150981922526,0.3048893400079476,2026
10527,Yorkshire and The Humber,-0.608265801929237,53.5142445098395,0.5270657017226696,2026
10528,Yorkshire and The Humber,-0.532889213829315,53.5133433140106,0.5928544692343146,2026
10529,Yorkshire and The Humber,-0.457516808439991,53.5123946105283,0.21486552707665868,2026
10530,East Midlands,-0.382148800241568,53.5113984054579,0.636163750816211,2026
10531,East Midlands,-0.306785403635599,53.5103547051679,0.46608149498147505,2026
10532,East Midlands,-0.23142683294106,53.5092635163296,0.5132466954208612,2026
10533,Yorkshire and The Humber,-0.156073302390533,53.5081248459171,0.039118802893187456,2026
10534,Yorkshire and The Humber,-0.0807250261263857,53.5069387012068,0.6895867861795602,2026
10535,East Midlands,-0.0053822181969623,53.505705089778,0.6252911724273454,2026
10626,North West,-3.09779517956425,53.5622438469779,0.0043760770735556806,2026
10627,North West,-3.022321326513,53.5629129080678,0.008143813032536902,2026
10628,North West,-2.94684454872017,53.5635343543005,0.007520632598696339,2026
10629,North West,-2.87136506188621,53.5641081816938,0.004628584692655703,2026
10630,North West,-2.79588308176031,53.5646343865706,0.002897601146910531,2026
10631,North West,-2.72039882413645,53.5651129655585,0.010234006783950853,2026
10632,North West,-2.64491250484958,53.5655439155904,0.014900092315850134,2026
10633,North West,-2.56942433977173,53.5659272339042,0.01288121072960585,2026
10634,North West,-2.49393454480808,53.5662629180429,0.008037106228762449,2026
10635,North West,-2.41844333589317,53.5665509658549,0.004100858744089506,2026
10636,North West,-2.34295092898695,53.5667913754939,0.006200756442172919,2026
10637,North West,-2.26745754007091,53.5669841454189,0.005829249567217876,2026
10638,North West,-2.19196338514422,53.567129274394,0.02107497360259933,2026
10639,North West,-2.11646868021982,53.5672267614891,0.00420149442030621,2026
10640,North West,-2.04097364132055,53.5672766060793,0.0063073954396699,2026
10641,North West,-1.96547848447524,53.5672788078451,0.0018425147622494035,2026
10642,Yorkshire and The Humber,-1.88998342571486,53.5672333667725,0.0014473694425614192,2026
10643,Yorkshire and The Humber,-1.81448868106861,53.5671402831529,0.003989244940492216,2026
10644,Yorkshire and The Humber,-1.73899446656005,53.5669995575831,0.008231227075830528,2026
10645,Yorkshire and The Humber,-1.66350099820317,53.5668111909654,0.0419579853089128,2026
10646,Yorkshire and The Humber,-1.58800849199859,53.5665751845074,0.055464219405475204,2026
10647,Yorkshire and The Humber,-1.51251716392958,53.5662915397221,0.28469788808900426,2026
10648,Yorkshire and The Humber,-1.43702722995823,53.5659602584278,0.0813482220503687,2026
10649,Yorkshire and The Humber,-1.36153890602158,53.5655813427482,0.043193361726780864,2026
10650,Yorkshire and The Humber,-1.28605240802769,53.5651547951121,0.0622067202456239,2026
10651,Yorkshire and The Humber,-1.21056795185178,53.5646806182536,0.18699990425938,2026
10652,Yorkshire and The Humber,-1.13508575333238,53.5641588152119,0.11104299519216207,2026
10653,Yorkshire and The Humber,-1.05960602826741,53.5635893893312,0.23764808792717065,2026
10654,Yorkshire and The Humber,-0.984128992410324,53.5629723442608,0.08942998491483477,2026
10655,Yorkshire and The Humber,-0.90865486146624,53.5623076839548,0.15031173650465182,2026
10656,Yorkshire and The Humber,-0.83318385108806,53.5615954126722,0.039134632270251664,2026
10657,Yorkshire and The Humber,-0.757716176872604,53.5608355349768,0.025819124933467746,2026
10658,Yorkshire and The Humber,-0.682252054356745,53.5600280557368,0.22134445746225698,2026
10659,Yorkshire and The Humber,-0.606791699013543,53.5591729801251,0.22476640453848773,2026
10660,Yorkshire and The Humber,-0.531335326248387,53.5582703136191,0.6446886741795455,2026
10661,East Midlands,-0.455883151395136,53.5573200620002,0.20359489483680626,2026
10662,East Midlands,-0.38043538971226,53.5563222313542,0.20200803962422367,2026
10663,East Midlands,-0.304992256378996,53.5552768280709,0.5125875128674474,2026
10664,East Midlands,-0.229553966491497,53.5541838588438,0.060727204534576175,2026
10665,Yorkshire and The Humber,-0.154120735058989,53.5530433306704,0.21177999217671584,2026
10666,Yorkshire and The Humber,-0.0786927769999306,53.5518552508517,0.8085205618126008,2026
10759,North West,-3.02340661089538,53.6078471181732,0.004814200270558823,2026
10760,North West,-2.94784975882988,53.608469579208,0.004465796053869473,2026
10761,North West,-2.87229018786016,53.6090443436676,0.005005074814380106,2026
10762,North West,-2.79672811452043,53.6095714078624,0.002617588603704162,2026
10763,North West,-2.72116375539001,53.6100507684089,0.047982569323673216,2026
10764,North West,-2.64559732708941,53.6104824222294,0.009456803753573906,2026
10765,North West,-2.57002904627644,53.6108663665528,0.009466887745483443,2026
10766,North West,-2.49445912964233,53.6112025989138,0.004172227587471099,2026
10767,North West,-2.41888779390779,53.6114911171535,0.0077331846414668785,2026
10768,North West,-2.3433152558191,53.6117319194195,0.004689992834371656,2026
10769,North West,-2.26774173214424,53.6119250041654,0.004639141268510354,2026
10770,North West,-2.19216743966897,53.6120703701515,0.004828247975189152,2026
10771,North West,-2.11659259519289,53.6121680164444,0.00801921253944746,2026
10772,North West,-2.04101741552557,53.612217942417,0.0018978091842915498,2026
10773,Yorkshire and The Humber,-1.96544211748263,53.6122201477489,0.0020538531649447944,2026
10774,Yorkshire and The Humber,-1.88986691788181,53.612174632426,0.0028443341445771545,2026
10775,Yorkshire and The Humber,-1.81429203353908,53.6120813967406,0.005277483555059368,2026
10776,Yorkshire and The Humber,-1.73871768126473,53.6119404412917,0.011112318429523633,2026
10777,Yorkshire and The Humber,-1.66314407785944,53.6117517669844,0.013397242980381882,2026
10778,Yorkshire and The Humber,-1.58757144011042,53.6115153750305,0.053406829556580514,2026
10779,Yorkshire and The Humber,-1.51199998478742,53.611231266948,0.055612087273135484,2026
10780,Yorkshire and The Humber,-1.43642992863891,53.6108994445614,0.06879460770931535,2026
10781,Yorkshire and The Humber,-1.36086148838811,53.6105199100014,0.03863929876454794,2026
10782,Yorkshire and The Humber,-1.28529488072911,53.610092665705,0.01649105851834811,2026
10783,Yorkshire and The Humber,-1.20973032232297,53.6096177144155,0.11604651924107781,2026
10784,Yorkshire and The Humber,-1.13416802979378,53.6090950591822,0.24166189866824048,2026
10785,Yorkshire and The Humber,-1.05860821972484,53.6085247033607,0.08058959052894218,2026
10786,Yorkshire and The Humber,-0.983051108654651,53.6079066506124,0.10523994053500936,2026
10787,Yorkshire and The Humber,-0.907496913073115,53.6072409049047,0.17862439540627817,2026
10788,Yorkshire and The Humber,-0.831945849417582,53.606527470511,0.2820388852143269,2026
10789,Yorkshire and The Humber,-0.756398134068977,53.6057663520102,0.10151295749717505,2026
10790,Yorkshire and The Humber,-0.680853983347909,53.6049575542869,0.31948479764570864,2026
10791,Yorkshire and The Humber,-0.605313613510781,53.6041010825315,0.7206476743966385,2026
10792,Yorkshire and The Humber,-0.529777240745905,53.6031969422395,0.14846385536816264,2026
10793,Yorkshire and The Humber,-0.454245081169624,53.602245139212,0.13270683323858287,2026
10794,Yorkshire and The Humber,-0.378717350822431,53.601245679555,0.12029223972790812,2026
10795,East Midlands,-0.303194265665093,53.6001985696796,0.7005591987922062,2026
10796,Yorkshire and The Humber,-0.227676041574784,53.5991038163021,0.2676339830173882,2026
10797,Yorkshire and The Humber,-0.152162894341212,53.5979614264432,0.21146674652550274,2026
10892,North West,-2.94885768785445,53.6534044513861,0.0037139921074012677,2026
10893,North West,-2.87321781621411,53.6539801548971,0.001819492440985976,2026
10894,North West,-2.79757543308061,53.6545080802306,0.006305326863621187,2026
10895,North West,-2.72193075582246,53.6549882239915,0.019031467066422805,2026
10896,North West,-2.64628400184967,53.655420583092,0.00416416462068383,2026
10897,North West,-2.57063538860975,53.6558051547515,0.003923736221795101,2026
10898,North West,-2.49498513358383,53.6561419364965,0.0018841493906511903,2026
10899,North West,-2.41933345428271,53.6564309261609,0.004140771357298073,2026
10900,North West,-2.34368056824294,53.6566721218858,0.009841591288103553,2026
10901,North West,-2.26802669302288,53.65686552212,0.0018479364406646123,2026
10902,North West,-2.19237204619878,53.6570111256194,0.004552153880725066,2026
10903,North West,-2.11671684536082,53.6571089314474,0.00457000863027904,2026
10904,North West,-2.04106130810921,53.6571589389751,0.001928364076715821,2026
10905,Yorkshire and The Humber,-1.96540565205025,53.6571611478806,0.0023463987288891135,2026
10906,Yorkshire and The Humber,-1.88975009479237,53.6571155581501,0.0031601649543771624,2026
10907,Yorkshire and The Humber,-1.81409485394224,53.6570221700767,0.01145411353673698,2026
10908,Yorkshire and The Humber,-1.73844014710077,53.6568809842615,0.0431916848999207,2026
10909,Yorkshire and The Humber,-1.66278619185925,53.6566920016126,0.010361328991790738,2026
10910,Yorkshire and The Humber,-1.58713320579537,53.6564552233458,0.021553771509506454,2026
10911,Yorkshire and The Humber,-1.51148140646931,53.6561706509844,0.09010075917530673,2026
10912,Yorkshire and The Humber,-1.43583101141977,53.6558382863588,0.03794977873240534,2026
10913,Yorkshire and The Humber,-1.36018223816009,53.6554581316071,0.01813624365963939,2026
10914,Yorkshire and The Humber,-1.2845353041743,53.6550301891743,0.025231027943916875,2026
10915,North East,-1.20889042691316,53.654554461813,0.1406912890917292,2026
10916,North East,-1.13324782379029,53.6540309525827,0.17949028492787214,2026
10917,North East,-1.05760771217821,53.6534596648503,0.09552774072972743,2026
10918,Yorkshire and The Humber,-0.981970309404399,53.6528406022895,0.3425343607864085,2026
10919,Yorkshire and The Humber,-0.906335832747423,53.652173768881,0.07860054092190258,2026
10920,Yorkshire and The Humber,-0.830704499432977,53.6514591689126,0.031196577933956075,2026
10921,Yorkshire and The Humber,-0.755076526629981,53.6506968069785,0.06010459640754642,2026
10922,Yorkshire and The Humber,-0.679452131446668,53.6498866879799,0.17975800604950068,2026
10923,Yorkshire and The Humber,-0.603831530926667,53.6490288171244,0.1686341262230407,2026
10924,Yorkshire and The Humber,-0.528214942045097,53.648123199926,0.22119327019054644,2026
10925,Yorkshire and The Humber,-0.452602581704664,53.6471698422053,0.0802534393541179,2026
10926,Yorkshire and The Humber,-0.376994666731754,53.6461687500889,0.27382736998485857,2026
10927,Yorkshire and The Humber,-0.301391413872539,53.6451199300094,0.35774446843700813,2026
10928,Yorkshire and The Humber,-0.225793039789078,53.6440233887054,0.27486289830905025,2026
10930,Yorkshire and The Humber,-0.0746117941537615,53.6416871709075,0.12895713294869846,2026
10931,,0.0009706445295295,53.6404475094189,0.16434663839693348,2026
10932,,0.0765473387076985,53.6391601567166,0.5706654937639384,2026
11024,North West,-2.94986834570601,53.6983389709577,0.002522057199791113,2026
11025,North West,-2.87414795607127,53.698915615513,0.004855130749564935,2026
11026,North West,-2.79842504577481,53.6994444038126,0.007409428309071829,2026
11027,North West,-2.72269983297831,53.6999253324503,0.020661115192489768,2026
11028,North West,-2.64697253588516,53.7003583983277,0.003370328948160261,2026
11029,North West,-2.57124337273652,53.7007435986548,0.0045748158860315375,2026
11030,North West,-2.49551256180735,53.7010809309499,0.0023421828886867457,2026
11031,North West,-2.41978032140248,53.7013703930396,0.0036119579584281154,2026
11032,North West,-2.34404686985263,53.7016119830589,0.008842232359556718,2026
11033,North West,-2.26831242551048,53.701805699451,0.0052420366966179546,2026
11034,North West,-2.19257720674671,53.7019515409679,0.0020327120335616703,2026
11035,Yorkshire and The Humber,-2.11684143194601,53.7020495066698,0.0042318969717498895,2026
11036,Yorkshire and The Humber,-2.04110531950318,53.7020995959255,0.0018957026081384964,2026
11037,Yorkshire and The Humber,-1.96536908781912,53.7021018084125,0.002451157391733604,2026
11038,Yorkshire and The Humber,-1.8896329552969,53.7020561441163,0.008037272151775042,2026
11039,Yorkshire and The Humber,-1.81389714033778,53.7019626033315,0.006449036757557841,2026
11040,Yorkshire and The Humber,-1.73816186133728,53.701821186661,0.0261711711515679,2026
11041,Yorkshire and The Humber,-1.6624273366812,53.701631895016,0.02884118479189807,2026
11042,Yorkshire and The Humber,-1.58669378474166,53.7013947296164,0.038871519602253685,2026
11043,Yorkshire and The Humber,-1.51096142387316,53.7011096919905,0.3260317087616609,2026
11044,Yorkshire and The Humber,-1.43523047240862,53.7007767839751,0.12082977655160798,2026
11045,Yorkshire and The Humber,-1.3595011486554,53.7003960077153,0.019673632255541258,2026
11046,Yorkshire and The Humber,-1.28377367089139,53.6999673656644,0.028992703040750533,2026
11047,Yorkshire and The Humber,-1.20804825736102,53.6994908605842,0.09506354644964828,2026
11048,North East,-1.13232512627131,53.6989664955447,0.12607294755143922,2026
11049,Yorkshire and The Humber,-1.05660449578795,53.6983942739238,0.030097232501245918,2026
11050,,-0.980886584031328,53.6977741994078,0.0576778295821654,2026
11051,Yorkshire and The Humber,-0.905171609072576,53.6971062759908,0.06973254225702566,2026
11052,Yorkshire and The Humber,-0.829459788929658,53.6963905079747,0.0852408963234452,2026
11053,Yorkshire and The Humber,-0.753751341563402,53.6956268999696,0.1303871468785178,2026
11054,Yorkshire and The Humber,-0.678046484873576,53.6948154568928,0.07801637396801286,2026
11055,Yorkshire and The Humber,-0.602345436694946,53.6939561839697,0.37081923700535624,2026
11057,Yorkshire and The Humber,-0.450955636861733,53.692094171022,0.41292559791454825,2026
11058,Yorkshire and The Humber,-0.3752673205163,53.6910914429847,0.8556747374013286,2026
11059,Yorkshire and The Humber,-0.299583683292513,53.6900409090751,0.8252430793028471,2026
11061,Yorkshire and The Humber,-0.148231315924682,53.687796450991,0.08188827241444509,2026
11062,Yorkshire and The Humber,-0.0725630204127681,53.6866025412593,0.13796413654460712,2026
11063,Yorkshire and The Humber,0.0030997267210609,53.6853608545407,0.7157628352903453,2026
11064,Yorkshire and The Humber,0.0787567084035976,53.6840713988225,0.6004735233952351,2026
11156,North West,-2.95088174234604,53.7432731380467,0.006820868693321878,2026
11157,North West,-2.87508061660022,53.7438507256465,0.007621574212373487,2026
11158,North West,-2.79927696097849,53.7443803787467,0.00939771254876512,2026
11159,North West,-2.7234709944396,53.7448620939296,0.004667683738749371,2026
11160,North West,-2.6476629359843,53.7452958680865,0.004970107508673662,2026
11161,North West,-2.57185300465132,53.7456816984179,0.002713221443518236,2026
11162,North West,-2.49604141951343,53.7460195824337,0.003201853202136683,2026
11163,North West,-2.42022839967343,53.7463095179532,0.0023684161443166775,2026
11164,North West,-2.34441416426017,53.7465515031051,0.0030942535551739926,2026
11165,North West,-2.26859893242462,53.7467455363275,0.0020119026202154383,2026
11166,North West,-2.19278292333583,53.746891616368,0.0012446793880770744,2026
11167,Yorkshire and The Humber,-2.11696635617697,53.7469897422838,0.0019120230888659711,2026
11168,Yorkshire and The Humber,-2.04114945014137,53.7470399134415,0.0027365368174878265,2026
11169,Yorkshire and The Humber,-1.9653324244285,53.7470421295174,0.0026840835377737846,2026
11170,Yorkshire and The Humber,-1.88951549824002,53.7469963904971,0.007783983933220672,2026
11171,Yorkshire and The Humber,-1.81369889077576,53.7469026966762,0.004543230515571061,2026
11172,Yorkshire and The Humber,-1.73788282122978,53.7467610486595,0.006452748612217677,2026
11173,Yorkshire and The Humber,-1.66206750878635,53.7465714473614,0.010228984186186185,2026
11174,Yorkshire and The Humber,-1.586253172616,53.7463338940059,0.11268130450999606,2026
11175,Yorkshire and The Humber,-1.51044003187152,53.7460483901264,0.06868434398606109,2026
11176,Yorkshire and The Humber,-1.43462830568396,53.7457149375659,0.10785701669861122,2026
11177,Yorkshire and The Humber,-1.35881821315868,53.7453335384766,0.1502812253514064,2026
11178,North East,-1.28300997337139,53.7449041953204,0.09869368421687601,2026
11179,North East,-1.2072038053641,53.7444269108681,0.11791142792016356,2026
11180,North East,-1.13139992814123,53.7439016882,0.28456633966344946,2026
11181,North East,-1.05559856066557,53.7433285307057,0.09114713304979616,2026
11182,North East,-0.979799921854338,53.7427074420837,0.12967828722764604,2026
11183,Yorkshire and The Humber,-0.904004230575211,53.7420384263415,0.07202629146983121,2026
11184,Yorkshire and The Humber,-0.828211705642347,53.7413214877956,0.13141290043167025,2026
11185,Yorkshire and The Humber,-0.752422565812424,53.7405566310716,0.12046466913062984,2026
11186,Yorkshire and The Humber,-0.67663702978068,53.7397438611034,0.09470083805318723,2026
11187,Yorkshire and The Humber,-0.600855316176946,53.7388831831338,0.7248845208445335,2026
11188,Yorkshire and The Humber,-0.525077643561697,53.7379746027141,0.25881687176517726,2026
11189,Yorkshire and The Humber,-0.449304230422093,53.737018125704,0.7088345804362189,2026
11190,Yorkshire and The Humber,-0.373535295168031,53.7360137582712,0.6308330554239466,2026
11192,Yorkshire and The Humber,-0.222011731546117,53.7338613783502,0.2634222287172487,2026
11193,Yorkshire and The Humber,-0.146257539576239,53.7327133797378,0.27645594909237453,2026
11194,Yorkshire and The Humber,-0.0705086982799686,53.7315175184543,0.5452120428338164,2026
11195,Yorkshire and The Humber,0.0052345743782402,53.7302738022067,0.7388210159198941,2026
11287,North West,-3.02777720970627,53.7875804109546,0.0029865408628392282,2026
11288,North West,-2.95189788778558,53.7882069527772,0.005380048564992526,2026
11289,North West,-2.87601580701522,53.7887854854294,0.012226655702054414,2026
11290,North West,-2.80013118710879,53.7893160051717,0.007849685224796012,2026
11291,North West,-2.72424424782612,53.7897985085747,0.0044936873520646835,2026
11292,North West,-2.64835520896928,53.7902329925193,0.004098414451093668,2026
11293,North West,-2.57246429037857,53.7906194541966,0.0028798920211549226,2026
11294,North West,-2.49657171192851,53.7909578911082,0.0046361006766113926,2026
11295,North West,-2.42067769352386,53.7912483010658,0.00467980760955068,2026
11296,North West,-2.3447824550956,53.791490682192,0.003941753232300967,2026
11297,North West,-2.26888621659694,53.7916850329194,0.0037003547945839363,2026
11298,North West,-2.1929891979993,53.7918313519917,0.003940286841408827,2026
11299,Yorkshire and The Humber,-2.11709161928831,53.7919296384625,0.0016596495785076064,2026
11300,Yorkshire and The Humber,-2.04119370045981,53.7919798916967,0.001258326478658146,2026
11301,Yorkshire and The Humber,-1.96529566151583,53.7919821113692,0.0012304622324126452,2026
11302,Yorkshire and The Humber,-1.88939772246059,53.7919362974658,0.002396225532526403,2026
11303,Yorkshire and The Humber,-1.81350010329649,53.7918424502828,0.00626087991448583,2026
11304,Yorkshire and The Humber,-1.7376030240201,53.7917005704272,0.014740888051501824,2026
11305,Yorkshire and The Humber,-1.66170670461817,53.7915106588165,0.023623568063547866,2026
11306,Yorkshire and The Humber,-1.58581136506358,53.7912727166788,0.05326052312627423,2026
11307,Yorkshire and The Humber,-1.50991722531139,53.7909867455528,0.12441820727694282,2026
11308,Yorkshire and The Humber,-1.43402450529479,53.7906527472875,0.02956879859608079,2026
11309,Yorkshire and The Humber,-1.35813342492113,53.7902707240425,0.021031785905475543,2026
11310,North East,-1.28224420406786,53.7898406782879,0.032103625016071835,2026
11311,North East,-1.20635706257862,53.7893626128039,0.21264503015492822,2026
11312,North East,-1.13047222025913,53.7888365306813,0.06898544993391403,2026
11313,North East,-1.0545898968733,53.788262435321,0.16676862631101969,2026
11314,North East,-0.978710312139145,53.7876403304339,0.028592525104359702,2026
11315,Yorkshire and The Humber,-0.902833685724837,53.7869702200412,0.028359389089346855,2026
11316,Yorkshire and The Humber,-0.826960237244701,53.7862521084739,0.07856711491012879,2026
11317,Yorkshire and The Humber,-0.75109018625523,53.7854860003731,0.06908120435402976,2026
11318,Yorkshire and The Humber,-0.675223752251088,53.7846719006895,0.05607118975486063,2026
11319,Yorkshire and The Humber,-0.599361154661134,53.7838098146834,0.1750810537350782,2026
11320,Yorkshire and The Humber,-0.523502612844436,53.7828997479249,0.1521255680154966,2026
11321,Yorkshire and The Humber,-0.447648346086296,53.7819417062934,0.2674496175966025,2026
11322,Yorkshire and The Humber,-0.371798573594274,53.7809356959776,0.7907458797827589,2026
11323,Yorkshire and The Humber,-0.295953514494215,53.7798817234752,0.35543557481520066,2026
11324,Yorkshire and The Humber,-0.220113387826283,53.7787797955933,0.18980802252808615,2026
11325,Yorkshire and The Humber,-0.144278412541001,53.7776299194475,0.02305528315001101,2026
11326,Yorkshire and The Humber,-0.0684488074952833,53.7764321024624,0.7330967974066976,2026
11419,North West,-3.02887727863397,53.8325128478189,0.007052386311426602,2026
11420,North West,-2.95291679208562,53.8331404152742,0.0029983729221023676,2026
11421,North West,-2.87695353657645,53.8337198949943,0.0046912883365457896,2026
11422,North West,-2.80098773262484,53.8342512832271,0.005052958601822474,2026
11423,North West,-2.72501960079568,53.8347345765314,0.003989126429533961,2026
11424,North West,-2.64904936169635,53.8351697717778,0.0018712940418736342,2026
11425,North West,-2.57307723597272,53.8355568661478,0.0031055564399386196,2026
11426,North West,-2.49710344430508,53.8358958571345,0.003902457350099728,2026
11427,North West,-2.42112820740415,53.8361867425425,0.0028640905012638877,2026
11428,North West,-2.34515174600703,53.8364295204876,0.004461826649513981,2026
11429,North West,-2.26917428087318,53.8366241893976,0.004568895788927132,2026
11430,North West,-2.19319603278041,53.8367707480115,0.0046705807544569185,2026
11431,North West,-2.1172172225208,53.8368691953801,0.002217221283642976,2026
11432,Yorkshire and The Humber,-2.04123807089671,53.8369195308657,0.0017433661665683434,2026
11433,Yorkshire and The Humber,-1.96525879871675,53.8369217541426,0.00348950482340977,2026
11434,Yorkshire and The Humber,-1.8892796267917,53.8368758651962,0.003184434146493314,2026
11435,Yorkshire and The Humber,-1.81330077593053,53.8367818643241,0.0057034277594651865,2026
11436,Yorkshire and The Humber,-1.73732246693634,53.836639752135,0.008720068554625393,2026
11437,Yorkshire and The Humber,-1.66134492060235,53.8364495295498,0.0147476831302462,2026
11438,Yorkshire and The Humber,-1.58536835770782,53.8362111978006,0.016369874055126563,2026
11439,Yorkshire and The Humber,-1.50939299901408,53.8359247584312,0.08426619755860196,2026
11440,Yorkshire and The Humber,-1.43341906526046,53.835590213297,0.07859789354281857,2026
11441,Yorkshire and The Humber,-1.35744677716027,53.835207564565,0.029405164569557794,2026
11442,North East,-1.28147635539677,53.8347768147133,0.04993739024950603,2026
11443,North East,-1.20550802061916,53.8342979665319,0.20289061983752435,2026
11444,North East,-1.12954199343853,53.8337710231217,0.06083871876393951,2026
11445,North East,-1.05357849442385,53.8331959878952,0.10092011203559732,2026
11446,North East,-0.977617744097947,53.8325728645759,0.037500702617713946,2026
11447,Yorkshire and The Humber,-0.90165996293348,53.8319016571985,0.06424909509589861,2026
11448,Yorkshire and The Humber,-0.825705371348935,53.8311823701088,0.06510106757838219,2026
11449,Yorkshire and The Humber,-0.749754189704599,53.8304150079632,0.24886136723921704,2026
11450,Yorkshire and The Humber,-0.673806638298551,53.8295995757294,0.26041685412753723,2026
11451,Yorkshire and The Humber,-0.597862937362658,53.8287360786854,0.099612019217104,2026
11452,Yorkshire and The Humber,-0.521923307058561,53.8278245224201,0.14588780152447298,2026
11453,Yorkshire and The Humber,-0.445987967473679,53.8268649128327,0.198211080394801,2026
11454,Yorkshire and The Humber,-0.370057138617204,53.8258572561328,0.38348875157322154,2026
11455,Yorkshire and The Humber,-0.294131040416111,53.8248015588401,0.10170046093521823,2026
11456,Yorkshire and The Humber,-0.218209892711159,53.8236978277845,0.03190120323994901,2026
11457,Yorkshire and The Humber,-0.14229391525291,53.8225460701058,0.037321628153812264,2026
11551,North West,-3.02998033700186,53.8774449303842,0.0029925124303050153,2026
11552,North West,-2.95393846535734,53.8780735256632,0.003493187396776035,2026
11553,North West,-2.87789381459033,53.8786539544743,0.004049362893295107,2026
11554,North West,-2.80184660602799,53.8791862130529,0.0017938974299219973,2026
11555,North West,-2.7257970610443,53.8796702979463,0.001676250875987474,2026
11556,North West,-2.64974540105598,53.8801062060142,0.0038067604613765214,2026
11557,North West,-2.57369184751847,53.8804939344288,0.004083026859927971,2026
11558,North West,-2.49763662192188,53.8808334806747,0.00405877276374613,2026
11559,North West,-2.4215799457869,53.8811248425488,0.0021370881059809585,2026
11560,North West,-2.34552204066079,53.881368018161,0.0033234445466184376,2026
11561,North West,-2.26946312811331,53.8815630059334,0.0019594612749520624,2026
11562,North West,-2.19340342973265,53.8817098046009,0.004816593923604001,2026
11563,North West,-2.1173431671214,53.8818084132111,0.003180585198176046,2026
11564,North East,-2.04128256189248,53.8818588311242,0.002345493168189971,2026
11565,Yorkshire and The Humber,-1.96522183566507,53.8818610580131,0.0027236973213598283,2026
11566,Yorkshire and The Humber,-1.88916121006059,53.8818150938635,0.004987314648819083,2026
11567,Yorkshire and The Humber,-1.8131009066986,53.8817209389737,0.005746339236928623,2026
11568,Yorkshire and The Humber,-1.73704114719275,53.8815785939547,0.024067253322497886,2026
11569,Yorkshire and The Humber,-1.66098215314676,53.8813880597304,0.008572199433818442,2026
11570,Yorkshire and The Humber,-1.58492414615031,53.8811493375372,0.013056962638237609,2026
11571,Yorkshire and The Humber,-1.50886734777503,53.8808624289239,0.021237783091221117,2026
11572,Yorkshire and The Humber,-1.43281197957042,53.8805273357524,0.015679470038207223,2026
11573,Yorkshire and The Humber,-1.35675826305978,53.8801440601968,0.04911401659275175,2026
11574,North East,-1.2807064197362,53.8797126047439,0.07752251901522149,2026
11575,North East,-1.20465667105848,53.8792329721927,0.0694584799278042,2026
11576,North East,-1.12860923844708,53.878705165655,0.05394889512745401,2026
11577,Yorkshire and The Humber,-1.05256434328007,53.8781291885546,0.019847420406058504,2026
11578,North East,-0.976522206889096,53.8775050446277,0.016698657518425114,2026
11579,Yorkshire and The Humber,-0.900483050555334,53.8768327379226,0.03697239012182985,2026
11580,Yorkshire and The Humber,-0.824447095505436,53.8761122727996,0.1445089897210431,2026
11581,Yorkshire and The Humber,-0.7484145629075,53.8753436539312,0.16416779994587463,2026
11582,Yorkshire and The Humber,-0.672385673867029,53.8745268863017,0.2212091473194747,2026
11583,Yorkshire and The Humber,-0.596360649422902,53.873661975207,0.06087211970336551,2026
11584,Yorkshire and The Humber,-0.520339710543337,53.8727489262548,0.1822254605243441,2026
11585,Yorkshire and The Humber,-0.444323078121866,53.8717877453643,0.24102985036342506,2026
11586,Yorkshire and The Humber,-0.368310972973314,53.8707784387661,0.04665791099240151,2026
11587,Yorkshire and The Humber,-0.292303615829773,53.8697210130018,0.12519315407002318,2026
11588,Yorkshire and The Humber,-0.21630122733659,53.8686154749246,0.07596188503791029,2026
11589,Yorkshire and The Humber,-0.140304028048349,53.8674618316982,0.016956618409262117,2026
11683,North West,-3.03108639578015,53.9223766587683,0.003700232646402224,2026
11684,North West,-2.95496291776249,53.9230062840701,0.0015968471726196612,2026
11685,North West,-2.8788366504098,53.9235876640032,0.0018388751642302184,2026
11686,North West,-2.8027078158621,53.9241207947901,0.0026946695386332944,2026
11687,North West,-2.72657663630648,53.9246056729665,0.0033123873250956635,2026
11688,North West,-2.65044333397306,53.9250422953816,0.0011353592123530113,2026
11689,North West,-2.57430813113093,53.9254306591978,0.001504223539464482,2026
11690,North West,-2.49817125008402,53.9257707618912,0.0028977299742160264,2026
11691,North West,-2.42203291316707,53.9260626012515,0.0021759550248047457,2026
11692,North West,-2.34589334274156,53.926306175382,0.0031819890409142777,2026
11693,North West,-2.26975276119158,53.9265014826994,0.0029309263353577346,2026
11694,North West,-2.19361139091979,53.9266485219344,0.0022791409534689607,2026
11695,North East,-2.11746945434332,53.9267472921313,0.0028003049510802688,2026
11696,North East,-2.04132717388971,53.9267977926482,0.0027080030740764217,2026
11697,Yorkshire and The Humber,-1.9651847719928,53.926800023157,0.003595018748483035,2026
11698,Yorkshire and The Humber,-1.88904247108866,53.9267539836431,0.00422266337746702,2026
11699,Yorkshire and The Humber,-1.81290049361151,53.9266596744061,0.002996847372210087,2026
11700,North East,-1.73675906198964,53.9265170960589,0.007799962493181118,2026
11701,North East,-1.66061839864129,53.9263262495285,0.01828886648545505,2026
11702,North East,-1.58447872597064,53.9260871360554,0.016268004620254507,2026
11703,North East,-1.50834026636367,53.925799757194,0.015882582160857788,2026
11704,Yorkshire and The Humber,-1.43220324218409,53.9254641148122,0.013775348490514714,2026
11705,Yorkshire and The Humber,-1.35606787576926,53.9250802110915,0.10423343848573345,2026
11706,North East,-1.27993438942615,53.9246480485272,0.07057298656512588,2026
11707,North East,-1.20380300542719,53.9241676299279,0.046400330732409116,2026
11708,Yorkshire and The Humber,-1.12767394600628,53.9236389584156,0.30724487740009476,2026
11709,Yorkshire and The Humber,-1.05154743335463,53.9230620374259,0.015523890018927159,2026
11710,Yorkshire and The Humber,-0.975423689616763,53.9224368707077,0.07617802139355025,2026
11711,Yorkshire and The Humber,-0.899302936886392,53.9217634623228,0.11309664410197097,2026
11712,Yorkshire and The Humber,-0.823185397202385,53.9210418166466,0.12320185665948774,2026
11713,Yorkshire and The Humber,-0.747071292544687,53.9202719383671,0.14805002013809876,2026
11714,Yorkshire and The Humber,-0.670960844830258,53.9194538324855,0.1491962564245992,2026
11715,Yorkshire and The Humber,-0.59485427590902,53.9185875043158,0.06396174979502736,2026
11716,Yorkshire and The Humber,-0.518751807559796,53.9176729594846,0.08748928926395362,2026
11717,Yorkshire and The Humber,-0.442653661486258,53.916710203931,0.1789505033992203,2026
11718,Yorkshire and The Humber,-0.36656005931288,53.9156992439068,0.035674291427004366,2026
11719,Yorkshire and The Humber,-0.290471222580892,53.9146400859758,0.18100473300870515,2026
11720,Yorkshire and The Humber,-0.214387372744237,53.9135327370143,0.08569510992643861,2026
11818,North West,-2.80357137071376,53.9690550285801,0.0020686512615780187,2026
11819,North West,-2.72735833435543,53.9695407017401,0.004027190274353926,2026
11820,North West,-2.65114316740718,53.9699780400336,0.0009210530649146072,2026
11821,North West,-2.5749260929558,53.9703670406137,0.0012658284897458668,2026
11822,North West,-2.49870733412317,53.9707077009477,0.002583953529843387,2026
11823,North West,-2.42248711406213,53.9710000188179,0.0020521220419962936,2026
11824,North West,-2.34626565595245,53.971243992321,0.0023190322371897266,2026
11825,North West,-2.27004318299665,53.9714396198685,0.0024830249562026374,2026
11826,North East,-2.19381991841592,53.9715869001869,0.001378445718670725,2026
11827,North East,-2.11759608544604,53.9716858323171,0.0033766304697355853,2026
11828,North East,-2.04137190733323,53.971736415615,0.004679100694523275,2026
11829,North East,-1.96514760733008,53.9717386497514,0.001903775490992791,2026
11830,North East,-1.8889234086914,53.9716925347118,0.0031543986943022187,2026
11831,North East,-1.81269953467014,53.9715980707965,0.0033213230074501166,2026
11832,North East,-1.73647620851331,53.9714552586208,0.002094357785237214,2026
11833,North East,-1.66025365345779,53.9712640991148,0.007630081778777325,2026
11834,North East,-1.58403209272629,53.9710245935231,0.006442632399731302,2026
11835,North East,-1.50781174952324,53.9707367434053,0.016791609008510858,2026
11836,North East,-1.43159284703065,53.9704005506358,0.03635526293606007,2026
11837,North East,-1.35537560840402,53.9700160174034,0.3725628308364289,2026
11838,North East,-1.27916025676826,53.9695831462119,0.10617634749008321,2026
11839,Yorkshire and The Humber,-1.20294701521353,53.9691019398794,0.09096915213353539,2026
11840,Yorkshire and The Humber,-1.12673610679121,53.9685724015385,0.21723742843858354,2026
11841,Yorkshire and The Humber,-1.05052775450975,53.9679945346365,0.1124722310670273,2026
11842,Yorkshire and The Humber,-0.9743221813306,53.9673683429349,0.02795366185019921,2026
11843,Yorkshire and The Humber,-0.898119610164092,53.9666938305094,0.06864866401290473,2026
11844,Yorkshire and The Humber,-0.821920263865369,53.96597100175,0.10827294271198067,2026
11845,Yorkshire and The Humber,-0.745724365230284,53.9651998613609,0.03245686323330705,2026
11846,Yorkshire and The Humber,-0.669532136991315,53.9643804143601,0.07539722435942349,2026
11847,Yorkshire and The Humber,-0.593343801813483,53.9635126660795,0.11592874369857685,2026
11848,Yorkshire and The Humber,-0.517159582290266,53.9625966221649,0.15668376896452557,2026
11849,Yorkshire and The Humber,-0.440979700939526,53.9616322885756,0.1289437048063005,2026
11850,Yorkshire and The Humber,-0.364804380199434,53.9606196715844,0.16068139439604262,2026
11851,Yorkshire and The Humber,-0.288633842424397,53.9595587777774,0.1528658226997277,2026
11852,Yorkshire and The Humber,-0.212468309880992,53.9584496140541,0.02653135110036832,2026
11949,North West,-2.88073003311155,54.0134540337454,0.002035212485005154,2026
11950,North West,-2.80443727921262,54.0139889145649,0.001096873473991971,2026
11951,North West,-2.72814216300331,54.0144753844155,0.003186228473833812,2026
11952,North West,-2.65184490835277,54.0149134401248,0.0008473421985736644,2026
11953,North West,-2.57554573916961,54.0153030788361,0.000549920106072327,2026
11954,North West,-2.49924487939772,54.0156442980082,0.0006088830056605564,2026
11955,North West,-2.42294255301218,54.0159370954159,0.002397570647472309,2026
11956,North West,-2.34663898401513,54.0161814691495,0.002385478015782347,2026
11957,North East,-2.27033439643163,54.016377417615,0.001793733213127387,2026
11958,North East,-2.19402901430553,54.0165249395345,0.0019769797584682927,2026
11959,North East,-2.11772306169534,54.0166240339457,0.0014868012310056433,2026
11960,North East,-2.04141676267008,54.0166747002025,0.0020288080338484297,2026
11961,North East,-1.96511034130519,54.0166769379743,0.001185471323927624,2026
11962,North East,-1.88880402167834,54.0166307472468,0.001219280166995269,2026
11963,North East,-1.81249802786534,54.0165361283212,0.0014920328187224105,2026
11964,North East,-1.73619258393597,54.0163930818148,0.0017010508593744344,2026
11965,North East,-1.65988791394989,54.0162016086609,0.007210653452625521,2026
11966,North East,-1.58358424195246,54.0159617101085,0.01219538992369894,2026
11967,North East,-1.50728179197065,54.0156733877223,0.011844718147136753,2026
11968,North East,-1.43098078800888,54.0153366433832,0.06561346108408217,2026
11969,North East,-1.35468145404488,54.0149514792874,0.11402778132332114,2026
11970,North East,-1.27838401402561,54.0145178979471,0.5609237339277036,2026
11971,North East,-1.20208869186307,54.0140359021899,0.07743985396276909,2026
11972,Yorkshire and The Humber,-1.12579571143022,54.0135054951594,0.07429346406065195,2026
11973,Yorkshire and The Humber,-1.04950529655684,54.0129266803143,0.03383225579761154,2026
11974,North East,-0.973217671025402,54.0122994614289,0.02452807451028296,2026
11975,North East,-0.896933058566949,54.0116238425928,0.026026657419964346,2026
11976,Yorkshire and The Humber,-0.82065168285699,54.010899828211,0.03987546093853358,2026
11977,Yorkshire and The Humber,-0.744373767511374,54.0101274230034,0.0022250520002076745,2026
11978,Yorkshire and The Humber,-0.668099536082179,54.0093066320052,0.021755357840578804,2026
11979,Yorkshire and The Humber,-0.591829212053607,54.0084374605664,0.10766886017516039,2026
11980,Yorkshire and The Humber,-0.51556301883787,54.0075199143518,0.09075825032957546,2026
11981,Yorkshire and The Humber,-0.439301179771095,54.0065539993411,0.207459676148645,2026
11982,Yorkshire and The Humber,-0.363043918109217,54.0055397218283,0.14135799168573,2026
11983,Yorkshire and The Humber,-0.28679145702389,54.004477088422,0.0688651368665157,2026
11984,,-0.210544019598387,54.0033661060449,0.17140676013935094,2026
12081,North West,-2.88168059893487,54.0583866942293,0.001971309910363979,2026
12082,North West,-2.80530555003157,54.0589224528874,0.002396230824480367,2026
12083,North West,-2.72892813010146,54.059409721142,0.0028514165755270876,2026
12084,North West,-2.65254856383938,54.0598484958102,0.0020053011046142453,2026
12085,North West,-2.57616707597985,54.0602387740253,0.001962593853598301,2026
12086,North West,-2.49978389129294,54.0605805532378,0.0013325608777263692,2026
12087,North East,-2.42339923458009,54.0608738312146,0.001359440406542416,2026
12088,North East,-2.34701333066994,54.0611186060395,0.00239715735261679,2026
12089,North East,-2.27062640441422,54.0613148761134,0.0024959082125489292,2026
12090,North East,-2.19423868068357,54.0614626401538,0.0019738176039791285,2026
12091,North East,-2.11785038436336,54.0615618971953,0.0019561634020089248,2026
12092,North East,-2.04146174034956,54.0616126465894,0.002356481270910687,2026
12093,North East,-1.96507297354457,54.0616148880046,0.0014510287159813463,2026
12094,North East,-1.88868430885308,54.0615686214263,0.0012471515430676902,2026
12095,North East,-1.81229597117785,54.0614738471569,0.001280608421785766,2026
12096,North East,-1.73590818541563,54.0613305658158,0.0024722117291882347,2026
12097,North East,-1.65952117645294,54.0611387783393,0.0037822705299416517,2026
12098,North East,-1.58313516916195,54.0608984859808,0.010494279154743533,2026
12099,North East,-1.50675038839629,54.0606096903105,0.02403716566645052,2026
12100,North East,-1.43036705898691,54.0602723932153,0.05741186821155181,2026
12101,North East,-1.35398540573793,54.059886596899,0.05968253621985078,2026
12102,North East,-1.27760565342246,54.0594523038825,0.2815791665700446,2026
12103,North East,-1.20122802677848,54.058969517003,0.32202759926202135,2026
12104,North East,-1.12485275050466,54.0584382394146,0.3496395932773206,2026
12105,North East,-1.04848004925622,54.0578584745878,0.17948166411966388,2026
12106,North East,-0.972110147640769,54.0572302263099,0.022883937264509227,2026
12107,North East,-0.895743270214193,54.0565534986842,0.03857241912607316,2026
12108,North East,-0.819379641476477,54.0558282961307,0.035016447825083015,2026
12109,North East,-0.743019485867579,54.0550546233855,0.00538324144831123,2026
12110,North East,-0.666663027763288,54.0542324855007,0.023023827467456348,2026
12111,Yorkshire and The Humber,-0.590310491471092,54.0533618878447,0.04757687189648737,2026
12112,Yorkshire and The Humber,-0.513962101226042,54.0524428361014,0.09108961964839135,2026
12113,Yorkshire and The Humber,-0.437618081186625,54.0514753362708,0.15310230233367864,2026
12114,Yorkshire and The Humber,-0.361278655430642,54.0504593946683,0.07759068860454575,2026
12115,Yorkshire and The Humber,-0.284944047951081,54.0493950179249,0.18478807156269159,2026
12116,,-0.208614482652003,54.0482822129869,0.17249450042423017,2026
12171,Northern Ireland,-6.08872748732975,54.037010949117,0.003305396244631701,2026
12209,North West,-3.18843572795064,54.1006868266578,0.0026770233999497063,2026
12214,North West,-2.80617619188712,54.1038556436909,0.0020005986110595516,2026
12215,North West,-2.72971624354068,54.1043437120697,0.0020857699467254614,2026
12216,North West,-2.65325414093184,54.1047832072457,0.00211020830073516,2026
12217,North West,-2.57679010962522,54.1051741263426,0.0026042483519249145,2026
12218,North East,-2.50032437522118,54.105516466802,0.0028592158255908366,2026
12219,North East,-2.42385716335167,54.1058102263835,0.002573095277502011,2026
12220,North East,-2.34738869967602,54.1060554031642,0.0018999821090111128,2026
12221,North East,-2.27091920987678,54.1062519955394,0.001879897990651253,2026
12222,North East,-2.19444891965551,54.1064000022226,0.0005701341917235583,2026
12223,North East,-2.11797805472863,54.1064994222448,0.0017403661211328179,2026
12224,North East,-2.04150684082321,54.1065502549554,0.001075464677237277,2026
12225,North East,-1.96503550367278,54.1065525000217,0.0017048828106640717,2026
12226,North East,-1.88856426901317,54.1065061574292,0.001432457524755806,2026
12227,North East,-1.8120933625783,54.1064112274813,0.0019321416438672862,2026
12228,North East,-1.73562301009602,54.1062677107995,0.004471498572640586,2026
12229,North East,-1.65915343728389,54.1060756083233,0.004771138987215082,2026
12230,North East,-1.58268486984502,54.1058349213102,0.011563380543002664,2026
12231,North East,-1.50621753346387,54.1055456513358,0.13926467940694887,2026
12232,North East,-1.4297516538021,54.1052078002935,0.15927429932120685,2026
12233,North East,-1.35328745649434,54.1048213703948,0.2604075196591654,2026
12234,North East,-1.27682516714403,54.1043863641688,0.15399491127478215,2026
12235,North East,-1.20036501131927,54.1039027844626,0.30755595432884636,2026
12236,North East,-1.12390721454857,54.1033706344409,0.2927471340040932,2026
12237,North East,-1.04745200231676,54.1027899175861,0.10799130942245057,2026
12238,North East,-0.970999600060753,54.1021606376984,0.046499426928610074,2026
12239,North East,-0.894550233165391,54.101482798895,0.083696206324035,2026
12240,North East,-0.818104126959285,54.100756405611,0.06713491656400991,2026
12241,North East,-0.74166150671064,54.0999814625986,0.04098779068956193,2026
12242,North East,-0.665222597623092,54.0991579749271,0.056445463774783204,2026
12243,North East,-0.588787624831547,54.0982859479831,0.09245810617424947,2026
12244,North East,-0.512356813398022,54.0973653874699,0.0993967050813026,2026
12245,Yorkshire and The Humber,-0.435930388307493,54.0963962994078,0.05603370029375968,2026
12246,Yorkshire and The Humber,-0.359508574463743,54.0953786901339,0.06209589863429666,2026
12247,Yorkshire and The Humber,-0.283091596685216,54.0943125663016,0.0564609982436854,2026
12248,Yorkshire and The Humber,-0.206679679700871,54.0931979348809,0.17473690379513482,2026
12296,Northern Ireland,-6.62644781277878,54.062469174975,0.0026066421121464464,2026
12297,Northern Ireland,-6.55029986445365,54.0653800077094,0.0013640969668445484,2026
12298,,-6.47413857171591,54.0682427349341,0.0014056465057371978,2026
12299,Northern Ireland,-6.39796415389311,54.0710573380515,0.0015783009652419087,2026
12302,Northern Ireland,-6.16936434676776,54.0792122213884,0.0010307986504446264,2026
12303,Northern Ireland,-6.09313962662357,54.0818341482435,0.0022902666589278502,2026
12304,Northern Ireland,-6.0169028815555,54.0844078626145,0.0019477862125582503,2026
12305,Northern Ireland,-5.94065433227313,54.0869333477511,0.0010871806032609805,2026
12341,North West,-3.1897223705758,54.1456144644303,0.0015986999090701756,2026
12342,North West,-3.11319387388137,54.1463465451687,0.0017015253694612703,2026
12346,North West,-2.80704921353956,54.1487884871194,0.0022844735142491645,2026
12347,North West,-2.73050651125143,54.1492773573491,0.0018281823180696126,2026
12348,North West,-2.65396164673053,54.1497175745879,0.0017631992357378362,2026
12349,North West,-2.57741484637576,54.1501091359497,0.0016531757646570029,2026
12350,North East,-2.50086633662197,54.1504520388675,0.001693440230534711,2026
12351,North East,-2.42431634393579,54.150746281093,0.0006874346581773526,2026
12352,North East,-2.34776509481141,54.1509918606971,0.0005432498564027659,2026
12353,North East,-2.27121281576639,54.1511887760695,0.0017428860800005345,2026
12354,North East,-2.19465973333742,54.1513370259191,0.000537987675553872,2026
12355,North East,-2.11810607407612,54.1514366092738,0.0009841974014183348,2026
12356,North East,-2.04155206454484,54.1514875254808,0.0018555654588624888,2026
12357,North East,-1.96499793131246,54.1514897742063,0.0004517930231670909,2026
12358,North East,-1.88844390095013,54.1514433554356,0.001628541700155584,2026
12359,North East,-1.81189020002711,54.1513482694731,0.001365196260441235,2026
12360,North East,-1.73533705510652,54.1512045169426,0.0027705140089357002,2026
12361,North East,-1.65878469274115,54.1510120987867,0.006885244580481145,2026
12362,North East,-1.58223333946924,54.1507710162672,0.02412512251328768,2026
12363,North East,-1.50568322181029,54.1504812709651,0.12250435364621645,2026
12364,North East,-1.4291345662608,54.1501428647803,0.20784422798143518,2026
12365,North East,-1.35258759929013,54.1497557999317,0.3089478096449321,2026
12366,North East,-1.27604254733622,54.1493200789571,0.026945456434517952,2026
12367,North East,-1.19949963680145,54.1488357047133,0.05681000064141983,2026
12368,North East,-1.12295909404839,54.1483026803758,0.1691991924019807,2026
12369,North East,-1.04642114539562,54.1477210094389,0.06665408530732979,2026
12370,North East,-0.969886017113521,54.1470906957156,0.08792087288718424,2026
12371,North East,-0.893353935420082,54.1464117433373,0.05791429266483223,2026
12372,North East,-0.816825126476703,54.1456841567542,0.1279658567632225,2026
12373,North East,-0.740299816383996,54.1449079407345,0.249129522143259,2026
12374,North East,-0.663778231177606,54.144083100365,0.0865428006844313,2026
12375,North East,-0.587260596824015,54.1432096410505,0.02409043947197673,2026
12376,North East,-0.510747139216361,54.1422875685139,0.09732134600581928,2026
12377,North East,-0.43423808417026,54.1413168887959,0.07655034009617628,2026
12378,Yorkshire and The Humber,-0.357733657419625,54.1402976082551,0.05920333460683867,2026
12379,Yorkshire and The Humber,-0.281234084612495,54.1392297335676,0.022334282243122786,2026
12380,Yorkshire and The Humber,-0.20473959130687,54.1381132717271,0.2405551329271566,2026
12428,Northern Ireland,-6.63144364306388,54.1072600763786,0.002006374634900312,2026
12429,Northern Ireland,-6.55521417140382,54.1101756743483,0.003123704445337203,2026
12430,Northern Ireland,-6.47897130625786,54.1130430887078,0.0017714245246968894,2026
12431,Northern Ireland,-6.40271526774793,54.1158623007967,0.0015630716059073305,2026
12432,Northern Ireland,-6.32644627623751,54.118633292262,0.001595698425105727,2026
12433,Northern Ireland,-6.25016455232778,54.1213560450596,0.0013304515282135854,2026
12434,Northern Ireland,-6.17387031685365,54.1240305414539,0.0011314043394975147,2026
12435,Northern Ireland,-6.09756379087987,54.1266567640183,0.0003039825319619238,2026
12436,Northern Ireland,-6.02124519569705,54.129234695636,0.001540120094153487,2026
12437,Northern Ireland,-5.94491475281773,54.1317643194999,0.0011290947416932996,2026
12473,North West,-3.19101253284951,54.1905417437222,0.001925981299482718,2026
12474,North West,-3.11440110847402,54.1912750276611,0.0023583671730339323,2026
12476,North West,-2.96116856949883,54.192595450019,0.0032386963440776888,2026
12478,North West,-2.80792462379333,54.1937209833178,0.002671294303134457,2026
12479,North West,-2.73129894120411,54.1942106571316,0.002369435193815356,2026
12480,North West,-2.65467108837159,54.194651597994,0.0028362359615182464,2026
12481,North West,-2.57804129253312,54.1950438030092,0.0018322094199421666,2026
12482,North West,-2.50140978096226,54.1953872696013,0.0009656920870921834,2026
12483,North East,-2.42477678096453,54.1956819955144,0.0007165079567920849,2026
12484,North East,-2.34814251987319,54.1959279788128,0.0009021913792538861,2026
12485,North East,-2.27150722504501,54.1961252178807,0.0005743103553899952,2026
12486,North East,-2.19487112385601,54.1962737114225,0.0005257822800546246,2026
12487,North East,-2.11823444369725,54.196373458463,0.0011996548449658554,2026
12488,North East,-2.04159741197058,54.196424458347,0.0005082913842487055,2026
12489,North East,-1.96496025608439,54.1964267107395,0.0014343810896983707,2026
12490,North East,-1.88832320344941,54.1963802156259,0.0010911954004635674,2026
12491,North East,-1.81168648147441,54.1962849733116,0.0010010396698931219,2026
12492,North East,-1.73505031756203,54.1961409844225,0.0019825490105317774,2026
12493,North East,-1.65841493910449,54.1959482499044,0.016252245729024048,2026
12494,North East,-1.58178057347938,54.1957067710235,0.045545396818422706,2026
12495,North East,-1.50514744804541,54.1954165493661,0.16745273590519918,2026
12496,North East,-1.42851579013818,54.1950775868387,0.3468742055272646,2026
12497,North East,-1.35188582706595,54.1946898856676,0.27097556561302893,2026
12498,North East,-1.27525778610539,54.1942534483994,0.02172030543616828,2026
12499,North East,-1.19863189449735,54.1937682779006,0.04580054127040217,2026
12500,North East,-1.12200837944266,54.1932343773575,0.01847442556116439,2026
12501,North East,-1.04538746809786,54.1926517502764,0.059336321718365156,2026
12502,North East,-0.968769387570998,54.1920204004833,0.022415293398866956,2026
12503,North East,-0.892154364917401,54.1913403321237,0.309341932811482,2026
12504,North East,-0.815542627135447,54.1906115496628,0.442557306940927,2026
12505,North East,-0.738934401162354,54.1898340578854,0.09747464480386506,2026
12506,North East,-0.662329913869955,54.1890078618955,0.4799238225515577,2026
12507,North East,-0.585729392060497,54.1881329671163,0.08667265111970052,2026
12508,North East,-0.509133062462418,54.1872093792901,0.1263523634486105,2026
12509,North East,-0.432541151726148,54.1862371044785,0.08970904617277481,2026
12510,North East,-0.355953886419907,54.1852161490615,0.05883378002718805,2026
12511,North East,-0.279371493025498,54.1841465197382,0.05093995493851613,2026
12551,Northern Ireland,-7.32261276791801,54.1235984222027,0.0017266519759970044,2026
12561,Northern Ireland,-6.56014187188254,54.1549706990153,0.0019074598217873303,2026
12562,Northern Ireland,-6.48381721420582,54.1578428105659,0.002355628957370241,2026
12563,Northern Ireland,-6.40747933464462,54.1606666415178,0.0015444872927147491,2026
12564,Northern Ireland,-6.33112845436221,54.1634421734561,0.0017829741633052219,2026
12565,Northern Ireland,-6.25476479476101,54.1661693882754,0.0013723319811742277,2026
12566,Northern Ireland,-6.17838857747866,54.1688482681799,0.0006038424234254588,2026
12567,Northern Ireland,-6.10200002438403,54.1714787956841,0.0003039825319619238,2026
12568,Northern Ireland,-6.02559935757327,54.174060953613,0.0002951099946322328,2026
12569,Northern Ireland,-5.94918679936586,54.1765947251026,0.00044328751657608453,2026
12570,,-5.87276257230056,54.1790800936002,0.0018734599035495382,2026
12603,North West,-3.3456845207642,54.233853323562,0.0024241727610611317,2026
12604,North West,-3.26899726102426,54.2346853859796,0.002503495239451812,2026
12605,North West,-3.19230622780699,54.2354686646358,0.002005570097189739,2026
12606,North West,-3.11561164881838,54.2362031543796,0.002188348908036551,2026
12607,North West,-3.03891375183058,54.2368888503806,0.002714599991807347,2026
12608,North West,-2.96221276467768,54.2375257481289,0.0029035875777315154,2026
12609,North West,-2.88550891525148,54.2381138434352,0.003088040475146011,2026
12610,North West,-2.80880243149721,54.2386531324312,0.006330806657703107,2026
12611,North West,-2.7320935414093,54.239143611569,0.002721328690125621,2026
12612,North West,-2.65538247302711,54.239585277622,0.0030112167975319694,2026
12613,North West,-2.5786694544307,54.2399781276844,0.0017700592064319224,2026
12614,North West,-2.50195471373655,54.2403221591715,0.000517540328819978,2026
12615,North West,-2.42523847909332,54.2406173698197,0.0005185045436131358,2026
12616,North West,-2.34852097867756,54.2408637576866,0.0005150520618095012,2026
12617,North East,-2.2718024406895,54.241061321151,0.0005208810288072189,2026
12618,North East,-2.19508309334873,54.241210058913,0.0005521220776666149,2026
12619,North East,-2.11836316488998,54.2413099699937,0.0005459436958065974,2026
12620,North East,-2.04164288355881,54.2413610537359,0.0013835804821136879,2026
12621,North East,-1.96492247760741,54.2413633098034,0.0013289623118934977,2026
12622,North East,-1.88820217529029,54.2413167381816,0.0010688907285537424,2026
12623,North East,-1.81148220486,54.2412213391769,0.0008281121899876159,2026
12624,North East,-1.73476279456291,54.2410771134174,0.0017499144806853674,2026
12625,North East,-1.65804417263493,54.240884061852,0.013051500064880504,2026
12626,North East,-1.58132656729721,54.2406421857514,0.028357158429652335,2026
12627,North East,-1.50461020675193,54.2403514867071,0.4609233191616952,2026
12628,North East,-1.42789531917802,54.2400119666323,0.3189311333371462,2026
12629,North East,-1.35118213272686,54.2396236277609,0.1133946268076625,2026
12630,North East,-1.27447087551809,54.2391864726481,0.056278488708936106,2026
12631,North East,-1.19776177563528,54.2387005041702,0.021450022599252463,2026
12632,North East,-1.12105506112172,54.2381657255246,0.020082618924417647,2026
12633,North East,-1.04435095997616,54.2375821402293,0.056679147369335874,2026
12634,North East,-0.967649700148522,54.2369497521236,0.09452655556212039,2026
12635,North East,-0.890951509535697,54.236268565367,0.1162448617369032,2026
12636,North East,-0.814256615977264,54.2355385844401,0.503052718776924,2026
12637,North East,-0.737565247251258,54.2347598141439,0.21814929807290598,2026
12638,North East,-0.660877631069922,54.2339322595998,0.10514213856027131,2026
12639,North East,-0.584193995075469,54.2330559262497,0.07643577421688273,2026
12640,North East,-0.507514566835848,54.2321308198555,0.3137965637200922,2026
12641,North East,-0.430839573840507,54.2311569464994,0.06388310005033472,2026
12642,North East,-0.354169243496167,54.2301343125832,0.26019571835463107,2026
12680,Northern Ireland,-7.55706157823594,54.15797472796,0.0012222803072400438,2026
12681,Northern Ireland,-7.48084750788433,54.1614783931059,0.0023604193506458608,2026
12682,Northern Ireland,-7.4046173049971,54.1649339674138,0.0021120644011387623,2026
12683,Northern Ireland,-7.32837118805698,54.1683414284113,0.002451818536667407,2026
12684,Northern Ireland,-7.25210937583788,54.1717007539305,0.0035366291651619864,2026
12692,Northern Ireland,-6.6414761939667,54.1968399215884,0.0013262293064000474,2026
12693,Northern Ireland,-6.56508301520886,54.1997650807291,0.0025138527366524283,2026
12694,Northern Ireland,-6.48867634408054,54.2026418995653,0.00374422477484004,2026
12695,Northern Ireland,-6.41225640230416,54.2054703593096,0.002946462859033046,2026
12696,Northern Ireland,-6.33582341184668,54.2082504414847,0.0018394677963385969,2026
12697,Northern Ireland,-6.25937759491575,54.2109821279237,0.0014200624346292269,2026
12698,Northern Ireland,-6.18291917395565,54.2136654007704,0.0015557635882744887,2026
12699,Northern Ireland,-6.10644837164336,54.21630024248,0.0025224447124429974,2026
12700,Northern Ireland,-6.02996541088456,54.2188866358192,0.002130045901766914,2026
12701,Northern Ireland,-5.95347051480963,54.2214245638667,0.0019309065870299394,2026
12702,Northern Ireland,-5.87696390676961,54.2239140100135,0.0011061162992931765,2026
12735,North West,-3.34714848593248,54.2787772287057,0.0011101612993073768,2026
12736,North West,-3.27037787098538,54.2796106599738,0.0014063209319188478,2026
12737,North West,-3.19360346854924,54.2803952272736,0.0013937113044040026,2026
12738,North West,-3.11682550717465,54.2811309254366,0.001465995765199924,2026
12739,North West,-3.04004421547879,54.2818177496156,0.0014860152192964105,2026
12740,North West,-2.96325982214117,54.2824556952856,0.0012844149224586004,2026
12741,North West,-2.88647255589936,54.2830447582428,0.0012920849921640972,2026
12742,North West,-2.80968264554469,54.2835849346056,0.0015340869354740138,2026
12743,North West,-2.73289031991802,54.2840762208141,0.0019999661069587974,2026
12744,North West,-2.65609580790541,54.2845186136306,0.000752964115870876,2026
12745,North West,-2.57929933843388,54.2849121101393,0.0005347717136584682,2026
12746,North West,-2.50250114046709,54.2852567077467,0.00032753692341220197,2026
12747,North West,-2.4257014430011,54.2855524041816,0.0004872513746475785,2026
12748,North West,-2.34890047506002,54.2857991974947,0.00033780807834407205,2026
12749,North East,-2.27209846569178,54.2859970860594,0.0005434553352256552,2026
12750,North East,-2.19529564396382,54.2861460685712,0.0005434553352256552,2026
12751,North East,-2.11849223895879,54.2862461440481,0.0007952631188609817,2026
12752,North East,-2.04168847977026,54.2862973118304,0.0011617618392505617,2026
12753,North East,-1.96488459549846,54.286299571581,0.0025606131985877853,2026
12754,North East,-1.88808081524593,54.2862529232851,0.0030613986126668815,2026
12755,North East,-1.81127736811329,54.2861573672501,0.00982176191649601,2026
12756,North East,-1.7344744831949,54.2860129041062,0.009124534382024438,2026
12757,North East,-1.6576723895746,54.2858195348059,0.019364980568751217,2026
12758,North East,-1.5808713163214,54.2855772606238,0.2806748739529488,2026
12759,North East,-1.50407149248521,54.2852860831573,0.4633655932546648,2026
12760,North East,-1.42727314709251,54.2849460043257,0.24269554623472336,2026
12761,North East,-1.35047650914212,54.2845570263707,0.11169997927728748,2026
12762,North East,-1.27368180760086,54.2841191518565,0.008099837052187484,2026
12763,North East,-1.19688927139929,54.283632383669,0.002040529571965192,2026
12764,North East,-1.12009912942743,54.2830967250165,0.0017121272921434157,2026
12765,North East,-1.04331161053047,54.2825121794292,0.005707314846806554,2026
12766,North East,-0.966526943504481,54.2818787507593,0.01567554253907044,2026
12767,North East,-0.889745357092153,54.2811964431808,0.01291672939696647,2026
12768,North East,-0.812967079978515,54.2804652611895,0.008170946574297606,2026
12769,North East,-0.736192340786661,54.2796852096028,0.007081463124661391,2026
12770,North East,-0.659421368073481,54.2788562935597,0.008110869225959867,2026
12771,North East,-0.582654390325395,54.2779785185206,0.0039999556213801074,2026
12772,North East,-0.505891635954092,54.2770518902673,0.048039796699914775,2026
12773,North East,-0.429133333292268,54.2760764149025,0.6133399196083845,2026
12811,Northern Ireland,-7.63935963166406,54.1991424670639,0.0005395781934583238,2026
12812,Northern Ireland,-7.56308044688546,54.2027000117523,0.0011383755329267037,2026
12813,Northern Ireland,-7.48678485123853,54.2062094107058,0.0017737529251703574,2026
12814,Northern Ireland,-7.41047306369526,54.2096706410712,0.0025599345759992477,2026
12815,Northern Ireland,-7.33414530352442,54.2130836803002,0.002164044025574699,2026
12816,Northern Ireland,-7.25780179028775,54.2164485061498,0.001056253103508695,2026
12817,,-7.18144274383615,54.2197650966833,0.001206037255028487,2026
12822,Northern Ireland,-6.79942222788902,54.2356237732983,0.0022414679573355433,2026
12823,Northern Ireland,-6.72297461472181,54.2386505084569,0.004524181266670865,2026
12824,Northern Ireland,-6.64651301506694,54.2416288633493,0.0034878878683712237,2026
12825,Northern Ireland,-6.57003765094881,54.2445588185037,0.0013262293064000474,2026
12826,Northern Ireland,-6.49354874464587,54.2474403547583,0.0025939692319831772,2026
12827,Northern Ireland,-6.41704651868666,54.2502734532621,0.0019945291172657562,2026
12828,Northern Ireland,-6.34053119584585,54.253058095475,0.0018524887513348433,2026
12829,Northern Ireland,-6.26400299914024,54.2557942631683,0.002051120414684422,2026
12830,Northern Ireland,-6.18746215182475,54.2584819384252,0.0017329875190703983,2026
12831,Northern Ireland,-6.11090887738847,54.2611211036413,0.0027989680051384762,2026
12832,Northern Ireland,-6.03434339955061,54.2637117415245,0.002983037626955671,2026
12833,Northern Ireland,-5.95776594225645,54.2662538350961,0.005493411188832724,2026
12834,Northern Ireland,-5.88117672967334,54.2687473676905,0.00961447427429164,2026
12835,Northern Ireland,-5.80457598618666,54.2711923229563,0.006325352883707879,2026
12836,Northern Ireland,-5.7279639363957,54.2735886848559,0.0069651441629002084,2026
12837,Northern Ireland,-5.65134080510969,54.2759364376663,0.009129834900836938,2026
12867,North West,-3.3486164670844,54.3237007699061,0.0017671197311202418,2026
12868,North West,-3.27176226844971,54.324535572997,0.0004655221699140433,2026
12869,North West,-3.19490426824342,54.3253214317388,0.0010449055722384568,2026
12870,North West,-3.11804269586497,54.3260583409451,0.0013613883121486865,2026
12871,North West,-3.04117778078085,54.3267462957526,0.0009997050321320876,2026
12872,North West,-2.96430975252025,54.3273852916204,0.0012844149224586004,2026
12873,North West,-2.88743884067077,54.3279753243304,0.0009725362081066625,2026
12874,North West,-2.81056527487416,54.3285163899877,0.0010166540783283593,2026
12875,North West,-2.73368928482196,54.3290084850202,0.0013462577414455781,2026
12876,North West,-2.65681110025123,54.3294516061791,0.0007646768350930995,2026
12877,North West,-2.5799309509402,54.3298457505387,0.0007747443830776924,2026
12878,North West,-2.50304906670404,54.3301909154965,0.0006115738952786101,2026
12879,North West,-2.42616567739045,54.3304870987735,0.0003095639573554648,2026
12880,North West,-2.34928101287542,54.3307342984139,0.00038340378870126867,2026
12881,North East,-2.27239530305887,54.3309325127853,0.0004843754665245964,2026
12882,North East,-2.19550877786037,54.3310817405789,0.0003876322608516006,2026
12883,North East,-2.11862166721479,54.3311819808092,0.0006124362830116859,2026
12884,North East,-2.04173420106798,54.3312332328144,0.0008361039389021946,2026
12885,North East,-1.96484660937251,54.331235496256,0.0015156877418931638,2026
12886,North East,-1.88795912208327,54.3311887711193,0.002822815855226633,2026
12887,North East,-1.81107196915321,54.3310930577129,0.0020906195467759758,2026
12888,North East,-1.73418538052898,54.330948356669,0.009223396430941009,2026
12889,North East,-1.65729958614665,54.3307546689432,0.04481309284027083,2026
12890,North East,-1.58041481592738,54.3305119958148,0.35077507272455993,2026
12891,North East,-1.50353129977306,54.3302203388864,0.40825343896100674,2026
12892,North East,-1.42664926756208,54.3298797000841,0.0994316141611577,2026
12893,North East,-1.34976894914492,54.3294900816572,0.012920997023702717,2026
12894,North East,-1.27289057433991,54.3290514861785,0.0026508008514434223,2026
12895,North East,-1.19601437292887,54.3285639165441,0.0018403508700784153,2026
12896,North East,-1.11914057465283,54.3280273759731,0.0015324171829870432,2026
12897,North East,-1.04226940920769,54.3274418680078,0.004986916560075262,2026
12898,North East,-0.965401106239963,54.3268073965137,0.003534663440923108,2026
12899,North East,-0.888535895342408,54.326123965679,0.0008631357629471136,2026
12900,North East,-0.811674006049773,54.3253915800149,0.0021668748314368903,2026
12901,North East,-0.734815667834484,54.3246102443554,0.004472282440181051,2026
12902,North East,-0.657961110102342,54.3237799638571,0.0012598244479215886,2026
12903,North East,-0.581110562188239,54.322900743999,0.0062952420186321864,2026
12904,North East,-0.504264253351863,54.3219725905826,0.02640113056144225,2026
12905,North East,-0.427422412773413,54.3209955097318,0.4077618645048003,2026
12941,Northern Ireland,-7.7981480407925,54.2365898200127,0.00019329027564792925,2026
12942,Northern Ireland,-7.72182077288552,54.2402495657755,0.0005537727246262583,2026
12943,Northern Ireland,-7.64547659505592,54.2438611347459,0.0008626404626243951,2026
12944,Northern Ireland,-7.56911572645495,54.2474245033827,0.0013362738686273678,2026
12945,Northern Ireland,-7.49273838654011,54.2509396484499,0.0010817051586214615,2026
12946,Northern Ireland,-7.41634479507141,54.2544065470167,0.0006899775242942194,2026
12947,Northern Ireland,-7.33993517210747,54.2578251764585,0.0005351799232155644,2026
12948,Northern Ireland,-7.26350973800171,54.261195514457,0.0011286058135112726,2026
12949,Northern Ireland,-7.18706871339849,54.2645175390012,0.001493040607029323,2026
12953,,-6.88115313286363,54.2773220731828,0.0006359194547282093,2026
12954,Northern Ireland,-6.80463747534941,54.2804022110662,0.0007945262082009078,2026
12955,Northern Ireland,-6.72810755709577,54.2834339099023,0.0011313115752891942,2026
12956,Northern Ireland,-6.65156360067451,54.2864171498422,0.0008257002181835703,2026
12957,Northern Ireland,-6.57500582891699,54.2893519113478,0.002469011623895677,2026
12958,Northern Ireland,-6.49843446491024,54.2922381751924,0.001973790807826603,2026
12959,Northern Ireland,-6.4218497319929,54.2950759224608,0.0019499226587102291,2026
12960,Northern Ireland,-6.34525185375131,54.2978651345498,0.0018386184737213373,2026
12961,Northern Ireland,-6.26864105401542,54.3006057931688,0.0020537471344848693,2026
12962,Northern Ireland,-6.19201755685482,54.3032978803401,0.003221335946927727,2026
12963,Northern Ireland,-6.1153815865747,54.305941378399,0.0032260566572254097,2026
12964,Northern Ireland,-6.03873336771181,54.308536269995,0.003248987916817544,2026
12965,Northern Ireland,-5.96207312503041,54.3110825380912,0.0011671436199150312,2026
12966,Northern Ireland,-5.88540108351819,54.3135801659656,0.0030724805547451884,2026
12967,Northern Ireland,-5.80871746838223,54.3160291372106,0.004903965560774061,2026
12968,Northern Ireland,-5.73202250504489,54.3184294357342,0.010043071168678076,2026
12969,Northern Ireland,-5.65531641913973,54.3207810457598,0.010318138205861232,2026
12970,Northern Ireland,-5.57859943650741,54.3230839518269,0.007855751126901936,2026
12998,North West,-3.4270224448958,54.3677387499701,0.0018417572521255508,2026
12999,North West,-3.35008847915103,54.3686239472444,0.002019572337271938,2026
13000,North West,-3.2731504674999,54.3694601251417,0.0004703236002376918,2026
13001,North West,-3.19620864012329,54.3702472781345,0.0004525492751277842,2026
13002,North West,-3.11926322727381,54.3709854010188,0.0006031205924172144,2026
13003,North West,-3.04231445927153,54.3716744889144,0.0011177564866421065,2026
13004,North West,-2.96536256649963,54.3723145372649,0.0010917474558750889,2026
13005,North West,-2.88840777940007,54.3729055418377,0.0009725362081066625,2026
13006,North West,-2.81145032846927,54.3734474987246,0.0008478857069635137,2026
13007,North West,-2.73449044425378,54.3739404043413,0.0007492292797265861,2026
13008,North West,-2.65752835734595,54.3743842554277,0.0008145219025817784,2026
13009,North West,-2.58056429837959,54.3747790490481,0.0004548970253715252,2026
13010,North West,-2.50359849802563,54.3751247825911,0.0002968769783621622,2026
13011,North West,-2.42663118698776,54.3754214537699,0.0002758166874696052,2026
13012,North West,-2.34966259599815,54.3756690606219,0.0003095639573554648,2026
13013,North East,-2.27269295581303,54.3758676015092,0.0002973653667974324,2026
13014,North East,-2.1957224972084,54.3760170751184,0.00032944147005888904,2026
13015,North East,-2.11875145097569,54.3761174804608,0.0005530784267809326,2026
13016,North East,-2.04178004791736,54.3761688168722,0.0009104487436455743,2026
13017,North East,-1.96480851884261,54.376171084013,0.001133796379109173,2026
13018,North East,-1.88783709456301,54.3761242818683,0.002283854785193523,2026
13019,North East,-1.81086600588816,54.3760284107479,0.002284736348729763,2026
13020,North East,-1.73389548362132,54.3758834712861,0.006456364365709346,2026
13021,North East,-1.65692575855512,54.3756894644419,0.027324590955372482,2026
13022,North East,-1.57995706146714,54.3754463914989,0.11309160774788277,2026
13023,North East,-1.50298962311564,54.3751542540652,0.09822960830917672,2026
13024,North East,-1.42602367423517,54.3748130540734,0.05706657135908837,2026
13025,North East,-1.34905944553222,54.3744227937807,0.03803631686197949,2026
13026,North East,-1.27209716768093,54.3739834757687,0.018500702158393237,2026
13027,North East,-1.19513707131869,54.3734951029433,0.0008204020488374385,2026
13028,North East,-1.11817938704184,54.3729576785348,0.0014977884470191822,2026
13029,North East,-1.04122434540134,54.3723712060977,0.0007402795960030552,2026
13030,North East,-0.964272176898394,54.3717356895105,0.000781048887785146,2026
13031,North East,-0.887323111980161,54.371051132976,0.0007659393346970951,2026
13032,North East,-0.810377381035406,54.3703175410208,0.0008527132519651884,2026
13033,North East,-0.733435214390176,54.3695349184955,0.0008773526743097494,2026
13034,North East,-0.656496842303481,54.3687032705743,0.000895002458407228,2026
13035,North East,-0.579562494962973,54.3678226027551,0.006320919408294493,2026
13036,North East,-0.502632402480624,54.3668929208592,0.013911254290102353,2026
13073,Northern Ireland,-7.80444531616739,54.2812957748582,0.0010100404381430427,2026
13074,Northern Ireland,-7.72803626884391,54.284961512842,0.000898506671781502,2026
13075,Northern Ireland,-7.65161024927176,54.2885789961945,0.0008662056794999753,2026
13076,Northern Ireland,-7.57516747739026,54.292148201295,0.0010878088434440073,2026
13077,Northern Ireland,-7.4987081734469,54.2956691048284,0.0008616934418860257,2026
13078,Northern Ireland,-7.42223255799351,54.2991416837866,0.001384029456110406,2026
13079,Northern Ireland,-7.34574085188243,54.302565915468,0.000549522692757989,2026
13080,Northern Ireland,-7.26923327626259,54.305941777479,0.0006951473915080217,2026
13081,,-7.1927100525757,54.3092692477335,0.0007399302279697344,2026
13086,Northern Ireland,-6.80986698359482,54.3251799712773,0.0008347940648243353,2026
13087,Northern Ireland,-6.73325453768235,54.3282166445005,0.0012219449523003067,2026
13088,Northern Ireland,-6.65662800166267,54.3312047800313,0.001710128871281264,2026
13089,Northern Ireland,-6.5799875991781,54.3341443582653,0.002548360645291379,2026
13090,Northern Ireland,-6.50333355412821,54.3370353599102,0.0013658221709526843,2026
13091,Northern Ireland,-6.42666609066578,54.3398777659865,0.002333177597141119,2026
13092,Northern Ireland,-6.34998543319278,54.3426715578277,0.001659831683876525,2026
13093,Northern Ireland,-6.27329180635637,54.3454167170807,0.0024037558659243544,2026
13094,Northern Ireland,-6.1965854350448,54.3481132257066,0.0016024497282749006,2026
13095,Northern Ireland,-6.11986654438344,54.3507610659808,0.003121063661274574,2026
13096,Northern Ireland,-6.04313535973061,54.3533602204932,0.003872311280808657,2026
13097,Northern Ireland,-5.9663921066736,54.355910672149,0.0011199633749575052,2026
13098,Northern Ireland,-5.88963701102453,54.3584124041691,0.0030724805547451884,2026
13099,Northern Ireland,-5.81287029881627,54.3608654000901,0.0018651135895020369,2026
13100,Northern Ireland,-5.7360921962983,54.3632696437648,0.012202935764791385,2026
13102,Northern Ireland,-5.58250272638979,54.3679318113711,0.009771412527206674,2026
13103,Northern Ireland,-5.50569181254432,54.3701897045932,0.008536122161509455,2026
13130,North West,-3.42858253099915,54.4126601050145,0.0034473608583236916,2026
13131,North West,-3.35156453713904,54.413546760802,0.0016327053695345298,2026
13132,North West,-3.2745424822899,54.4143843165009,0.0004525492751277842,2026
13133,North West,-3.19751659748964,54.4151727665648,0.0004525492751277842,2026
13134,North West,-3.12048711384836,54.4159121057717,0.0006031205924172144,2026
13135,North West,-3.04345426254405,54.4166023292246,0.0010042364238573409,2026
13136,North West,-2.96641827481817,54.4172434323515,0.0008772138581354263,2026
13137,North West,-2.88937938197139,54.4178354109053,0.0003232040225338462,2026
13138,North West,-2.81233781535913,54.4183782609644,0.000337015703273776,2026
13139,North West,-2.73529380638731,54.418871978932,0.00034365593195353653,2026
13140,North West,-2.65824758650788,54.419316561537,0.000422535810101774,2026
13141,North West,-2.58119938721455,54.4197120058336,0.0005133261255167704,2026
13142,North West,-2.50414944003836,54.4200583092015,0.00048243390342696485,2026
13143,North West,-2.42709797654336,54.4203554693457,0.0005172609157150203,2026
13144,North West,-2.3500452283222,54.4206034842972,0.00045386511319024685,2026
13145,North East,-2.2729914269918,54.4208023524123,0.00040204849261316517,2026
13146,North East,-2.19593680418894,54.4209520723732,0.0003967870599649639,2026
13147,North East,-2.11888159156591,54.4210526431877,0.00033329510501934316,2026
13148,North East,-2.04182602078615,54.4211040641893,0.0008013941865393077,2026
13149,North East,-1.96477032351984,54.4211063350374,0.000972351785118327,2026
13150,North East,-1.88771473143958,54.4210594557169,0.0014683345610881084,2026
13151,North East,-1.81065947621595,54.4209634265386,0.001903644635454348,2026
13152,North East,-1.73360478951318,54.4208182481392,0.01031872110266169,2026
13153,North East,-1.65655090298479,54.4206239214808,0.010542997034686323,2026
13154,North East,-1.57949804826916,54.4203804478515,0.009696448436276685,2026
13155,North East,-1.50244645698522,54.4200878288649,0.04464186570368707,2026
13156,North East,-1.42539636072803,54.4197460664604,0.028048552015525863,2026
13157,North East,-1.34834799106447,54.4193551629027,0.02419642312331091,2026
13158,North East,-1.27130157952878,54.4189151207824,0.022604930918900416,2026
13159,North East,-1.19425735761829,54.4184259430154,0.005588770464679108,2026
13160,North East,-1.11721555678899,54.417887632843,0.001612449221229683,2026
13161,North East,-1.0401764084512,54.4173001938319,0.0006085177167392525,2026
13162,North East,-0.963140143965173,54.4166636298742,0.0007440410442128658,2026
13163,North East,-0.886106994636791,54.4159779451868,0.0008807663081716523,2026
13164,North East,-0.809077191713158,54.415243144312,0.0012665382571204712,2026
13165,North East,-0.732050966378273,54.4144592321171,0.002592805707572309,2026
13166,North East,-0.655028549748671,54.4136262137939,0.001659657350044001,2026
13167,North East,-0.578010172869078,54.4127440948593,0.015585114637650532,2026
13203,Northern Ireland,-7.96368989019679,54.3185125084993,0.0007694335909493332,2026
13204,Northern Ireland,-7.88723357453632,54.3222808445285,0.000408104714860666,2026
13205,Northern Ireland,-7.81075978347239,54.3260008962458,0.0003711624942385437,2026
13206,Northern Ireland,-7.73426873710448,54.3296726393381,0.0005032208435142599,2026
13207,Northern Ireland,-7.65776065584986,54.3332960497981,0.001210222922779349,2026
13208,Northern Ireland,-7.58123576043971,54.3368711039247,0.000803373916472097,2026
13209,Northern Ireland,-7.50469427191536,54.3403977783241,0.0010112448723028741,2026
13210,Northern Ireland,-7.42813641162433,54.34387604991,0.0006316054169839615,2026
13211,Northern Ireland,-7.35156240121651,54.3473058959037,0.0007083802202150688,2026
13212,Northern Ireland,-7.27497246264027,54.3506872938355,0.0009675349062407645,2026
13213,Northern Ireland,-7.19836681813854,54.3540202215444,0.00021660841797333902,2026
13214,Northern Ireland,-7.12174569024488,54.3573046571791,0.0005249170007727694,2026
13217,Northern Ireland,-6.89179163582508,54.3668667977776,0.0008042219569254765,2026
13218,Northern Ireland,-6.81511080537446,54.3699570528095,0.0007924495609739442,2026
13219,Northern Ireland,-6.73841560842139,54.3729987111703,0.000989887593894151,2026
13220,Northern Ireland,-6.6617062691603,54.3759917528758,0.003557275381485789,2026
13221,Northern Ireland,-6.58498301204847,54.3789361582549,0.0017054313424778576,2026
13222,Northern Ireland,-6.50824606180201,54.3818319079495,0.0013088932754897733,2026
13223,Northern Ireland,-6.43149564339184,54.3846789829154,0.0015077166655261185,2026
13224,Northern Ireland,-6.35473198203964,54.3874773644224,0.001935719193669781,2026
13225,Northern Ireland,-6.27795530321377,54.3902270340549,0.0016130908191007232,2026
13226,Northern Ireland,-6.20116583262524,54.3929279737124,0.002719150136263178,2026
13227,Northern Ireland,-6.12436379622361,54.3955801656098,0.002344258110638063,2026
13228,Northern Ireland,-6.04754942019291,54.3981835922776,0.001246844208864631,2026
13229,Northern Ireland,-5.97072293094751,54.4007382365626,0.0012359303598099374,2026
13230,Northern Ireland,-5.89388455512805,54.4032440816284,0.002273262041558629,2026
13231,Northern Ireland,-5.8170345195973,54.4057011109552,0.0013938262041831046,2026
13232,Northern Ireland,-5.74017305143602,54.408109308341,0.004393625600002209,2026
13233,Northern Ireland,-5.66330037793883,54.410468657901,0.010060676668194594,2026
13235,Northern Ireland,-5.50952232515947,54.4150407515966,0.007043687515848094,2026
13261,North West,-3.50724485403571,54.4566438006097,0.0031859656096344525,2026
13262,North West,-3.43014690906869,54.4575810931776,0.0013664183827288628,2026
13263,North West,-3.35304465613119,54.4584692106609,0.00042920660663454903,2026
13264,North West,-3.27593832704543,54.4593081471682,0.00042694000603938546,2026
13265,North West,-3.19882815371069,54.4600978971339,0.0004017992889020902,2026
13266,North West,-3.12171436809893,54.4608384553181,0.0004525492751277842,2026
13267,North West,-3.04459720225038,54.461529816807,0.000604647910680098,2026
13268,North West,-2.96747688826918,54.4621719770129,0.0002869549661417125,2026
13269,North West,-2.89035365831901,54.4627649316741,0.0002869549661417125,2026
13270,North West,-2.8132277446187,54.4633086768554,0.00026752918482830584,2026
13271,North West,-2.73609937943785,54.4638032089477,0.00031225662323572715,2026
13272,North West,-2.65896879509241,54.4642485246687,0.0004785831968704052,2026
13273,North West,-2.58183622394034,54.4646446210623,0.0008446627871041643,2026
13274,North West,-2.50470189837719,54.4649914954992,0.0005133261255167704,2026
13275,North West,-2.42756605083168,54.4652891456768,0.0005602653006912726,2026
13276,North West,-2.35042891376136,54.465537569619,0.0008875233768072971,2026
13277,North West,-2.27329071964816,54.4657367656766,0.0005050818909293946,2026
13278,North West,-2.19615170099405,54.4658867325272,0.0006316736575019724,2026
13279,North East,-2.11901209031656,54.4659874691752,0.0006986661680028857,2026
13280,North East,-2.04187212014446,54.4660389749518,0.0007763996457231109,2026
13281,North East,-1.96473202301331,54.4660412495152,0.0012833834234167538,2026
13282,North East,-1.88759203146107,54.4659942928504,0.0018140241579513918,2026
13283,North East,-1.81045237802371,54.4658981052692,0.004688841094871867,2026
13284,North East,-1.7333132952308,54.4657526874103,0.012189335966061096,2026
13285,North East,-1.6561750156011,54.4655580402394,0.02239265079813791,2026
13286,North East,-1.57903777163819,54.4653141650488,0.035392920576084674,2026
13287,North East,-1.50190179582602,54.4650210634578,0.0880354886550709,2026
13288,North East,-1.42476732062456,54.4646787374123,0.043781427340519784,2026
13289,North East,-1.34763457846539,54.4642871891851,0.035085507454125156,2026
13290,North East,-1.27050380174729,54.4638464213754,0.022217377767120877,2026
13291,North East,-1.19337522283184,54.4633564369093,0.02123543963986853,2026
13292,North East,-1.11624907403906,54.4628172390392,0.009587240031820881,2026
13293,North East,-1.03912558764299,54.4622288313441,0.0023183867266627642,2026
13294,North East,-0.962004995867307,54.4615912177294,0.0014675687053223583,2026
13295,North East,-0.884887530880956,54.4609044024266,0.0014410481826151445,2026
13296,North East,-0.807773424793738,54.4601683899937,0.0012561793449951822,2026
13297,North East,-0.730662909651952,54.4593831853144,0.006289226723472023,2026
13298,North East,-0.653556217434005,54.4585487935988,0.01911407152082383,2026
13299,North East,-0.576453580046045,54.4576652203825,0.02400826601195453,2026
13335,Northern Ireland,-7.97018585975566,54.3632045244569,0.0004010493961765197,2026
13336,Northern Ireland,-7.89364745291628,54.3669790346135,0.0002145218436148246,2026
13337,Northern Ireland,-7.81709150613583,54.3707051824583,0.0003672950727366207,2026
13338,Northern Ireland,-7.74051824030562,54.3743829435956,0.0010548894352751562,2026
13339,Northern Ireland,-7.66392787663668,54.3780122939365,0.0009461179258035226,2026
13340,Northern Ireland,-7.58732063665596,54.3815932096998,0.0007813276464957959,2026
13341,Northern Ireland,-7.51069674220245,54.3851256674121,0.0009811727599539823,2026
13342,Northern Ireland,-7.43405641542324,54.3886096439084,0.000541700046754272,2026
13343,Northern Ireland,-7.3573998787697,54.3920451163331,0.0005446443340051286,2026
13344,Northern Ireland,-7.28072735499349,54.3954320621396,0.0018514004897695494,2026
13345,Northern Ireland,-7.2040390671427,54.3987704590918,0.0007016456320774993,2026
13346,Northern Ireland,-7.12733523855786,54.402060285264,0.0006103312029333408,2026
13348,Northern Ireland,-6.97388185398668,54.4084941391211,0.0010262409063269277,2026
13349,Northern Ireland,-6.89713274610803,54.4116381245119,0.0012467940252078316,2026
13350,Northern Ireland,-6.82036899370271,54.4147334545351,0.0008239621681824765,2026
13351,Northern Ireland,-6.74359082151396,54.4177801088251,0.0007773960445061713,2026
13352,Northern Ireland,-6.66679845455353,54.4207780673296,0.001686298842005378,2026
13353,Northern Ireland,-6.58999211809766,54.4237273103103,0.0013665932785238233,2026
13354,Northern Ireland,-6.51317203768306,54.4266278183431,0.0013892088813784258,2026
13355,Northern Ireland,-6.43633843910283,54.4294795723188,0.001202107102292323,2026
13356,Northern Ireland,-6.35949154840238,54.4322825534433,0.0011285851368234995,2026
13357,Northern Ireland,-6.28263159187539,54.4350367432381,0.0015969667400660208,2026
13358,Northern Ireland,-6.20575879605967,54.4377421235408,0.001772638367462448,2026
13359,Northern Ireland,-6.12887338773308,54.4403986765054,0.0014221406299567518,2026
13360,Northern Ireland,-6.05197559390944,54.443006384603,0.0008561770997248181,2026
13361,Northern Ireland,-5.97506564183433,54.4455652306215,0.0013406187535695215,2026
13362,Northern Ireland,-5.89814375898105,54.448075197667,0.001447682834916551,2026
13363,Northern Ireland,-5.82121017304639,54.4505362691633,0.002331779858196128,2026
13364,Northern Ireland,-5.7442651119465,54.4529484288526,0.004392356690560592,2026
13365,Northern Ireland,-5.66730880381274,54.455311660796,0.012607930337515434,2026
13367,Northern Ireland,-5.51336336001996,54.4598912792859,0.018262010475198185,2026
13368,,-5.43637468166196,54.4621076355517,0.01556652220860436,2026
13392,North West,-3.58607587797873,54.5005747876348,0.0017653373964523252,2026
13393,North West,-3.50889801489048,54.5015628760269,0.002934374923339388,2026
13394,North West,-3.43171559512463,54.5025017145291,0.0007453723166258439,2026
13395,North West,-3.35452885128676,54.503391296903,0.00044210900080041273,2026
13396,North West,-3.27733801606439,54.5042316172371,0.0005548477131768135,2026
13397,North West,-3.20014332222253,54.5050226699463,0.0004017992889020902,2026
13398,North West,-3.12294500259934,54.505764449773,0.0004004690728022003,2026
13399,North West,-3.04574329010169,54.5064569517863,0.0004017992889020902,2026
13400,North West,-2.96853841770076,54.5071001713826,0.0002968769783621622,2026
13401,North West,-2.89133061842767,54.5076941042857,0.0002968769783621622,2026
13402,North West,-2.81412012536899,54.5082387465468,0.0003117437852500244,2026
13403,North West,-2.73690717166243,54.5087340945444,0.0005645415328658615,2026
13404,North West,-2.65969199049231,54.5091801449847,0.0007184285887418445,2026
13405,North West,-2.58247481508525,54.5095768949017,0.0005926966771082305,2026
13406,North West,-2.50525587870566,54.509924341657,0.0006861467248477105,2026
13407,North West,-2.42803541465139,54.5102224829398,0.0005262613019856474,2026
13408,North West,-2.35081365624924,54.5104713167674,0.0011683433278651652,2026
13409,North West,-2.2735908368506,54.5106708414849,0.0006155376785454783,2026
13410,North West,-2.19636718982696,54.5108210557653,0.00082168440036903,2026
13411,North East,-2.11914294856554,54.5109219586096,0.0008297344850608747,2026
13412,North East,-2.04191834646482,54.5109735493468,0.0009029641719815232,2026
13413,North East,-1.96469361693013,54.5109758276337,0.0055363689296904816,2026
13414,North East,-1.88746899336924,54.5109287934554,0.01590640683805438,2026
13415,North East,-1.81024470918787,54.5108324471247,0.010959612210325253,2026
13416,North East,-1.73302099778532,54.5106867892826,0.008677121770703533,2026
13417,North East,-1.65579809255004,54.510491820898,0.016899136895985177,2026
13418,North East,-1.57857622685514,54.5102475432678,0.14644934872608673,2026
13419,North East,-1.50135563405406,54.5099539580167,0.11401742646308653,2026
13420,North East,-1.42413654747604,54.5096110670975,0.07874728585718681,2026
13421,North East,-1.34691920042177,54.5092188727906,0.03156275818824053,2026
13422,North East,-1.26970382615893,54.5087773777044,0.023537518376827278,2026
13423,North East,-1.1924906579178,54.5082865847749,0.024844683938311705,2026
13424,North East,-1.11527992888678,54.5077464972658,0.01325816302562721,2026
13425,North East,-1.03807187220803,54.5071571187685,0.0022560497989508686,2026
13426,North East,-0.960866720973047,54.5065184532016,0.0033138551540910456,2026
13427,North East,-0.883664708218203,54.5058305048114,0.009899301874055721,2026
13428,North East,-0.806466066920389,54.5050932781714,0.011675538393500317,2026
13429,North East,-0.729271029992578,54.5043067781824,0.029233416431425456,2026
13430,,-0.652079830279427,54.5034710100722,0.04164795126205532,2026
13466,Northern Ireland,-8.05330248230232,54.4040665637693,0.0005219289694851058,2026
13467,Northern Ireland,-7.97669958987934,54.4078956770533,0.000385316645973864,2026
13468,Northern Ireland,-7.90007887129273,54.4116763746488,0.0003820905827163551,2026
13469,Northern Ireland,-7.82344054790385,54.4154086317698,0.0013047472574739395,2026
13470,Northern Ireland,-7.74678484139964,54.4190924239377,0.00110617831711423,2026
13471,Northern Ireland,-7.67011197378881,54.4227277269819,0.0018790257357678881,2026
13472,Northern Ireland,-7.59342216739791,54.4263145170403,0.0009817659289628794,2026
13473,Northern Ireland,-7.51671564486749,54.4298527705596,0.00052683087198086,2026
13474,Northern Ireland,-7.43999262914812,54.4333424642962,0.00048365076795183696,2026
13475,Northern Ireland,-7.36325334349653,54.4367835753164,0.00047960179735966,2026
13476,Northern Ireland,-7.28649801147165,54.4401760809972,0.0009104488609858803,2026
13477,Northern Ireland,-7.20972685693063,54.4435199590265,0.0005831848105730448,2026
13478,Northern Ireland,-7.13294010402492,54.4468151874041,0.000651202796715725,2026
13479,Northern Ireland,-7.05613797719628,54.4500617444414,0.0007533796127221266,2026
13480,Northern Ireland,-6.97932070117276,54.4532596087629,0.0014696026515201458,2026
13481,Northern Ireland,-6.90248850096474,54.4564087593057,0.0011529304276058643,2026
13482,Northern Ireland,-6.82564160186085,54.4595091753207,0.0010091871609954107,2026
13483,Northern Ireland,-6.74878022942401,54.4625608363727,0.0007417961548596998,2026
13484,Northern Ireland,-6.67190460948732,54.4655637223411,0.0006953800309225492,2026
13485,Northern Ireland,-6.59501496815006,54.4685178134199,0.0011500586403754376,2026
13486,Northern Ireland,-6.51811153177355,54.4714230901189,0.001911521005183151,2026
13487,Northern Ireland,-6.44119452697716,54.4742795332635,0.0031370137953019473,2026
13488,Northern Ireland,-6.36426418063414,54.4770871239952,0.001077689421979513,2026
13489,Northern Ireland,-6.28732071986754,54.4798458437725,0.0014423027288179271,2026
13490,Northern Ireland,-6.21036437204608,54.4825556743709,0.001272605656639923,2026
13491,Northern Ireland,-6.13339536478007,54.4852165978832,0.001032620286128752,2026
13492,Northern Ireland,-6.05641392591721,54.4878285967204,0.0008636387240316694,2026
13493,Northern Ireland,-5.97942028353845,54.4903916536118,0.0020646515538354634,2026
13494,Northern Ireland,-5.90241466595387,54.4929057516053,0.002257449502862669,2026
13495,Northern Ireland,-5.82539730169844,54.495370874068,0.0014727411113240512,2026
13496,Northern Ireland,-5.74836841952791,54.4977870046866,0.004108256547640268,2026
13497,Northern Ireland,-5.67132824841454,54.5001541274674,0.0033893765758819506,2026
13499,Northern Ireland,-5.51721495630593,54.5047412871432,0.008012958948319637,2026
13524,North West,-3.58781828588036,54.5454918624083,0.0016683963622639469,2026
13525,North West,-3.51055573243955,54.5464815813183,0.0018252653829858646,2026
13526,North West,-3.43328860526856,54.5474219691392,0.001992996802310017,2026
13527,North West,-3.35601713784211,54.5483130196109,0.0004700057695039624,2026
13528,North West,-3.27874156371738,54.5491547268017,0.0006208301711463786,2026
13529,North West,-3.20146211652952,54.5499470851073,0.0004143144239254867,2026
13530,North West,-3.12417902998731,54.5506900892517,0.0004143144239254867,2026
13531,North West,-3.04689253786864,54.5513837342873,0.0004143144239254867,2026
13532,North West,-2.96960287401618,54.5520280155945,0.00041965786659729375,2026
13533,North West,-2.89231027233284,54.5526229288824,0.00033437899540826073,2026
13534,North West,-2.8150149667774,54.5531684701884,0.0003117437852500244,2026
13535,North West,-2.73771719136005,54.5536646358787,0.0011223809826092638,2026
13536,North West,-2.66041718013794,54.5541114226481,0.0010456976864678395,2026
13537,North West,-2.58311516721073,54.5545088275204,0.0007057200541436719,2026
13538,North West,-2.50581138671616,54.5548568478478,0.0012103424060987407,2026
13539,North West,-2.42850607282558,54.555155481312,0.003538397630451671,2026
13540,North West,-2.35119945973951,54.5554047259232,0.0003120912745448363,2026
13541,North West,-2.27389178168318,54.5556045800208,0.0005642263292778078,2026
13542,North East,-2.19658327290209,54.5557550422733,0.0008446975192300301,2026
13543,North East,-2.11927416765752,54.5558561116781,0.0010185598067406626,2026
13544,North East,-2.04196470022213,54.555907787562,0.001820012583376532,2026
13545,North East,-1.96465510487544,54.5559100695807,0.0186908253364545,2026
13546,North East,-1.88734561589942,54.555862957719,0.021814160077077774,2026
13547,North East,-1.81003646757401,54.555766452291,0.01052054212605461,2026
13548,North East,-1.73272789417267,54.5556205539398,0.009199647883384135,2026
13549,North East,-1.65542012995794,54.5554252636378,0.015473253189623809,2026
13550,North East,-1.57811340917694,54.5551805826861,0.009890815078064778,2026
13551,North East,-1.50080796605696,54.5548865127153,0.02007950541699138,2026
13552,North East,-1.42350403480097,54.5545430556847,0.02088069295964002,2026
13553,North East,-1.34620184958319,54.5541502138827,0.031286463205936386,2026
13554,North East,-1.26890164454464,54.5537079899266,0.04589213782411621,2026
13555,North East,-1.19160365378867,54.5532163867627,0.03195552752993801,2026
13556,North East,-1.11430811137654,54.5526754076658,0.013001558005583684,2026
13557,North East,-1.03701525132292,54.5520850562397,0.012715409492356335,2026
13558,North East,-0.959725307591511,54.5514453364166,0.035260426563423236,2026
13559,North East,-0.882438514090569,54.5507562524574,0.052108973581738965,2026
13560,North East,-0.805155104668464,54.5500178089514,0.040134223127142564,2026
13597,Northern Ireland,-8.13658375134347,54.444866711048,0.0004421016157823488,2026
13598,Northern Ireland,-8.0599165057709,54.4487505721268,0.00048261402797192943,2026
13599,Northern Ireland,-7.98323114622303,54.4525859644534,0.0003707145027206508,2026
13600,Northern Ireland,-7.90652789452722,54.4563728628497,0.0003820905827163551,2026
13601,Northern Ireland,-7.8298069728423,54.4601112424456,0.0008986003904782866,2026
13602,Northern Ireland,-7.75306860365477,54.4638010786793,0.0010772180676949057,2026
13603,Northern Ireland,-7.67631300977485,54.4674423472979,0.003157872570916343,2026
13604,Northern Ireland,-7.59954041433261,54.471035024358,0.0009254625280687158,2026
13605,Northern Ireland,-7.52275104077406,54.4745790862262,0.0016878659010784206,2026
13606,Northern Ireland,-7.44594511285717,54.4780745095798,0.0011606673934029526,2026
13607,Northern Ireland,-7.36912285464797,54.4815212714068,0.0015065373530195306,2026
13608,Northern Ireland,-7.29228449051658,54.4849193490071,0.001497283702455944,2026
13609,Northern Ireland,-7.21543024513323,54.4882687199927,0.0008338559993095705,2026
13610,Northern Ireland,-7.13856034346426,54.491569362288,0.0006116491061143217,2026
13611,Northern Ireland,-7.06167501076813,54.4948212541307,0.0007782827998961282,2026
13612,Northern Ireland,-6.98477447259139,54.4980243740722,0.0006794190914857218,2026
13613,Northern Ireland,-6.90785895476469,54.5011787009776,0.0023925887214224667,2026
13614,Northern Ireland,-6.83092868339866,54.5042842140271,0.0012517359042438587,2026
13615,Northern Ireland,-6.75398388487996,54.5073408927155,0.002115004707879671,2026
13616,Northern Ireland,-6.67702478586709,54.5103487168534,0.0008697998545541129,2026
13617,Northern Ireland,-6.60005161328641,54.5133076665672,0.0013676268979460364,2026
13618,Northern Ireland,-6.523064594328,54.5162177222999,0.00634687217356848,2026
13619,Northern Ireland,-6.44606395644153,54.5190788648113,0.007598204820784809,2026
13620,Northern Ireland,-6.36904992733221,54.5218910751784,0.15445319709925462,2026
13621,Northern Ireland,-6.29202273495658,54.5246543347962,0.0009809880545712307,2026
13622,Northern Ireland,-6.21498260751843,54.5273686253776,0.002410556999637098,2026
13623,Northern Ireland,-6.13792977346461,54.5300339289543,0.002109461632734583,2026
13624,Northern Ireland,-6.06086446148089,54.5326502278769,0.0016452250181683004,2026
13625,Northern Ireland,-5.98378690048773,54.5352175048155,0.002892135052586756,2026
13626,Northern Ireland,-5.90669731963617,54.5377357427599,0.003091713967532904,2026
13627,Northern Ireland,-5.82959594830357,54.5402049250201,0.001629504476522805,2026
13628,Northern Ireland,-5.75248301608943,54.5426250352267,0.0010939062426120433,2026
13630,Northern Ireland,-5.59822338849979,54.5473179756067,0.007772023941911076,2026
13631,Northern Ireland,-5.52107715339591,54.5495907746476,0.008810752614481976,2026
13657,North West,-3.51221802373557,54.5913999165411,0.002645903881504667,2026
13658,North West,-3.434865955684,54.592341857078,0.0018512620965776324,2026
13659,North West,-3.3575095311111,54.5932343788673,0.0007454088328149375,2026
13660,North West,-3.28014898444811,54.5940774759565,0.000678164203326546,2026
13661,North West,-3.20278455020477,54.5948711427222,0.0009691302735191905,2026
13662,North West,-3.12541646296489,54.5956153738702,0.0011354205661077694,2026
13663,North West,-3.04804495738185,54.5963101644357,0.0004433579091495279,2026
13664,North West,-2.97067026817419,54.5969555097832,0.00044170012797130126,2026
13665,North West,-2.8932926301211,54.5975514056069,0.0007680502327677994,2026
13666,North West,-2.81591227805799,54.5980978479306,0.00048243390342696485,2026
13667,North West,-2.73852944687198,54.598594833108,0.0009425785608289196,2026
13668,North West,-2.66114437149748,54.5990423578224,0.002044386784124857,2026
13669,North West,-2.58375728691166,54.5994404190873,0.001720239375608743,2026
13670,North West,-2.50636842813003,54.5997890142459,0.0025529739422233237,2026
13671,North West,-2.4289780302019,54.6000881409716,0.0002836369745446241,2026
13672,North West,-2.35158632820594,54.600337797268,0.0002720122819589508,2026
13673,North East,-2.27419355724571,54.6005379814687,0.00032373570721999623,2026
13674,North East,-2.19679995244514,54.6006886922375,0.0007206301569636255,2026
13675,North East,-2.11940574894405,54.6007899285685,0.0008399002304633488,2026
13676,North East,-2.04201118189372,54.6008416897861,0.002492864286805842,2026
13677,North East,-1.96461648645233,54.6008439755447,0.0019693624554868003,2026
13678,North East,-1.88722189778051,54.6007967858292,0.0043474699885667125,2026
13679,North East,-1.80982765103688,54.6007001209547,0.014280679554602162,2026
13680,North East,-1.7324339813735,54.6005539815666,0.023239349479985856,2026
13681,North East,-1.65504112393147,54.6003583686405,0.013325330886994679,2026
13682,North East,-1.57764931383635,54.6001132834822,0.009612802357415375,2026
13683,North East,-1.50025878619376,54.5998187277278,0.012112871028505983,2026
13684,North East,-1.42286977608484,54.5994747033434,0.022162954624493622,2026
13685,North East,-1.34548251856182,54.5990812126254,0.05322513992223536,2026
13686,North East,-1.26809724864347,54.5986382582,0.11712633974990448,2026
13687,North East,-1.1907142013107,54.5981458430237,0.698221877013814,2026
13688,North East,-1.11333361150203,54.5976039703826,0.204556662115163,2026
13689,North East,-1.03595571410912,54.597012643893,0.2041964504292734,2026
13731,Northern Ireland,-7.98978059477139,54.4972753848125,0.0008734662342829388,2026
13732,Northern Ireland,-7.91299458780688,54.5010684974226,0.0014997725386390807,2026
13733,Northern Ireland,-7.83619084533882,54.5048130127424,0.0009462859202756172,2026
13734,Northern Ireland,-7.7593695906571,54.5085089061267,0.0014652614338403912,2026
13735,Northern Ireland,-7.68253104737739,54.5121561532398,0.0031261111035096895,2026
13736,Northern Ireland,-7.60567543943717,54.5157547300569,0.0008033402119504649,2026
13737,Northern Ireland,-7.52880299109185,54.5193046128638,0.00045756612420099185,2026
13738,Northern Ireland,-7.45191392691076,54.5228057782582,0.0021783591799554567,2026
13739,Northern Ireland,-7.37500847177319,54.5262582031499,0.003021865107669865,2026
13740,Northern Ireland,-7.29808685086443,54.5296618647611,0.005136344229509067,2026
13741,Northern Ireland,-7.22114928967176,54.5330167406273,0.0010204862927736488,2026
13742,Northern Ireland,-7.1441960139804,54.5363228085977,0.0007848513627551901,2026
13743,Northern Ireland,-7.06722724986956,54.5395800468355,0.0007848513627551901,2026
13744,Northern Ireland,-6.99024322370832,54.5427884338187,0.0008532925758942143,2026
13745,Northern Ireland,-6.91324416215161,54.5459479483404,0.0011830640790395364,2026
13746,Northern Ireland,-6.83623029213617,54.5490585695092,0.001568402359154981,2026
13747,Northern Ireland,-6.7592018408764,54.55212027675,0.0009612811581624722,2026
13748,Northern Ireland,-6.68215903586034,54.5551330498042,0.0009268672480494339,2026
13749,Northern Ireland,-6.60510210484551,54.5580968687302,0.0022266760208911867,2026
13750,Northern Ireland,-6.52803127585481,54.5610117139039,0.0028178627324696864,2026
13751,Northern Ireland,-6.45094677717241,54.5638775660192,0.5774784641450356,2026
13752,Northern Ireland,-6.37384883733955,54.5666944060883,0.5674046879168823,2026
13753,Northern Ireland,-6.29673768515044,54.5694622154424,0.0021716436975467443,2026
13754,Northern Ireland,-6.21961354964806,54.5721809757316,0.0036727788763718603,2026
13755,Northern Ireland,-6.14247666012,54.5748506689261,0.0019366954737191468,2026
13756,Northern Ireland,-6.06532724609424,54.5774712773157,0.0008246033516056426,2026
13757,Northern Ireland,-5.98816553733498,54.5800427835112,0.0023608017133840537,2026
13758,Northern Ireland,-5.9109917638384,54.5825651704439,0.004926849588608694,2026
13759,Northern Ireland,-5.83380615582844,54.5850384213664,0.004853359330435838,2026
13760,Northern Ireland,-5.7566089437526,54.5874625198533,0.002147824936008183,2026
13761,Northern Ireland,-5.67940035827761,54.5898374498008,0.0012883046199831953,2026
13762,Northern Ireland,-5.60218063028528,54.5921631954278,0.004468169793684612,2026
13763,Northern Ireland,-5.52494999086815,54.5944397412758,0.005505958686518053,2026
13789,North West,-3.51388490591809,54.6363178817527,0.0029442391646174373,2026
13790,North West,-3.43644766263692,54.6372613784161,0.00495814755541739,2026
13791,North West,-3.3590060464856,54.638155374755,0.0045711527464175755,2026
13792,North West,-3.28156029277388,54.6389998647962,0.0019008354920720283,2026
13793,North West,-3.20411063689053,54.6397948428969,0.00123541103161977,2026
13794,North West,-3.12665731429886,54.6405403037447,0.0004666444189828182,2026
13795,North West,-3.0492005605322,54.6412362423573,0.0004666444189828182,2026
13796,North West,-2.97174061118941,54.6418826540835,0.0006340181849067735,2026
13797,North West,-2.89427770193044,54.6424795346025,0.0008622176936805681,2026
13798,North West,-2.81681206847178,54.6430268799244,0.0012883127548409992,2026
13799,North West,-2.73934394658199,54.6435246863902,0.004269395077695565,2026
13800,North West,-2.66187357207719,54.6439729506718,0.0019407385688537601,2026
13801,North West,-2.58440118081654,54.6443716697722,0.004256216687845603,2026
13802,North West,-2.50692700869778,54.6447208410257,0.0005517839772827569,2026
13803,North West,-2.42945129165269,54.6450204620975,0.0002869549661417125,2026
13804,North West,-2.35197426564257,54.6452705309842,0.00028742703669735705,2026
13805,North East,-2.27449616665377,54.6454710460138,0.0003534053790181053,2026
13806,North East,-2.19701723069315,54.6456220058454,0.0009239309166943216,2026
13807,North East,-2.11953769378356,54.6457234094697,0.0011946035305255257,2026
13808,North East,-2.04205779195937,54.6457752562085,0.0010648018334041343,2026
13809,North East,-1.9645777612619,54.6457775457153,0.0012724855927109561,2026
13810,North East,-1.88709783773495,54.6457302779749,0.0014290633647678155,2026
13811,North East,-1.80961825742028,54.6456334533034,0.00146448521426539,2026
13812,North East,-1.73213925635305,54.6454870723485,0.011592737153856893,2026
13813,North East,-1.65466107055739,54.645291136089,0.00935019458805961,2026
13814,North East,-1.57718393604182,54.6450456458355,0.0058200159020114104,2026
13815,North East,-1.49970808879474,54.6447506032295,0.01455786933236361,2026
13816,North East,-1.42223376477996,54.6444060102441,0.007047128275090645,2026
13817,North East,-1.34476119993216,54.6440118691835,0.0349950219529634,2026
13818,North East,-1.2672906301524,54.6435681826831,0.040074966998924155,2026
13819,North East,-1.18982229130357,54.6430749537095,0.030690535430393066,2026
13863,Northern Ireland,-7.99634800184059,54.5419639362768,0.00037245280809497186,2026
13866,Northern Ireland,-7.76568786631258,54.5532159045777,0.0008313303712079505,2026
13867,Northern Ireland,-7.68876614969493,54.5568691431549,0.0017120147330828308,2026
13868,Northern Ireland,-7.6118273050007,54.5604736325326,0.0009910059482683563,2026
13869,Northern Ireland,-7.53487155729864,54.5640293489161,0.0009441844537918825,2026
13870,Northern Ireland,-7.45789913197339,54.567536268823,0.0008179026694387334,2026
13871,Northern Ireland,-7.38091025472151,54.570994369084,0.0006817489653683817,2026
13872,Northern Ireland,-7.30390515154746,54.5744036268437,0.0030355966717585353,2026
13873,Northern Ireland,-7.22688404875956,54.5777640195607,0.0011065830053475314,2026
13874,Northern Ireland,-7.14984717296598,54.5810755250085,0.0008168840658130572,2026
13875,Northern Ireland,-7.07279475107068,54.5843381212754,0.00111993061679764,2026
13876,Northern Ireland,-6.99572701026932,54.587551786766,0.0011627744168314035,2026
13877,Northern Ireland,-6.91864417804524,54.5907165002005,0.0014738442798501693,2026
13878,Northern Ireland,-6.84154648216528,54.5938322406161,0.001569189074434373,2026
13879,Northern Ireland,-6.76443415067575,54.5968989873672,0.0014619301048343326,2026
13880,Northern Ireland,-6.6873074118983,54.5999167201257,0.0012125753281109308,2026
13881,Northern Ireland,-6.61016649442573,54.6028854188817,0.001966956086893074,2026
13882,Northern Ireland,-6.53301162711793,54.6058050639437,0.002883799539703029,2026
13883,Northern Ireland,-6.45584303909765,54.6086756359394,0.0734055080403821,2026
13884,Northern Ireland,-6.37866095974637,54.6114971158159,0.6801424564746053,2026
13885,Northern Ireland,-6.30146561870012,54.6142694848401,0.0027862127290498922,2026
13886,Northern Ireland,-6.22425724584525,54.6169927245993,0.0025149035941073932,2026
13887,Northern Ireland,-6.14703607131427,54.6196668170016,0.0015261154820081888,2026
13888,Northern Ireland,-6.0698023254816,54.6222917442761,0.0006101843378015837,2026
13889,Northern Ireland,-5.99255623895936,54.6248674889735,0.002511740701313853,2026
13890,Northern Ireland,-5.91529804259311,54.6273940339668,0.005840769006806434,2026
13891,Northern Ireland,-5.83802796745763,54.6298713624508,0.0038293249581577114,2026
13892,Northern Ireland,-5.76074624485262,54.6322994579435,0.003537767320547793,2026
13893,Northern Ireland,-5.68345310629846,54.6346783042859,0.002222662570305447,2026
13894,Northern Ireland,-5.6061487835319,54.6370078856425,0.0021775535085818915,2026
13903,Scotland,-4.90994492720668,54.6557547412229,0.0015146751683311605,2026
13921,North West,-3.51555639621401,54.6812354770104,0.0011738740906438192,2026
13922,North West,-3.43803374247624,54.6821805332242,0.002247168501890266,2026
13923,North West,-3.36050669943599,54.6830760073573,0.006318659679811737,2026
13924,North West,-3.28297550328604,54.683921893416,0.0021712975217366474,2026
13925,North West,-3.20544039029866,54.6847181857378,0.0021158935022792245,2026
13926,North West,-3.12790159682114,54.6854648789918,0.0004666444189828182,2026
13927,North West,-3.05035935927122,54.6861619681788,0.0004666444189828182,2026
13928,North West,-2.97281391413265,54.6868094486312,0.0006340181849067735,2026
13929,North West,-2.89526549795057,54.6874073160133,0.0004985760342308315,2026
13930,North West,-2.81771434732707,54.6879555663215,0.002857170106291308,2026
13931,North West,-2.74016069891664,54.688454195884,0.0014615650136844743,2026
13932,North West,-2.66260478942162,54.6889032013612,0.0016363397337927268,2026
13933,North West,-2.58504685558768,54.6893025797459,0.001533079834912577,2026
13934,North West,-2.50748713419929,54.6896523283628,0.0002968769783621622,2026
13935,North West,-2.42992586207518,54.6899524448693,0.0002869549661417125,2026
13936,North West,-2.35236327606382,54.6902029272551,0.00026796930653348486,2026
13937,North East,-2.27479961303886,54.6904037738422,0.0002992340988730141,2026
13938,North East,-2.19723510989459,54.6905549832851,0.0004368168344824981,2026
13939,North East,-2.11967000354141,54.6906565545711,0.0007123907569396837,2026
13940,North East,-2.04210453090128,54.6907084870196,0.0011877338399087472,2026
13941,North East,-1.9645389289032,54.6907107802829,0.0013066621754714482,2026
13942,North East,-1.88697343447864,54.6906634343457,0.0017189815510748425,2026
13943,North East,-1.809408284557,54.6905664495253,0.015060212862209665,2026
13944,North East,-1.73184371606108,54.6904198264715,0.009733546062762942,2026
13945,North East,-1.65427996590254,54.6902235661667,0.008184427191098482,2026
13946,North East,-1.57671727097735,54.6899776699258,0.006045773414771172,2026
13947,North East,-1.49915586816124,54.6896821393962,0.01250021755470293,2026
13948,North East,-1.42159599430518,54.6893369765577,0.0067028594619416015,2026
13949,North East,-1.34403788623082,54.6889421837225,0.016199092492498054,2026
13950,North East,-1.26648178072599,54.6884977635352,0.06171137484776251,2026
13999,Northern Ireland,-7.69501838014389,54.6015813153816,0.0009521518616985051,2026
14000,Northern Ireland,-7.61799607362625,54.605191730173,0.0009675455407189464,2026
14001,Northern Ireland,-7.54095680118214,54.6087532928192,0.0010044196992192982,2026
14002,Northern Ireland,-7.46390078901553,54.6122659797577,0.0008512831700059585,2026
14003,Northern Ireland,-7.38682826364423,54.61572976774,0.0008949608228422586,2026
14004,Northern Ireland,-7.30973945189589,54.6191446338322,0.000906458413438069,2026
14005,Northern Ireland,-7.23263458090394,54.6225105554161,0.000741997093715732,2026
14006,Northern Ireland,-7.15551387810352,54.6258275101887,0.0008168840658130572,2026
14007,Northern Ireland,-7.07837757122742,54.6290954761636,0.0008143282843981589,2026
14008,Northern Ireland,-7.00122588830198,54.6323144316709,0.0011016207451709943,2026
14009,Northern Ireland,-6.92405905764297,54.6354843553583,0.0013389426920888156,2026
14010,Northern Ireland,-6.84687730785152,54.638605226191,0.0014146016682531546,2026
14011,Northern Ireland,-6.76968086780993,54.6416770234524,0.001396959129007826,2026
14012,Northern Ireland,-6.69246996667758,54.6446997267447,0.0011333060152625496,2026
14013,Northern Ireland,-6.61524483388674,54.6476733159893,0.0011765021163773583,2026
14014,Northern Ireland,-6.53800569913839,54.6505977714272,0.001731162835468918,2026
14015,Northern Ireland,-6.46075279239807,54.6534730736193,0.602763730676016,2026
14016,Northern Ireland,-6.38348634389167,54.6562992034473,0.6476447913040827,2026
14017,Northern Ireland,-6.30620658410122,54.6590761421138,0.006613788065961341,2026
14018,Northern Ireland,-6.22891374376066,54.6618038711427,0.0024708251133343313,2026
14019,Northern Ireland,-6.15160805385165,54.6644823723798,0.0015103607719000195,2026
14020,Northern Ireland,-6.07428974559926,54.6671116279932,0.0021320811416664816,2026
14021,Northern Ireland,-5.99695905046778,54.6696916204735,0.002206336584945854,2026
14022,Northern Ireland,-5.91961620015641,54.6722223326345,0.0023588294348844954,2026
14035,Scotland,-4.91315884883886,54.7006298522736,0.0019366079957020088,2026
14041,Scotland,-4.4481022934868,54.7109221211483,0.0018577018322316772,2026
14042,Scotland,-4.37056531996866,54.7124641185967,0.0009899412926386204,2026
14054,North West,-3.43962421163435,54.7270993215733,0.0016634019437149815,2026
14055,North West,-3.36201150551168,54.7279962767579,0.001984012438993688,2026
14056,North West,-3.28439463065047,54.7288435619113,0.0019143757046478226,2026
14057,North West,-3.20677382421105,54.7296411713514,0.0008932850017351912,2026
14058,North West,-3.12914932342917,54.7303890997288,0.000606157723258618,2026
14059,North West,-3.05152136561155,54.731087342027,0.0004921090070400248,2026
14060,North West,-2.97389018813127,54.7317358935623,0.0006456845805799263,2026
14061,North West,-2.89625602842326,54.7323347499838,0.0008965459878315087,2026
14062,North West,-2.81861912397971,54.7328839072741,0.0032625210186727335,2026
14063,North West,-2.74097971234556,54.7333833617487,0.0019605310259370396,2026
14064,North West,-2.66333803111391,54.7338331100564,0.0013763281108017799,2026
14065,North West,-2.58569431792145,54.7342331491794,0.0006555579419073927,2026
14066,North West,-2.50804881044395,54.7345834764334,0.00015519988236338157,2026
14067,North West,-2.43040174639163,54.7348840894676,0.00026752918482830584,2026
14068,North West,-2.35275336350465,54.7351349862645,0.00026796930653348486,2026
14069,North East,-2.27510389954848,54.7353361651405,0.00026796930653348486,2026
14070,North East,-2.19745359230942,54.7354876247455,0.0007134880721006148,2026
14071,North East,-2.11980267958993,54.7355893640631,0.0012242233247069074,2026
14072,North East,-2.04215139920414,54.7356413824104,0.0012646375191445658,2026
14073,North East,-1.96449998897324,54.7356436794385,0.0029777817738376256,2026
14074,North East,-1.88684868672091,54.7355962551321,0.004236349821459361,2026
14075,North East,-1.80919773026876,54.7354991098095,0.0037306687937759837,2026
14076,North East,-1.73154735743175,54.7353522441228,0.005246532443419516,2026
14077,North East,-1.65389780601362,54.7351556590578,0.00650830042854871,2026
14078,North East,-1.57624931380234,54.7349093559341,0.016426083927824117,2026
14079,North East,-1.49860211856549,54.7346133364046,0.009399748315045859,2026
14080,North East,-1.42095645804574,54.734267602456,0.007691484241705888,2026
14081,North East,-1.34331256995627,54.7338721564087,0.008916807825965422,2026
14082,North East,-1.2656706919762,54.7334270009162,0.03569028657085669,2026
14129,Northern Ireland,-7.85544779692142,54.6389132637926,0.0002835637364123579,2026
14130,Northern Ireland,-7.77837654081794,54.642627407638,0.0005478791593502998,2026
14131,Northern Ireland,-7.70128780246055,54.6462926682502,0.000996015361004047,2026
14132,Northern Ireland,-7.62418180823277,54.6499090213573,0.0010044196992192982,2026
14133,Northern Ireland,-7.54705878484201,54.6534764430011,0.0010454044270395916,2026
14134,Northern Ireland,-7.46991895931555,54.6569949095384,0.0010333288945004158,2026
14135,Northern Ireland,-7.39276255899653,54.6604643976411,0.0010333288945004158,2026
14136,Northern Ireland,-7.31558981153982,54.6638848842968,0.0009004068928295299,2026
14137,Northern Ireland,-7.23840094490801,54.6672563468095,0.0004142135860479139,2026
14138,Northern Ireland,-7.16119618736729,54.6705787628,0.0007853534512455909,2026
14139,Northern Ireland,-7.08397576748339,54.6738521102063,0.0008858162969065371,2026
14140,Northern Ireland,-7.00673991411739,54.6770763672844,0.0011109151865233674,2026
14141,Northern Ireland,-6.92948885642168,54.6802515126083,0.0010200663760258175,2026
14142,Northern Ireland,-6.85222282383574,54.6833775250711,0.0013389426920888156,2026
14143,Northern Ireland,-6.77494204608205,54.6864543838851,0.001591620417888418,2026
14144,Northern Ireland,-6.69764675316186,54.6894820685824,0.0013684383838962705,2026
14145,Northern Ireland,-6.62033717535106,54.6924605590153,0.001472766060737532,2026
14146,Northern Ireland,-6.54301354319593,54.6953898353568,0.001376473108092861,2026
14147,Northern Ireland,-6.465676087509,54.6982698781011,0.0016351788615079934,2026
14148,Northern Ireland,-6.38832503936477,54.701100668064,0.0013039259512100114,2026
14149,Northern Ireland,-6.31096063009548,54.7038821863833,0.0019556600506623984,2026
14150,Northern Ireland,-6.23358309128691,54.7066144145194,0.002062961818571162,2026
14151,Northern Ireland,-6.15619265477408,54.7092973342556,0.001772696163141181,2026
14152,Northern Ireland,-6.078789552637,54.7119309276984,0.0008637408396654024,2026
14153,Northern Ireland,-6.00137401719637,54.7145151772782,0.0008656429949064595,2026
14154,Northern Ireland,-5.92394628100932,54.7170500657494,0.0032172421746192153,2026
14155,Northern Ireland,-5.84650657686506,54.7195355761913,0.0024108730517094002,2026
14156,,-5.76905513778061,54.7219716920077,0.0020700321650877797,2026
14172,Scotland,-4.52842711789301,54.7542195988699,0.0013294150715767014,2026
14173,Scotland,-4.45081203604003,54.7558137834929,0.0013303675226812603,2026
14174,Scotland,-4.37318944752504,54.7573583307315,0.001527145793404055,2026
14187,North West,-3.36352048034155,54.7729161830405,0.0011775339170337481,2026
14188,North West,-3.28581768960805,54.7737648703778,0.00819559666459305,2026
14189,North West,-3.20811095248006,54.7745637998447,0.009718768922295392,2026
14190,North West,-3.13040050708639,54.7753129660733,0.0020150720563378434,2026
14191,North West,-3.05268659162723,54.7760123640296,0.001100584377337859,2026
14192,North West,-2.97496944436959,54.7766619890135,0.00919337568170157,2026
14193,North West,-2.89724930364269,54.7772618366592,0.006227755792326159,2026
14194,North West,-2.81952640783341,54.7778119029352,0.0015933046215268994,2026
14195,North West,-2.7418009953817,54.7783121841442,0.002803645287707739,2026
14196,North West,-2.66407330477596,54.7787626769235,0.0010849504259437901,2026
14197,North West,-2.5863435745485,54.7791633782449,0.00028860807348742094,2026
14198,North West,-2.50861204327091,54.7795142854145,0.00027723503561036066,2026
14199,North West,-2.43087894954948,54.7798153960734,0.0002992568122204849,2026
14200,North West,-2.35314453202062,54.7800667081972,0.00030264431242292957,2026
14201,North East,-2.27540902934624,54.7802682200965,0.00028506167394841745,2026
14202,North East,-2.19767268020915,54.7804199304163,0.0005487733236291945,2026
14203,North East,-2.11993572330849,54.7805218381368,0.00043521961171108644,2026
14204,North East,-2.0421983973551,54.7805739425728,0.0004840693151879905,2026
14205,North East,-1.96446094106695,54.7805762433741,0.001272298338980948,2026
14206,North East,-1.8867235931645,54.7805287405253,0.0008838339260607749,2026
14207,North East,-1.80898659236613,54.7804314343458,0.0018028768205129314,2026
14208,North East,-1.73125017738354,54.7802843254902,0.0018035956202076269,2026
14209,North East,-1.65351458691712,54.7800874149475,0.009669076001922627,2026
14210,North East,-1.5757800596514,54.7798407040418,0.012458257960294452,2026
14211,North East,-1.49804683425039,54.7795441944319,0.01400280878202793,2026
14212,North East,-1.42031514935304,54.7791978881115,0.02096187260591082,2026
14213,North East,-1.3425852435686,54.7788017874088,0.03319431091367432,2026
14261,Northern Ireland,-7.86190211003182,54.6836116549623,0.000274809543704401,2026
14262,Northern Ireland,-7.78474706909697,54.6873319087993,0.0005478791593502998,2026
14263,Northern Ireland,-7.70757448070311,54.6910032000825,0.0010454044270395916,2026
14264,Northern Ireland,-7.63038457205711,54.6946255044567,0.0009910059482683563,2026
14265,Northern Ireland,-7.55317757069175,54.6981987978817,0.0009910059482683563,2026
14266,Northern Ireland,-7.47595370446168,54.7017230566332,0.0010706643510768395,2026
14267,Northern Ireland,-7.39871320153937,54.7051982573031,0.0009928171133502296,2026
14268,Northern Ireland,-7.32145629041103,54.7086243768,0.0010396160941392796,2026
14269,Northern Ireland,-7.2441831998725,54.7120013923501,0.0007671857536683782,2026
14270,Northern Ireland,-7.16689415902511,54.7153292814972,0.0007919816417957574,2026
14271,Northern Ireland,-7.08958939727162,54.7186080221037,0.0008493093449784452,2026
14272,Northern Ireland,-7.01226914431203,54.7218375923505,0.0011913014152181154,2026
14273,Northern Ireland,-6.93493363013943,54.7250179707384,0.0010397040662019602,2026
14274,Northern Ireland,-6.85758308503587,54.7281491360876,0.0006957232831470231,2026
14275,Northern Ireland,-6.78021773956813,54.7312310675391,0.0005899037365093053,2026
14276,Northern Ireland,-6.70283782458353,54.7342637445544,0.0013127513979767358,2026
14277,Northern Ireland,-6.62544357120579,54.7372471469165,0.0018776455027927706,2026
14278,Northern Ireland,-6.54803521083069,54.7401812547301,0.0014282980516706584,2026
14279,Northern Ireland,-6.47061297512196,54.7430660484223,0.002574314930023967,2026
14280,Northern Ireland,-6.39317709600693,54.7459015087426,0.002676733824310018,2026
14281,Northern Ireland,-6.31572780567234,54.748687616764,0.0019680503832652605,2026
14282,Northern Ireland,-6.23826533656004,54.7514243538828,0.0012309398775454093,2026
14283,Northern Ireland,-6.16078992136269,54.7541117018195,0.0021333725106596688,2026
14284,Northern Ireland,-6.0833017930195,54.7567496426189,0.001411535615311305,2026
14285,Northern Ireland,-6.00580118471191,54.7593381586508,0.0024273297897861945,2026
14286,Northern Ireland,-5.92828832985925,54.7618772326101,0.0015010258682848462,2026
14287,Northern Ireland,-5.85076346211443,54.7643668475174,0.0015396923921074852,2026
14288,Northern Ireland,-5.77322681535958,54.7668069867195,0.001870253050037655,2026
14289,Northern Ireland,-5.69567862370174,54.7691976338894,0.0018421788233438958,2026
14298,Scotland,-4.99726411148603,54.7884837851043,0.0016513547938480377,2026
14303,Scotland,-4.60892332324379,54.7974616678936,0.0006589584954402918,2026
14304,Scotland,-4.5312301903618,54.7991081984351,0.0009777269852392168,2026
14305,Scotland,-4.45352928528141,54.8007050203974,0.0017134941358521298,2026
14306,Scotland,-4.37582084525692,54.8022521230552,0.001097245006706134,2026
14309,Scotland,-4.14265269020846,54.8065950129301,0.0010858743835812069,2026
14311,Scotland,-3.98717393476347,54.8092414946478,0.00431342640009428,2026
14312,Scotland,-3.90942527521212,54.8104900748598,0.00237538781053326,2026
14319,North West,-3.36503363963453,54.8178357262892,0.0020626114157421033,2026
14320,North West,-3.28724469497514,54.8186858189117,0.0019591173384906706,2026
14321,North West,-3.20945178902902,54.8194860713254,0.0031632873088246185,2026
14322,North West,-3.1316551608226,54.8202364781434,0.009189362749976736,2026
14323,North West,-3.05385504945415,54.8209370343144,0.011222120091294856,2026
14324,North West,-2.97605169408916,54.8215877351219,0.008509208212348513,2026
14325,North West,-2.89824533395575,54.822188576185,0.007997361771409072,2026
14326,North West,-2.82043620834006,54.8227395534582,0.00566984279081374,2026
14327,North West,-2.74262455658162,54.8232406632312,0.0011930078711388154,2026
14328,North West,-2.66481061806875,54.8236919021297,0.0005304073312272464,2026
14329,North West,-2.58699463223393,54.8240932671149,0.00027723503561036066,2026
14330,North East,-2.5091768385492,54.8244447554836,0.00027677969977670517,2026
14331,North West,-2.43135747652152,54.8247463648687,0.0003748342299996452,2026
14332,North East,-2.35353678568813,54.8249980932388,0.0003077049572561298,2026
14333,North East,-2.27571500561195,54.8251999388984,0.00041243361244247805,2026
14334,North East,-2.19789237587695,54.8253519004881,0.00046923837940103606,2026
14335,North East,-2.12006913608352,54.8254539769843,0.0004958555564069525,2026
14336,North East,-2.04224552584383,54.8255061676996,0.0005133712107235128,2026
14337,North East,-1.9644217847772,54.8255084722824,0.0006995167251649136,2026
14338,North East,-1.88659815250549,54.8254608907174,0.0014436509499424384,2026
14339,North East,-1.80877486864846,54.8253634233251,0.0021397022237937932,2026
14340,North East,-1.73095217281913,54.8252160707622,0.001822728443990426,2026
14341,North East,-1.65313030461916,54.8250188340214,0.007944233202006113,2026
14342,North East,-1.57530950363422,54.8247717144312,0.062209378708694855,2026
14343,North East,-1.49749000942936,54.8244747136563,0.02868068696339715,2026
14344,North East,-1.4196720615444,54.8241278336972,0.023459196249232817,2026
14345,North East,-1.34185589948926,54.8237310768904,0.05601653174470814,2026
14396,Northern Ireland,-7.63660442865599,54.739341177834,0.0009910059482683563,2026
14398,Northern Ireland,-7.48200508635387,54.7464504195024,0.0010706643510768395,2026
14399,Northern Ireland,-7.40468025234142,54.7499313452341,0.0010887039121471437,2026
14400,Northern Ireland,-7.32733894874496,54.7533631098973,0.000925810039832695,2026
14401,Northern Ireland,-7.24998140519767,54.7567456906397,0.0007984980336878315,2026
14402,Northern Ireland,-7.17260785164018,54.7600790649281,0.0008227200808138395,2026
14403,Northern Ireland,-7.09521851831643,54.7633632105485,0.00042760609116647544,2026
14404,Northern Ireland,-7.01781363576946,54.7665981056071,0.00042760609116647544,2026
14405,Northern Ireland,-6.94039343483727,54.7697837285304,0.00021660841797333902,2026
14406,Northern Ireland,-6.86295814664861,54.7729200580658,0.0010761262865563567,2026
14407,Northern Ireland,-6.78550800261879,54.7760070732823,0.0009702703526815213,2026
14408,Northern Ireland,-6.70804323444542,54.7790447535707,0.0014527288680417363,2026
14409,Northern Ireland,-6.63056407410422,54.7820330786443,0.0013299657224662331,2026
14410,Northern Ireland,-6.55307075384476,54.7849720285393,0.001305472669702698,2026
14411,Northern Ireland,-6.47556350618618,54.7878615836151,0.0013049003308117472,2026
14412,Northern Ireland,-6.39804256391293,54.790701724555,0.0020171036205563365,2026
14413,Northern Ireland,-6.3205081600705,54.7934924323664,0.0015982423786634428,2026
14414,Northern Ireland,-6.24296052796108,54.7962336883816,0.0009983262876130424,2026
14415,Northern Ireland,-6.16539990113931,54.7989254742579,0.003214716137503427,2026
14416,Northern Ireland,-6.08782651340788,54.801567771978,0.0005835620724633471,2026
14417,Northern Ireland,-6.01024059881328,54.8041605638508,0.0005308886920637578,2026
14418,Northern Ireland,-5.9326423916414,54.8067038325114,0.0011916097085403073,2026
14419,Northern Ireland,-5.85503212641316,54.8091975609217,0.001907763411091501,2026
14420,Northern Ireland,-5.77741003788018,54.8116417323708,0.001941029813575402,2026
14421,Northern Ireland,-5.69977636102041,54.8140363304753,0.0027929019419795516,2026
14429,Scotland,-5.0783180349221,54.8314066172942,0.001059832793360196,2026
14430,Scotland,-5.00059067228646,54.8333543722765,0.0010999804727386995,2026
14433,Scotland,-4.76735417082236,54.8388992720343,0.001381398777589094,2026
14434,Scotland,-4.68959132363809,54.840648075474,0.0006042025237880443,2026
14435,Scotland,-4.61182019910264,54.8423471107956,0.0006288669161226893,2026
14436,Scotland,-4.53404103505602,54.8439963665705,0.0007235847061382009,2026
14437,Scotland,-4.45625406949313,54.8455958317032,0.0024427688407349444,2026
14439,Scotland,-4.3006576865453,54.8486453473244,0.0014474701692470202,2026
14441,Scotland,-4.14503295714347,54.8514955755586,0.0012123235143218353,2026
14442,Scotland,-4.0672105590257,54.852845932709,0.001273314971103002,2026
14443,Scotland,-3.98938179035912,54.854146439645,0.003233978233787085,2026
14444,Scotland,-3.91154689009542,54.8553970876071,0.001731660819357165,2026
14451,North West,-3.36655099918005,54.8627549065882,0.001292921707186051,2026
14452,North West,-3.28867566164402,54.8636064076095,0.001150651430874755,2026
14453,North West,-3.2107963478526,54.8644079859011,0.0024989812381232754,2026
14454,North West,-3.13291329773443,54.8651596360576,0.003483490003703053,2026
14455,North West,-3.05502675129044,54.8658613530099,0.005986097336241562,2026
14456,North West,-2.97713694858923,54.8665131320254,0.012197055794428258,2026
14457,North West,-2.89924412976242,54.8671149687078,0.010123099649505871,2026
14458,North West,-2.82134853500001,54.8676668589973,0.0022573605002995773,2026
14459,North West,-2.74345040454577,54.868168799171,0.0024292836324859477,2026
14460,North West,-2.66554997869252,54.8686207858427,0.00035745111625315186,2026
14461,North East,-2.58764749777757,54.8690228159629,0.00027723503561036066,2026
14462,North East,-2.509743202178,54.8693748868193,0.00028506167394841745,2026
14463,North East,-2.43183733230605,54.8696769960363,0.0003748342299996452,2026
14464,North East,-2.35393012860444,54.8699291415755,0.0003504972420065995,2026
14465,North East,-2.27602183154174,54.8701313217356,0.0005669725570321309,2026
14466,North East,-2.1981126816077,54.8702835351522,0.0004819786986237284,2026
14467,North East,-2.12020291930857,54.8703857807984,0.0005521048842520497,2026
14468,North East,-2.04229278516248,54.8704380579843,0.0006391343763660544,2026
14469,North East,-1.96438251969476,54.8704403663571,0.001040845681544504,2026
14470,North East,-1.88647236343328,54.8703927059013,0.005964763772481536,2026
14471,North East,-1.80856255690381,54.8702950769388,0.005342002637839079,2026
14472,North East,-1.73065334062532,54.8701474801284,0.00317010017564448,2026
14473,North East,-1.65274495510537,54.8699499164662,0.0068645936933263265,2026
14474,North East,-1.57483764083541,54.8697023872855,0.12094146744293305,2026
14475,North East,-1.49693163828614,54.8694048942567,0.1422036709275251,2026
14476,North East,-1.41902718790287,54.8690574393873,0.041014889258898755,2026
14477,,-1.34112453010083,54.8686600250218,0.024610659734854184,2026
14530,Northern Ireland,-7.48807316720587,54.7911769965986,0.0009381996077783577,2026
14531,Northern Ireland,-7.41066377278099,54.7946636599347,0.0008895097946377564,2026
14532,Northern Ireland,-7.33323784708253,54.7981010821365,0.00032898028651393816,2026
14533,Northern Ireland,-7.25579562058518,54.8014892402731,0.0003602598346090477,2026
14534,Northern Ireland,-7.17833732407299,54.8048281117336,0.0003602598346090477,2026
14535,Northern Ireland,-7.10086318863525,54.8081176742275,0.0001864414300341737,2026
14536,Northern Ireland,-7.02337344566222,54.8113579057855,0.0003602598346090477,2026
14537,Northern Ireland,-6.94586832684099,54.8145487847598,0.0002811278297818061,2026
14538,Northern Ireland,-6.86834806415125,54.8176902898246,0.000290218606888418,2026
14539,Northern Ireland,-6.79081288986103,54.8207823999766,0.0007003739349791642,2026
14540,Northern Ireland,-6.71326303652247,54.8238250945356,0.0010544963387360633,2026
14541,Northern Ireland,-6.63569873696757,54.8268183531448,0.0013162297870246995,2026
14542,Northern Ireland,-6.5581202243039,54.8297621557714,0.0016358531883422683,2026
14543,Northern Ireland,-6.48052773191032,54.832656482707,0.001721365237819194,2026
14544,Northern Ireland,-6.40292149343267,54.8355013145682,0.0016274040204560347,2026
14545,Northern Ireland,-6.32530174277948,54.8382966322967,0.0014963790439947173,2026
14546,Northern Ireland,-6.24766871411762,54.8410424171603,0.0009789288504009062,2026
14547,Northern Ireland,-6.170022641868,54.8437386507529,0.0019903841552000104,2026
14548,Northern Ireland,-6.09236376070116,54.8463853149948,0.00033754954279181885,2026
14549,Northern Ireland,-6.01469230553296,54.8489823921336,0.0003602598346090477,2026
14550,Northern Ireland,-5.93700851152019,54.8515298647445,0.0003266175627415334,2026
14551,Northern Ireland,-5.8593126140562,54.8540277157303,0.0027931617606193346,2026
14552,Northern Ireland,-5.78160484876645,54.8564759283222,0.0012444714492655538,2026
14561,Scotland,-5.08173989642813,54.8762735100654,0.0011843406123602928,2026
14562,Scotland,-5.00392646019034,54.8782244889275,0.0014794210431179529,2026
14563,Scotland,-4.9261037620609,54.8801256667123,0.0013629301904469397,2026
14564,Scotland,-4.84827204010433,54.8819770306187,0.0023942932591839885,2026
14565,Scotland,-4.77043153255918,54.8837785681785,0.0011999679346419289,2026
14566,Scotland,-4.69258247783357,54.8855302672566,0.000652888367989335,2026
14567,Scotland,-4.61472511450057,54.8872321160511,0.0008739738618299427,2026
14568,Scotland,-4.53685968129369,54.8888841030939,0.0007227780922916247,2026
14569,Scotland,-4.45898641710231,54.8904862172506,0.0011075963593974063,2026
14571,Scotland,-4.30321735207562,54.8935407840402,0.0003741836242004471,2026
14572,Scotland,-4.22532202975733,54.8949932160763,0.0007531366896396373,2026
14573,Scotland,-4.14741983347944,54.8963957340335,0.0005189740200726917,2026
14574,Scotland,-4.0695110028421,54.8977483284509,0.0005447211018126145,2026
14575,Scotland,-3.99159577757383,54.8990509902029,0.0008476283127857792,2026
14576,Scotland,-3.91367439752692,54.9003037104994,0.0009987322832918787,2026
14577,Scotland,-3.83574710267284,54.9015064808862,0.0011673139499883804,2026
14578,Scotland,-3.75781413309758,54.9026592932451,0.0013629321815318625,2026
14579,Scotland,-3.67987572899705,54.9037621397938,0.0011087593044775811,2026
14580,Scotland,-3.60193213067248,54.9048150130867,0.0016306909159927814,2026
14585,North West,-3.21214464301734,54.90932954368,0.0021462152859837744,2026
14586,North West,-3.13417493098572,54.9100824399347,0.00373669556509534,2026
14587,North West,-3.05620170939684,54.9107853202452,0.008238109258108833,2026
14588,North West,-2.97822521922702,54.9114381798622,0.003096730249109705,2026
14589,North West,-2.90024570151604,54.9120410143741,0.01120718078322098,2026
14590,North West,-2.82226339736242,54.9125938197072,0.008704477468933975,2026
14591,North West,-2.74427854791877,54.9130965921254,0.00444594428328258,2026
14592,North West,-2.66629139438709,54.9135493282307,0.0003675415068474101,2026
14593,North West,-2.58830217801414,54.9139520249631,0.00035745111625315186,2026
14594,North East,-2.51031114008673,54.9143046796007,0.0003504972420065995,2026
14595,North East,-2.43231852192703,54.9146072897596,0.0003748790673303552,2026
14596,North East,-2.35432456488789,54.9148598533945,0.000572578115114333,2026
14597,North East,-2.27632951034817,54.9150623687979,0.0007378656327565026,2026
14598,North East,-2.19833359970805,54.9152148346008,0.0005446334001930076,2026
14599,North East,-2.12033707438433,54.9153172497727,0.0013657787481687292,2026
14600,North East,-2.04234017580575,54.9153696136212,0.0014776476497291705,2026
14601,North East,-1.96434314540831,54.9153719257925,0.0042914694112880765,2026
14602,North East,-1.88634622463054,54.9153241862708,0.0066252130699368085,2026
14603,North East,-1.80834965490888,54.9152263953792,0.008879319300371861,2026
14604,North East,-1.73035367767292,54.9150785537788,0.009829363414408878,2026
14605,North East,-1.65235853434077,54.9148806624693,0.012314684328433611,2026
14606,North East,-1.57436446631432,54.9146327227885,0.01141437175024458,2026
14607,North East,-1.49637171497458,54.9143347364126,0.027480050214108445,2026
14608,North East,-1.41838052167702,54.9139867053562,0.02372328758400161,2026
14663,Northern Ireland,-7.41666382454795,54.8393951998976,0.0009414455169847719,2026
14664,Northern Ireland,-7.33915304627214,54.8428382920581,0.0008367010198948925,2026
14665,Northern Ireland,-7.26162590603998,54.8462320398377,0.0008771672578560407,2026
14666,Northern Ireland,-7.18408263548315,54.8495764205474,0.0007155940528844055,2026
14667,Northern Ireland,-7.10652346654044,54.85287141182,0.0003580796485253023,2026
14668,Northern Ireland,-7.02894863145357,54.8561169916103,0.00018531294658143637,2026
14669,Northern Ireland,-6.95135836276294,54.8593131381959,0.00014460291963971689,2026
14670,Northern Ireland,-6.87375289330339,54.8624598301772,0.0002794263933515665,2026
14671,Northern Ireland,-6.79613245619993,54.8655570464784,0.0002811278297818061,2026
14672,Northern Ireland,-6.71849728486349,54.8686047663478,0.0008400402423215165,2026
14673,Northern Ireland,-6.64084761298662,54.8716029693584,0.0011896444354309818,2026
14674,Northern Ireland,-6.56318367453918,54.874551635408,0.0016493930096831,2026
14675,Northern Ireland,-6.48550570376404,54.8774507447201,0.0011974990498156304,2026
14676,Northern Ireland,-6.40781393517276,54.8803002778442,0.002286266471049599,2026
14677,Northern Ireland,-6.33010860354123,54.8831002156562,0.002494161438096942,2026
14678,Northern Ireland,-6.25238994390534,54.8858505393588,0.0009414455169847719,2026
14679,Northern Ireland,-6.17465819155659,54.8885512304822,0.001972365461825829,2026
14680,Northern Ireland,-6.09691358203776,54.8912022708842,0.0016474509763319798,2026
14681,Northern Ireland,-6.01915635113845,54.8938036427509,0.0012948387549994854,2026
14682,Northern Ireland,-5.94138673489076,54.8963553285969,0.0006496160582171159,2026
14683,Northern Ireland,-5.8636049695648,54.8988573112658,0.0014873004263162184,2026
14692,Scotland,-5.16306146980223,54.9191358448816,0.0011935878608934456,2026
14693,Scotland,-5.08517125774426,54.9211399248387,0.0010945509932392035,2026
14695,Scotland,-4.92936246540102,54.9249984613537,0.0009020239181174736,2026
14696,Scotland,-4.85144436285265,54.9268528918869,0.0012909036746339678,2026
14697,Scotland,-4.77351744150604,54.9286574138104,0.001340179687234491,2026
14698,Scotland,-4.69558194066527,54.9304120149468,0.0007712079235110131,2026
14699,Scotland,-4.61763809980045,54.9321166834532,0.0008418249549056244,2026
14700,Scotland,-4.53968615854316,54.9337714078217,0.0006920931389645349,2026
14701,Scotland,-4.46172635668186,54.935376176879,0.0014334086972124336,2026
14702,Scotland,-4.38375893415727,54.9369309797875,0.0008086102457519821,2026
14703,Scotland,-4.30578413105778,54.9384358060452,0.00037113487706991454,2026
14704,Scotland,-4.22780218761487,54.9398906454856,0.0005233552110632382,2026
14705,Scotland,-4.14981334419845,54.9412954882785,0.00028115626364306324,2026
14706,Scotland,-4.07181784131226,54.9426503249301,0.0005233552110632382,2026
14707,Scotland,-3.99381591958925,54.9439551462829,0.0009474054130932156,2026
14708,Scotland,-3.91580781978692,54.9452099435162,0.0007374067759103474,2026
14709,Scotland,-3.83779378278272,54.9464147081464,0.0007496784054648605,2026
14710,Scotland,-3.75977404956934,54.9475694320268,0.0009987322832918787,2026
14711,Scotland,-3.68174886125012,54.9486741073482,0.0004526221175723753,2026
14712,Scotland,-3.60371845903435,54.9497287266389,0.0010544773373422883,2026
14717,,-3.21349668866206,54.9542507447708,0.0018175532299488431,2026
14719,North West,-3.05737993609711,54.9557089361496,0.001973414862450151,2026
14720,North West,-2.97931651741817,54.9563628787711,0.0036878671262569646,2026
14721,North West,-2.90125005972374,54.9569667133316,0.002811813784980915,2026
14722,North West,-2.82318080502553,54.9575204357433,0.00238766626015374,2026
14723,North West,-2.74510899538968,54.958024042257,0.0018024255784607084,2026
14724,North West,-2.66703487293206,54.9584775294629,0.0010669316171864687,2026
14725,North West,-2.58895867981355,54.9588808942903,0.0008915637035342648,2026
14726,North East,-2.51088065823536,54.9592341340077,0.0031331009704377685,2026
14727,North East,-2.43280105043428,54.959537246223,0.0011312244476501185,2026
14728,North East,-2.35472009867797,54.9597902288835,0.001528025931511432,2026
14729,North East,-2.27663804526029,54.9599930802761,0.0012965741322677844,2026
14730,North East,-2.19855513249653,54.9601457990269,0.001391594054197337,2026
14731,North East,-2.12047160271872,54.9602483841016,0.0015610412905499138,2026
14732,North East,-2.04238769827089,54.9603008348057,0.0015753085704501948,2026
14733,North East,-1.9643036615044,54.9603031507838,0.011252989607524282,2026
14734,North East,-1.88621973477316,54.9602553320204,0.01409536809714309,2026
14735,North East,-1.80813616042894,54.9601573788395,0.018044721896036967,2026
14736,North East,-1.73005318081665,54.9600092919046,0.033133732805519886,2026
14737,,-1.65197103826963,54.9598110722188,0.008014415374549465,2026
14738,North East,-1.5738899751049,54.9595627211247,0.025701296502965033,2026
14739,North East,-1.49581023361849,54.9592642403044,0.08407655566858419,2026
14740,North East,-1.41773205608066,54.9589156317793,0.02582546808700141,2026
14795,Northern Ireland,-7.42268046964575,54.8841259636077,0.000906168776539003,2026
14796,Northern Ireland,-7.34508460747157,54.887574738195,0.0008825027499193296,2026
14797,Northern Ireland,-7.26747232187225,54.8909740879136,0.0009078800859724702,2026
14798,Northern Ireland,-7.18984384533127,54.8943239899964,0.0009074926366453047,2026
14799,Northern Ireland,-7.11219941064119,54.8976244219989,0.000901530431670322,2026
14800,Northern Ireland,-7.0345392508994,54.9008753617997,0.000901530431670322,2026
14801,Northern Ireland,-6.95686359950383,54.9040767876013,0.00033418291297566667,2026
14802,Northern Ireland,-6.87917269014875,54.9072286779301,0.0003096428198602741,2026
14803,Northern Ireland,-6.80146675682043,54.9103310116376,0.0002601885962152865,2026
14804,Northern Ireland,-6.72374603379287,54.9133837679002,0.0003094389461385478,2026
14805,Northern Ireland,-6.64601075562345,54.9163869262201,0.0011944896185584863,2026
14806,Northern Ireland,-6.56826115714866,54.9193404664256,0.001244103023366,2026
14807,Northern Ireland,-6.49049747347971,54.9222443686716,0.0012558915733810415,2026
14808,Northern Ireland,-6.41271993999819,54.9250986134404,0.0024143984280671103,2026
14809,Northern Ireland,-6.33492879235172,54.9279031815414,0.002262546187381081,2026
14810,Northern Ireland,-6.25712426644956,54.9306580541124,0.002535113016150616,2026
14811,Northern Ireland,-6.17930659845822,54.9333632126193,0.0006791102210077376,2026
14812,Northern Ireland,-6.10147602479705,54.9360186388571,0.0006952468937245535,2026
14813,Northern Ireland,-6.02363278213384,54.9386243149501,0.002224728721793496,2026
14814,Northern Ireland,-5.94577710738036,54.9411802233521,0.0015675716366556128,2026
14824,Scotland,-5.16658888101254,54.9639984607907,0.0013322112287055144,2026
14825,Scotland,-5.08861215476173,54.9660058612492,0.0010920426290527312,2026
14826,Scotland,-5.01062585676698,54.9679633093242,0.0008320310141000473,2026
14827,Scotland,-4.93263022670409,54.9698707917908,0.0003697868475592259,2026
14828,Scotland,-4.85462550442971,54.9717282957585,0.00126669486142332,2026
14829,Scotland,-4.7766119299768,54.9735358086722,0.001020545795245886,2026
14830,Scotland,-4.69858974354999,54.975293318312,0.0007428364250322822,2026
14831,Scotland,-4.62055918552103,54.9770008127938,0.0007428364250322822,2026
14832,Scotland,-4.54252049642414,54.9786582805694,0.0006557171146698475,2026
14833,Scotland,-4.46447391695144,54.9802657104268,0.0011348789982459277,2026
14834,Scotland,-4.38641968794827,54.9818230914904,0.00035261280711823523,2026
14835,Scotland,-4.3083580504086,54.9833304132216,0.0002492119154510105,2026
14836,Scotland,-4.23028924547039,54.9847876654186,0.0004088002444277651,2026
14837,Scotland,-4.15221351441092,54.9861948382167,0.0005189740200726917,2026
14838,Scotland,-4.07413109864218,54.9875519220891,0.0005447211018126145,2026
14839,Scotland,-3.99604223970617,54.9888589078463,0.0007627317638767095,2026
14840,Scotland,-3.91794717927024,54.9901157866367,0.0008470569065496307,2026
14841,Scotland,-3.83984615912245,54.9913225499472,0.0007854060253991054,2026
14842,Scotland,-3.76173942116687,54.9924791896027,0.0008041920033172533,2026
14843,Scotland,-3.68362720741889,54.9935856977667,0.0009156710734880291,2026
14844,Scotland,-3.60550976000056,54.9946420669413,0.0012117688695762502,2026
14845,Scotland,-3.52738732113587,54.9956482899677,0.0012040781654573819,2026
14846,Scotland,-3.44926013314606,54.996604360026,0.0012126202705586273,2026
14847,Scotland,-3.37112843844492,54.9975102706355,0.0021797186444794427,2026
14848,Scotland,-3.2929924795341,54.9983660156549,0.0023571229739528772,2026
14849,Scotland,-3.21485249899835,54.9991715892824,0.005331185492958282,2026
14850,Scotland,-3.13670873950085,54.9999269860559,0.001728995038835803,2026
14851,Scotland,-3.05856144377847,55.0006322008531,0.0018849877563932602,2026
14852,North West,-2.98041085463705,55.0012872288913,0.0018462375985120337,2026
14853,North West,-2.90225721494669,55.0018920657283,0.0035786422980345362,2026
14854,North West,-2.82410076763698,55.0024467072616,0.0019884042893185236,2026
14855,North West,-2.7459417556923,55.0029511497291,0.0030376717236860543,2026
14856,North West,-2.66778042214707,55.0034053897091,0.0032382936788783573,2026
14857,North West,-2.58961701008105,55.00380942412,0.003050659086552091,2026
14858,North East,-2.51145176261451,55.0041632502208,0.0031287429255175024,2026
14859,North East,-2.4332849229036,55.0044668656113,0.004055932397372089,2026
14860,North East,-2.35511673413551,55.0047202682313,0.0014320643316738985,2026
14861,North East,-2.2769474395238,55.0049234563618,0.004120237041520975,2026
14862,North East,-2.1987772823036,55.0050764286241,0.007310128907463045,2026
14863,North East,-2.12060650572688,55.0051791839804,0.006671773024477061,2026
14864,North East,-2.0424353530577,55.0052317217335,0.0023043294766325077,2026
14865,North East,-1.96426406756747,55.0052340415271,0.010128231427029852,2026
14866,North East,-1.88609289253021,55.0051861433454,0.021521958765273953,2026
14867,North East,-1.80792207121774,55.0050880275136,0.015930520227296924,2026
14868,North East,-1.72975184689502,55.0049396946975,0.007717961045537356,2026
14869,North East,-1.65158246281533,55.0047411459038,0.027701466908673603,2026
14870,North East,-1.57341416221554,55.0044923824796,0.03145169166024018,2026
14871,North East,-1.49524718831139,55.0041934061131,0.03817873037179184,2026
14872,North East,-1.41708178429271,55.0038442188326,0.07934849713197793,2026
14927,Northern Ireland,-7.42871377039335,54.9288559495423,0.0008778009822980974,2026
14928,Northern Ireland,-7.35103259214992,54.9323104190724,0.0009119743853981526,2026
14929,Northern Ireland,-7.27333492869927,54.9357153830736,0.0007842337875071239,2026
14930,Northern Ireland,-7.19562101338091,54.9390708187002,0.0009445260547181249,2026
14931,Northern Ireland,-7.11789107984539,54.94237670343,0.0007244640989270172,2026
14932,Northern Ireland,-7.04014536205001,54.945633015065,0.0007184005646304655,2026
14933,Northern Ireland,-6.96238409425454,54.9488397317323,0.0006422103208026142,2026
14934,Northern Ireland,-6.88460751101696,54.9519968318842,0.00032107242273769705,2026
14935,Northern Ireland,-6.80681584718909,54.9551042942986,0.0002290956276811773,2026
14936,Northern Ireland,-6.7290093379123,54.9581620980799,0.0005894743379065095,2026
14937,Northern Ireland,-6.65118821861316,54.9611702226592,0.0009399596138134725,2026
14938,Northern Ireland,-6.57335272499909,54.964128647795,0.0014464738484316723,2026
14939,Northern Ireland,-6.49550309305401,54.9670373535734,0.0009473100769561493,2026
14940,Northern Ireland,-6.41763955903392,54.9698963204088,0.001968447888493144,2026
14941,Northern Ireland,-6.33976235946254,54.9727055290443,0.0010242943883220083,2026
14942,Northern Ireland,-6.26187173112689,54.9754649605518,0.001328593670051273,2026
14943,Northern Ireland,-6.18396791107288,54.9781745963332,0.00017148727688295803,2026
14944,Northern Ireland,-6.10605113660087,54.9808344181202,0.0002967473226947612,2026
14945,Northern Ireland,-6.02812164526124,54.9834444079748,0.0010376749121913773,2026
14956,,-5.17012610349078,55.0088605905913,0.0014807708209900077,2026
14958,Scotland,-5.01398953561661,55.0128320123942,0.0005110494394534741,2026
14959,Scotland,-4.93590708025005,55.0147426577121,0.0002412696526888782,2026
14960,Scotland,-4.85781549821596,55.0166032419487,0.0003348782222062383,2026
14961,Scotland,-4.77971503045135,55.0184137525049,0.0003571617031312137,2026
14962,Scotland,-4.70160591806601,55.0201741771183,0.000623255522120882,2026
14963,Scotland,-4.62348840233793,55.0218845038633,0.0007162363142109659,2026
14964,Scotland,-4.54536272470859,55.0235447211513,0.0005058852730034932,2026
14965,Scotland,-4.46722912677837,55.0251548177313,0.00023143950167739006,2026
14966,Scotland,-4.38908785030189,55.0267147826896,0.00023143950167739006,2026
14967,Scotland,-4.31093913718332,55.0282246054508,0.00023143950167739006,2026
14968,Scotland,-4.23278322947176,55.0296842757775,0.00026110635082455516,2026
14969,Scotland,-4.15462036935653,55.0310937837706,0.0005233552110632382,2026
14970,Scotland,-4.07645079916247,55.0324531198698,0.000479017804309404,2026
14971,Scotland,-3.99827476134532,55.0337622748537,0.0005595473320932987,2026
14972,Scotland,-3.92009249848696,55.0350212398398,0.0009254281027594697,2026
14973,Scotland,-3.84190425329075,55.036230006285,0.0009176841082789385,2026
14974,Scotland,-3.7637102685768,55.0373885659857,0.0005464269860443026,2026
14975,Scotland,-3.68551078727726,55.038496911078,0.0006049582870362658,2026
14976,Scotland,-3.60730605243161,55.0395550340379,0.0012465914480427195,2026
14977,Scotland,-3.52909630718194,55.0405629276815,0.0008044006919785022,2026
14978,Scotland,-3.45088179476822,55.0415205851649,0.0025320205612924646,2026
14979,Scotland,-3.37266275852353,55.0424279999849,0.006745977012058786,2026
14980,Scotland,-3.29443944186941,55.0432851659787,0.007778212782274099,2026
14981,Scotland,-3.21621208831101,55.0440920773241,0.0010496871413409358,2026
14982,Scotland,-3.13798094143244,55.04484872854,0.0010970349935050124,2026
14983,Scotland,-3.05974624489195,55.0455551144859,0.0029995810599026547,2026
14984,North West,-2.9815082424172,55.0462112303629,0.0030255578832647095,2026
14985,North West,-2.90326717780053,55.0468170717127,0.004022616759407407,2026
14986,North West,-2.82502329489416,55.0473726344187,0.0032291912756805072,2026
14987,North West,-2.74677683760545,55.0478779147056,0.003643299168645713,2026
14988,North West,-2.66852804989211,55.0483329091396,0.0003530295282420491,2026
14989,North West,-2.59027717575748,55.0487376146285,0.0003469975806087329,2026
14990,North West,-2.5120244592457,55.0490920284217,0.0002664517209231254,2026
14991,North East,-2.43377014443697,55.0493961481103,0.00039886661741795227,2026
14992,North East,-2.35551447544279,55.0496499716273,0.0004494919335481218,2026
14993,North East,-2.27725769640114,55.0498534972474,0.0016183060338119865,2026
14994,North East,-2.19900005147174,55.0500067235871,0.007407223276586257,2026
14995,North East,-2.12074178483126,55.0501096496051,0.007917060458245015,2026
14996,North East,-2.04248314066854,55.0501622746017,0.00699866759885882,2026
14997,North East,-1.9642243631798,55.0501645982192,0.012142094763158869,2026
14998,North East,-1.88596569656389,55.0501166204419,0.008067176317276206,2026
14999,North East,-1.80770738501747,55.0500183415962,0.007754556234632604,2026
15000,North East,-1.72944967273025,55.0498697623501,0.008949172312858654,2026
15001,North East,-1.65119280388023,55.0496708837138,0.024099872037252792,2026
15002,North East,-1.57293702262888,55.0494217070393,0.011146645196624439,2026
15003,North East,-1.49468257311639,55.0491222340205,0.010228647781435554,2026
15060,Northern Ireland,-7.35699706208962,54.9770453332079,0.0009110223520999985,2026
15061,Northern Ireland,-7.27921378744743,54.9804559238832,0.0009110223520999985,2026
15062,Northern Ireland,-7.20141419970045,54.9838169052713,0.0009740327344594273,2026
15063,Northern Ireland,-7.12359853336147,54.9871282547722,0.0006615347445096735,2026
15064,Northern Ireland,-7.04576702325203,54.990389950111,0.0006615347445096735,2026
15065,Northern Ireland,-6.967919904498,54.9936019693389,0.0006456510090274238,2026
15066,Northern Ireland,-6.89005741252539,54.9967642908336,0.0006456510090274238,2026
15067,Northern Ireland,-6.81217978305588,54.9998768932993,0.00013071547494311795,2026
15068,Northern Ireland,-6.73428725210257,55.0029397557681,0.0007244640989270172,2026
15069,Northern Ireland,-6.65638005596557,55.0059528575996,0.001935717464165757,2026
15070,Northern Ireland,-6.57845843122761,55.008916178482,0.0013420996151967195,2026
15071,Northern Ireland,-6.50052261474968,55.0118296984323,0.002338992037697151,2026
15072,Northern Ireland,-6.42257284366658,55.0146933977969,0.0009319840378085937,2026
15073,Northern Ireland,-6.34460935538254,55.0175072572518,0.0017553818633730016,2026
15074,Northern Ireland,-6.26663238756676,55.0202712578033,0.00017255350273706122,2026
15075,Northern Ireland,-6.188642178149,55.0229853807886,0.00011877253756258446,2026
15076,Northern Ireland,-6.11063896531505,55.0256496078758,0.00022951805748358637,2026
15077,Northern Ireland,-6.03262298750233,55.0282639210646,0.00045475282847895254,2026
15090,Scotland,-5.01736258192571,55.0577002435915,0.000739716839788355,2026
15091,Scotland,-4.93919306049514,55.0596140588043,0.00028115626364306324,2026
15092,Scotland,-4.86101437776357,55.0614777301708,0.00028115626364306324,2026
15093,Scotland,-4.7828267755767,55.063291245048,0.0005487026669132815,2026
15094,Scotland,-4.70463049595412,55.0650545911305,0.0006803568499049659,2026
15095,Scotland,-4.62642578108465,55.0667677564511,0.0006092915929227839,2026
15096,Scotland,-4.54821287332171,55.0684307293807,0.00046100088117413104,2026
15097,Scotland,-4.4699920151786,55.0700434986288,0.00023143950167739006,2026
15098,Scotland,-4.39176344932386,55.0716060532439,0.00023143950167739006,2026
15099,Scotland,-4.31352741857655,55.0731183826134,0.00023182026473833896,2026
15100,Scotland,-4.23528416590156,55.0745804764639,0.00024807406486767637,2026
15101,Scotland,-4.15703393440492,55.075992324862,0.0005447211018126145,2026
15102,Scotland,-4.07877696732906,55.0773539182139,0.000479017804309404,2026
15103,Scotland,-4.00051350804812,55.0786652472656,0.00042120043569271606,2026
15104,Scotland,-3.92224380006322,55.0799263031039,0.0007610790211251345,2026
15105,Scotland,-3.84396808699771,55.0811370771556,0.00043839541967388723,2026
15106,Scotland,-3.76568661259246,55.0822975611885,0.0005812310545839298,2026
15107,Scotland,-3.6873996207011,55.083407747311,0.0007646222092960155,2026
15108,Scotland,-3.60910735528527,55.0844676279729,0.004705889410240944,2026
15109,Scotland,-3.53081006040989,55.0854771959649,0.0012387675243948593,2026
15110,Scotland,-3.45250798023836,55.0864364444195,0.0008707464457876343,2026
15111,Scotland,-3.37420135902785,55.0873453668104,0.008844784093473794,2026
15112,Scotland,-3.29589044112447,55.0882039569533,0.0017523299156101447,2026
15113,Scotland,-3.21757547095857,55.0890122090057,0.0005233552110632382,2026
15114,Scotland,-3.13925669303989,55.0897701174671,0.00046022784287014636,2026
15115,Scotland,-3.06093435195282,55.0904776771792,0.0004660239844597146,2026
15116,Scotland,-2.98260869235164,55.091134883326,0.0011194853384461022,2026
15117,Scotland,-2.90427995895566,55.0917417314339,0.0010656646189654974,2026
15118,North West,-2.8259483965445,55.0922982173716,0.0010428001802836838,2026
15119,North West,-2.74761424995325,55.0928043373508,0.0009730620557826791,2026
15120,North West,-2.6692777640677,55.0932600879255,0.0002850378152482233,2026
15121,North West,-2.59093918381953,55.0936654659927,0.0002804119857720487,2026
15122,North East,-2.51259875418151,55.0940204687922,0.00028016726482396143,2026
15123,North East,-2.43425672016271,55.0943250939066,0.00039886661741795227,2026
15124,North East,-2.35591332680365,55.0945793392616,0.0005830501822034502,2026
15125,North East,-2.27756881917156,55.0947832031259,0.001312033425384433,2026
15126,North East,-2.19922344235552,55.0949366841113,0.005882056344506766,2026
15127,North East,-2.12087744146167,55.0950397811726,0.005284390752534336,2026
15128,North East,-2.0425310616084,55.0950924936077,0.004727769883620199,2026
15129,North East,-1.96418454792153,55.0950948210577,0.00264468647953501,2026
15130,North East,-1.88583814552952,55.095046763507,0.0027364632900742166,2026
15131,North East,-1.80749209955863,55.0949483212828,0.003986250914981256,2026
15132,North East,-1.72914665512815,55.0947994950558,0.014238762076807365,2026
15133,North East,-1.65080205734554,55.0946002858395,0.004158344316315405,2026
15134,North East,-1.57245855130166,55.0943506949907,0.016224715172429516,2026
15135,North East,-1.49411638206592,55.0940507242092,0.039035099562065065,2026
15192,Northern Ireland,-7.36297807938838,55.0217794791117,0.0007816602336060313,2026
15193,Northern Ireland,-7.28510895935413,55.0251957089002,0.0008393357753708471,2026
15194,Northern Ireland,-7.20722346466501,55.028562248315,0.00110092130887468,2026
15195,Northern Ireland,-7.12932183070038,55.0318790746774,0.0011450726751378035,2026
15196,Northern Ireland,-7.05140429315026,55.0351461656355,0.0009801216676414138,2026
15197,Northern Ireland,-6.973471088011,55.0383634991643,0.0011475026036344557,2026
15198,Northern Ireland,-6.89552245158093,55.0415310535663,0.00047009114329667954,2026
15199,Northern Ireland,-6.81755862045598,55.0446488074719,0.00016390109471007232,2026
15200,Northern Ireland,-6.73957983152534,55.0477167398403,0.0009963756953757007,2026
15201,Northern Ireland,-6.66158632196702,55.0507348299593,0.001488599949727742,2026
15202,Northern Ireland,-6.58357832924347,55.0537030574467,0.00151436545754637,2026
15203,Northern Ireland,-6.50555609109714,55.0566214022498,0.001381888841842683,2026
15204,Northern Ireland,-6.42751984554608,55.0594898446466,0.0010310311299280223,2026
15205,Northern Ireland,-6.34946983087945,55.0623083652461,0.0005226719121559169,2026
15206,Northern Ireland,-6.27140628565309,55.0650769449885,0.00030344896532078777,2026
15207,Northern Ireland,-6.19332944868502,55.0677955651458,0.00011877253756258446,2026
15208,Northern Ireland,-6.11523955905098,55.0704642073223,0.0002350755176107563,2026
15223,Scotland,-4.942488202073,55.1044849947524,0.001438180311345632,2026
15224,Scotland,-4.86422217679751,55.1063517601367,0.00042682736498125834,2026
15225,Scotland,-4.78594719816803,55.1081682860393,0.00046022784287014636,2026
15226,Scotland,-4.70766350911861,55.1099345601118,0.00043379939201162207,2026
15227,Scotland,-4.62937135275358,55.1116505703451,0.0003646213945558802,2026
15228,Scotland,-4.55107097234296,55.1133163050695,0.00023182026473833896,2026
15229,Scotland,-4.47276261131767,55.1149317529548,0.00023143950167739006,2026
15230,Scotland,-4.39444651326485,55.1164969030112,0.00023143950167739006,2026
15231,Scotland,-4.31612292192313,55.118011744589,0.00023143950167739006,2026
15232,Scotland,-4.23779208117792,55.1194762673789,0.0003753569666128221,2026
15233,Scotland,-4.15945423505665,55.1208904614124,0.0005648413143814988,2026
15234,Scotland,-4.08110962772408,55.1222543170623,0.00040541605455680647,2026
15235,Scotland,-4.00275850347746,55.1235678250422,0.00028115626364306324,2026
15236,Scotland,-3.92440110674188,55.1248309764075,0.0004001472695759548,2026
15237,Scotland,-3.84603768206543,55.126043762555,0.000411045814277716,2026
15238,Scotland,-3.76766847411448,55.1272061752237,0.0009254281027594697,2026
15239,Scotland,-3.68929372766887,55.1283182064944,0.001134937885060627,2026
15240,Scotland,-3.61091368761718,55.1293798487902,0.003692893433150654,2026
15241,Scotland,-3.53252859895189,55.1303910948768,0.001153601601337831,2026
15242,Scotland,-3.45413870676463,55.1313519378623,0.0060773173550159,2026
15243,Scotland,-3.37574425624137,55.1322623711977,0.001883579796294171,2026
15244,Scotland,-3.29734549265763,55.133122388677,0.0008449404713521731,2026
15245,Scotland,-3.21894266137368,55.1339319844371,0.0004146203003738583,2026
15246,Scotland,-3.14053600782971,55.1346911529582,0.00028115626364306324,2026
15247,Scotland,-3.06212577754105,55.1353998890641,0.00042682736498125834,2026
15248,Scotland,-2.98371221609331,55.1360581879217,0.0005642708505716637,2026
15249,Scotland,-2.90529556913762,55.1366660450417,0.00031225662323572715,2026
15250,Scotland,-2.82687608238578,55.1372234562784,0.0005913868577166677,2026
15251,North West,-2.74845400160542,55.1377304178301,0.00028115626364306324,2026
15252,North West,-2.67002957261519,55.1381869262388,0.00026110635082455516,2026
15253,North East,-2.59160304127993,55.1385929783905,0.0002804119857720487,2026
15254,North East,-2.51317465350584,55.1389485715153,0.0003791291852769927,2026
15255,North East,-2.43474465523563,55.1392537031874,0.000362498895230801,2026
15256,North East,-2.3563132924437,55.1395083713253,0.0006795873031719435,2026
15257,North East,-2.2778808111313,55.1397125741914,0.003684282261236957,2026
15258,North East,-2.19944745732169,55.1398663103928,0.002617224072738908,2026
15259,North East,-2.12101347705529,55.1399695788805,0.000960239235964002,2026
15260,North East,-2.04257911638485,55.14002237895,0.006683749292212259,2026
15261,North East,-1.9641446213706,55.1400247102412,0.004499354473622468,2026
15262,North East,-1.88571023807544,55.1399765727383,0.005864920121085847,2026
15263,North East,-1.80727621256003,55.1398779667699,0.004738673501486563,2026
15264,North East,-1.72884279087803,55.1397288930087,0.004623384991402118,2026
15265,North East,-1.6504102190712,55.139529352472,0.019658099314647653,2026
15266,North East,-1.57197874316456,55.1392793465214,0.025890135680543432,2026
15329,Northern Ireland,-6.97903770286605,55.0831243199453,0.001470617149022049,2026
15330,Northern Ireland,-6.90100268538186,55.0862971188641,0.0010523340827758305,2026
15331,Northern Ireland,-6.82295241571159,55.0894200356423,0.00032029495478110806,2026
15332,Northern Ireland,-6.74488713162488,55.0924930491659,0.0009963756953757007,2026
15333,Northern Ireland,-6.66680707118207,55.0955161386508,0.0011016118964551388,2026
15334,Northern Ireland,-6.58871247272974,55.0984892836436,0.0011883009974860703,2026
15335,Northern Ireland,-6.51060357489627,55.101412464022,0.0010004647597882071,2026
15336,Northern Ireland,-6.43248061658735,55.1042856599953,0.000991067841215443,2026
15337,Northern Ireland,-6.35434383698156,55.1071088521047,0.0009963756953757007,2026
15338,Northern Ireland,-6.27619347552584,55.1098820212242,0.0001883702658961756,2026
15339,Northern Ireland,-6.198029771931,55.1126051485604,0.00025662176217592823,2026
15340,Northern Ireland,-6.11985296616719,55.1152782156534,0.0003996396524561262,2026
15341,Northern Ireland,-6.04166329845939,55.1179012043774,0.0008187686161402514,2026
15355,Scotland,-4.94579253979584,55.1493554652394,0.001335721219864805,2026
15356,Scotland,-4.86743892921665,55.1512253315563,0.0009432934534533574,2026
15357,Scotland,-4.78907633120976,55.1530448752151,0.0005167786355779372,2026
15358,Scotland,-4.71070498962835,55.1548140838242,0.0002347405009008077,2026
15359,Scotland,-4.63232514849701,55.1565329453322,0.0002347405009008077,2026
15360,Scotland,-4.55393705200702,55.1582014480286,0.0002343549424980139,2026
15361,Scotland,-4.47554094451163,55.1598195805435,0.0002343549424980139,2026
15362,Scotland,-4.39713707052132,55.1613873318486,0.00023143950167739006,2026
15363,Scotland,-4.318725674699,55.1629046912566,0.00023143950167739006,2026
15364,Scotland,-4.24030700185535,55.1643716484224,0.00037852619820111607,2026
15365,Scotland,-4.16188129694396,55.1657881933424,0.0004041764431894709,2026
15366,Scotland,-4.08344880505661,55.1671543163555,0.00022846367739941066,2026
15367,Scotland,-4.00500977141847,55.1684700081428,0.00024962191029399144,2026
15368,Scotland,-3.92656444138333,55.1697352597284,0.0004001472695759548,2026
15369,Scotland,-3.84811306042879,55.1709500624788,0.0008650322237810314,2026
15370,Scotland,-3.7696558741515,55.1721144081039,0.0008980030058340414,2026
15371,Scotland,-3.69119312826231,55.1732282886569,0.0005812310545839298,2026
15372,Scotland,-3.61272506858147,55.1742916965341,0.0006291737266728414,2026
15373,Scotland,-3.53425194103386,55.1753046244759,0.0006091568271541763,2026
15374,Scotland,-3.45577399164411,55.1762670655662,0.0009759794180369363,2026
15375,Scotland,-3.3772914665318,55.177179013233,0.0008318815883698498,2026
15376,Scotland,-3.29880461190666,55.1780404612484,0.0006476798183093299,2026
15377,Scotland,-3.22031367406368,55.1788514037288,0.00028115626364306324,2026
15378,Scotland,-3.14181889937831,55.179611835135,0.00028115626364306324,2026
15379,Scotland,-3.06332053430162,55.1803217502725,0.0004207208963293331,2026
15380,Scotland,-2.98481882535542,55.1809811442913,0.0004470389030422324,2026
15381,Scotland,-2.90631401912745,55.1815900126863,0.00031225662323572715,2026
15382,Scotland,-2.82780636226651,55.1821483512974,0.0004925834043309704,2026
15383,Scotland,-2.7492961014776,55.1826561563092,0.00028115626364306324,2026
15384,North East,-2.67078348351705,55.1831134242517,0.00026110635082455516,2026
15385,North East,-2.59226875518772,55.183520152,0.0003791291852769927,2026
15386,North East,-2.51375216333404,55.1838763367745,0.0003796215767131218,2026
15387,North East,-2.43523395483723,55.1841819761408,0.0005143661990846166,2026
15388,North East,-2.35671437661039,55.18443706801,0.0004713185863601827,2026
15389,North East,-2.27819367559363,55.1846416106386,0.00033892199308769666,2026
15390,North East,-2.19967209874923,55.1847956026285,0.0011130913561900628,2026
15391,North East,-2.12114989305673,55.1848990429273,0.001986943613766013,2026
15392,North East,-2.0426273055081,55.1849519308279,0.0006950513239349426,2026
15393,North East,-1.9641045831028,55.184954265969,0.0019312670413995509,2026
15394,North East,-1.88558197284301,55.1849060483346,0.00687268997327271,2026
15395,North East,-1.80705972172865,55.1848072782545,0.005104733390875766,2026
15396,North East,-1.72853807675258,55.1846579564039,0.005135005659440648,2026
15397,North East,-1.65001728489568,55.1844580838035,0.009611731121854108,2026
15398,North East,-1.57149759312203,55.1842076618198,0.011063359043683002,2026
15462,Northern Ireland,-6.90649817141972,55.131062485502,0.0008602703374658552,2026
15463,Northern Ireland,-6.82836122543374,55.1341905766302,0.0008697383965137122,2026
15464,Northern Ireland,-6.75020920812991,55.1372686826085,0.0009140034321750463,2026
15465,Northern Ireland,-6.67204235845531,55.1402967825807,0.001054092010805131,2026
15466,Northern Ireland,-6.5938609156451,55.143274856022,0.0013488629442282457,2026
15467,Northern Ireland,-6.51566511921803,55.14620288274,0.0009843877985964535,2026
15468,Northern Ireland,-6.43745520897196,55.1490808428749,0.000991067841215443,2026
15469,Northern Ireland,-6.35923142497934,55.1519087169,0.0009445260547181249,2026
15470,Northern Ireland,-6.28099400758272,55.1546864856225,0.0009106694842131036,2026
15471,Northern Ireland,-6.2027431973902,55.1574141301836,0.0007855275215462446,2026
15472,Northern Ireland,-6.12447923527089,55.1600916320588,0.00038326599234005554,2026
15473,Northern Ireland,-6.04620236235035,55.162718973059,0.0004351410224758674,2026
15488,Scotland,-4.87066466909486,55.1960984441381,0.0013184575372210156,2026
15489,Scotland,-4.79221420785663,55.1979210123104,0.0008191896571518721,2026
15490,Scotland,-4.71375496971788,55.1996931620281,0.00039728606277201367,2026
15491,Scotland,-4.63528719962816,55.2014148811978,0.0002488595524745752,2026
15492,Scotland,-4.55681114270477,55.2030861580676,0.0002484508094652098,2026
15493,Scotland,-4.47832704422804,55.2047069812281,0.00023551269038292203,2026
15494,Scotland,-4.39983514963651,55.2062773396119,0.00023551269038292203,2026
15495,Scotland,-4.32133570452218,55.2077972224945,0.00022215070502875004,2026
15496,Scotland,-4.24282895462571,55.209266619494,0.0003562739977934014,2026
15497,Scotland,-4.16431514583163,55.2106855205721,0.00024962191029399144,2026
15498,Scotland,-4.08579452416355,55.2120539160336,0.00024962191029399144,2026
15499,Scotland,-4.00726733577931,55.2133717965268,0.00024962191029399144,2026
15500,Scotland,-3.92873382696621,55.2146391530443,0.0003751829061896008,2026
15501,Scotland,-3.85019424413617,55.2158559769222,0.0006856896932598533,2026
15502,Scotland,-3.77164883382091,55.2170222598414,0.000930439948821108,2026
15503,Scotland,-3.69309784266707,55.218137993827,0.000436041236453885,2026
15504,Scotland,-3.61454151743144,55.2192031712487,0.00027723503561036066,2026
15505,Scotland,-3.53598010497608,55.2202177848212,0.0002966720931071327,2026
15506,Scotland,-3.45741385226346,55.2211818276042,0.0007948074873445152,2026
15507,Scotland,-3.3788430063516,55.2220952930025,0.0007948074873445152,2026
15508,Scotland,-3.30026781438926,55.2229581747664,0.0005754047202011534,2026
15509,Scotland,-3.221688523611,55.2237704669915,0.0002453563764916373,2026
15510,Scotland,-3.14310538133239,55.2245321641192,0.0003788571218771826,2026
15511,Scotland,-3.06451863494505,55.2252432609367,0.00024962191029399144,2026
15512,Scotland,-2.98592853191186,55.2259037525768,0.00028115626364306324,2026
15513,Scotland,-2.90733531976202,55.2265136345187,0.00031225662323572715,2026
15514,Scotland,-2.82873924608618,55.2270729025875,0.0003117437852500244,2026
15515,Scotland,-2.75014055853157,55.2275815529545,0.0004304309867312201,2026
15516,Scotland,-2.67153950479709,55.2280395821375,0.0002850378152482233,2026
15517,North East,-2.59293633262842,55.2284469870006,0.00039562097631462074,2026
15518,North East,-2.51433128981315,55.2288037647542,0.0003061123487687018,2026
15519,North East,-2.43572462417585,55.2291099129556,0.00031046787677345883,2026
15520,North East,-2.35711658357318,55.2293654295084,0.0003065846518738418,2026
15521,North East,-2.278507415889,55.2295703126629,0.00041451194638351436,2026
15522,North East,-2.19989736902946,55.2297245610163,0.00241720857064341,2026
15523,North East,-2.12128669091812,55.2298281735123,0.002432128370501477,2026
15524,North East,-2.042675629491,55.2298811494415,0.0008254920389875951,2026
15525,North East,-1.96406443269171,55.229883488441,0.0008801375531626248,2026
15526,North East,-1.88545334846655,55.2298351904951,0.002784237139160724,2026
15527,North East,-1.80684262475959,55.2297362559346,0.004692029134152041,2026
15528,North East,-1.72823250950775,55.229586685437,0.005244048132913422,2026
15529,North East,-1.64962325063594,55.2293864800268,0.006455112967760037,2026
15530,North East,-1.57101509605211,55.2291356410751,0.019025581616293887,2026
15594,,-6.91200896748114,55.175827152249,0.0012040195323661399,2026
15597,Northern Ireland,-6.67729223891312,55.18507676065,0.0010113133092631015,2026
15598,Northern Ireland,-6.59902371222554,55.1880597735255,0.0010795938208603161,2026
15599,Northern Ireland,-6.52074077740629,55.1909926573893,0.0009030057016681652,2026
15600,Northern Ireland,-6.44244367514986,55.1938753923122,0.0008968229240717501,2026
15601,Northern Ireland,-6.36413264642713,55.1967079586994,0.0009742327071039238,2026
15602,Northern Ireland,-6.28580793248077,55.199490337291,0.001610812011754209,2026
15603,Northern Ireland,-6.20746977482072,55.2022225091621,0.0008023309365220111,2026
15604,Northern Ireland,-6.1291184152196,55.2049044557238,0.0006020226329248002,2026
15621,Scotland,-4.79536086143481,55.2427966970581,0.0009565840545527896,2026
15622,Scotland,-4.7168134817884,55.2445717944825,0.00039533555129802743,2026
15623,Scotland,-4.63825753762221,55.2462963777259,0.00026693005973995123,2026
15624,Scotland,-4.55969327498434,55.2479704349952,0.00028742703669735705,2026
15625,Scotland,-4.48112094008693,55.2495939548408,0.00025302987404174614,2026
15626,Scotland,-4.40254077930141,55.2511669261563,0.0002359001530515057,2026
15627,Scotland,-4.32395303915361,55.2526893381796,0.0002359001530515057,2026
15628,Scotland,-4.245357966319,55.2541611804925,0.00025359780804776655,2026
15629,Scotland,-4.16675580761785,55.255582443021,0.00023920999577308128,2026
15630,Scotland,-4.08814681001039,55.256953116036,0.00024962191029399144,2026
15631,Scotland,-4.00953122059196,55.2582731901529,0.00024962191029399144,2026
15632,Scotland,-3.93090928658821,55.2595426563324,0.0002966720931071327,2026
15633,Scotland,-3.85228125535017,55.2607615058805,0.0004233158473516197,2026
15634,Scotland,-3.77364737434947,55.2619297304484,0.0005275473656685283,2026
15635,Scotland,-3.69500789117341,55.2630473220333,0.0002492119154510105,2026
15636,Scotland,-3.61636305352015,55.2641142729781,0.0002492119154510105,2026
15637,Scotland,-3.53771310919378,55.2651305759717,0.00024962191029399144,2026
15638,Scotland,-3.45905830609945,55.2660962240494,0.0004325095623851525,2026
15639,Scotland,-3.38039889223851,55.2670112105929,0.0003985029299969969,2026
15640,Scotland,-3.30173511570358,55.2678755293303,0.0002680786384135315,2026
15641,Scotland,-3.22306722467371,55.2686891743365,0.00024896108948785014,2026
15642,Scotland,-3.1443954674094,55.2694521400332,0.00024896108948785014,2026
15643,Scotland,-3.06572009224776,55.2701644211893,0.00024896108948785014,2026
15644,Scotland,-2.98704134759758,55.2708260129206,0.0002492119154510105,2026
15645,Scotland,-2.9083594819344,55.2714369106901,0.0002806944893218655,2026
15646,Scotland,-2.82967474379564,55.2719971103084,0.0002806944893218655,2026
15647,Scotland,-2.75098738177563,55.2725066079331,0.00028115626364306324,2026
15648,Scotland,-2.67229764452072,55.2729654000699,0.00028115626364306324,2026
15649,North East,-2.59360578072435,55.2733734835718,0.00037410801639753595,2026
15650,North East,-2.51491203912212,55.2737308556394,0.00032961705623017263,2026
15651,North East,-2.43621666848685,55.2740375138212,0.0003019438977473378,2026
15652,North East,-2.35751991762368,55.2742934560136,0.00033468299308420064,2026
15653,North East,-2.27882203536512,55.2744986804608,0.00033397649243455894,2026
15654,North East,-2.20012327056611,55.2746531857548,0.0003024305567832596,2026
15655,North East,-2.12142387209908,55.2747569708357,0.00041407465187111276,2026
15656,North East,-2.04272408884906,55.2748100349915,0.00041444002019734756,2026
15657,North East,-1.96402416970869,55.2748123778583,0.0008933974151817056,2026
15658,North East,-1.8853243635733,55.2747639994201,0.00682944235292573,2026
15659,North East,-1.80662491933599,55.2746649000089,0.01018696345220835,2026
15660,North East,-1.72792608588269,55.2745150803046,0.00712963901402135,2026
15661,North East,-1.6492281120872,55.2743145413354,0.006118620178534333,2026
15662,North East,-1.57053124680627,55.2740632844772,0.04681836129474105,2026
15731,,-6.5258306030795,55.23578178695,0.0013327474271556047,2026
15733,Northern Ireland,-6.36904755314484,55.2415065765655,0.0013021296103755287,2026
15753,Scotland,-4.79851632544301,55.2876719291901,0.0025135432264620124,2026
15754,Scotland,-4.71988055840891,55.2894499809451,0.0013869640496783297,2026
15755,Scotland,-4.64123619411736,55.2911774346995,0.0006899442567317443,2026
15756,Scotland,-4.56258347955206,55.2928542786186,0.0006657711378359449,2026
15757,Scotland,-4.48392266186179,55.2944805012126,0.00028868591322934583,2026
15758,Scotland,-4.40525398835564,55.296056091336,0.0002724597769554527,2026
15759,Scotland,-4.32657770649811,55.2975810381887,0.0002724597769554527,2026
15760,Scotland,-4.24789406390431,55.2990553313158,0.00025401501657658354,2026
15761,Scotland,-4.16920330833507,55.300478960608,0.00026796930653348486,2026
15762,Scotland,-4.09050568769208,55.3018519163017,0.0002523511786604842,2026
15763,Scotland,-4.01180145001305,55.3031741889794,0.00024962191029399144,2026
15764,Scotland,-3.93309084346678,55.3044457695699,0.0002492119154510105,2026
15765,Scotland,-3.85437411634833,55.3056666493484,0.00024962191029399144,2026
15766,Scotland,-3.77565151707408,55.306836819937,0.0004769215482225814,2026
15767,Scotland,-3.69692329417687,55.3079562733043,0.00023143950167739006,2026
15768,Scotland,-3.61818969630109,55.3090250017664,0.00023182026473833896,2026
15769,Scotland,-3.53945097219773,55.3100429979865,0.00023182026473833896,2026
15770,Scotland,-3.46070737071956,55.3110102549753,0.00044291733872812446,2026
15771,Scotland,-3.38195914081609,55.3119267660909,0.00024855217974899523,2026
15772,Scotland,-3.30320653152877,55.3127925250395,0.00024855217974899523,2026
15773,Scotland,-3.22444979198595,55.3136075258751,0.00028625113129321063,2026
15774,Scotland,-3.14568917139804,55.3143717629997,0.00024896108948785014,2026
15775,Scotland,-3.0669249190525,55.3150852311637,0.00024896108948785014,2026
15776,Scotland,-2.98815728430897,55.3157479254656,0.00024962191029399144,2026
15777,Scotland,-2.90938651659425,55.3163598413526,0.00024962191029399144,2026
15778,Scotland,-2.83061286539743,55.3169209746202,0.0002666847850645291,2026
15779,Scotland,-2.75183658026487,55.3174313214129,0.00028115626364306324,2026
15780,Scotland,-2.67305791079529,55.3178908782236,0.00028115626364306324,2026
15781,Scotland,-2.5942771066348,55.3182996418943,0.00028115626364306324,2026
15782,North East,-2.51549441747197,55.3186576096158,0.0003019438977473378,2026
15783,North East,-2.43671009303279,55.318964778928,0.00033892199308769666,2026
15784,North East,-2.35792438307582,55.3192211477198,0.00041451194638351436,2026
15785,North East,-2.27913753738713,55.3194267142292,0.00036959187308257483,2026
15786,North East,-2.20034980577538,55.3195814770432,0.000330148302837325,2026
15787,North East,-2.12156143806685,55.3196854350982,0.0003860414553254465,2026
15788,North East,-2.04277268410048,55.3197385876798,0.00259754453394188,2026
15789,North East,-1.96398379372287,55.3197409344226,0.008606293204322582,2026
15790,North East,-1.88519501678334,55.3196924753106,0.0040016410708554615,2026
15791,North East,-1.80640660312896,55.319593210677,0.010055328101820481,2026
15792,North East,-1.72761880259958,55.3194431412042,0.009120825940795706,2026
15793,North East,-1.64883186502284,55.3192422679238,0.006094820975262126,2026
15794,North East,-1.57004604020924,55.3189905922167,0.04119462704608395,2026
15873,Scotland,-5.74561029912234,55.3072261525467,0.0006640433227629127,2026
15885,Scotland,-4.80168063355357,55.3325467084364,0.002083414679406838,2026
15886,Scotland,-4.72295623231723,55.334327721172,0.0014885061201831422,2026
15887,Scotland,-4.64422320091586,55.3360580518999,0.001493373165001072,2026
15888,Scotland,-4.56548178727354,55.3377376887439,0.0011668858291729563,2026
15889,Scotland,-4.48673223948054,55.3393666201735,0.0003813471457726794,2026
15890,Scotland,-4.40797480578845,55.340944835004,0.00037968435362471727,2026
15891,Scotland,-4.3292097346053,55.3424723223971,0.00028742703669735705,2026
15892,Scotland,-4.25043727449068,55.3439490718612,0.00028742703669735705,2026
15893,Scotland,-4.17165767415085,55.3453750732512,0.00026752918482830584,2026
15894,Scotland,-4.09287118243384,55.3467503167691,0.0002527663368051968,2026
15895,Scotland,-4.01407804832459,55.3480747929642,0.00024962191029399144,2026
15896,Scotland,-3.93527852093997,55.3493484927332,0.00024962191029399144,2026
15897,Scotland,-3.85647284952391,55.3505714073207,0.00037353888872523834,2026
15898,Scotland,-3.77766128344248,55.3517435283189,0.0002492119154510105,2026
15899,Scotland,-3.69884407217893,55.3528648476684,0.00012977349095769417,2026
15900,Scotland,-3.6200214653288,55.3539353576579,0.00023182026473833896,2026
15901,Scotland,-3.54119371259493,55.3549550509248,0.00023143950167739006,2026
15902,Scotland,-3.46236106378255,55.3559239204551,0.00023143950167739006,2026
15903,Scotland,-3.38352376879434,55.3568419595835,0.00024855217974899523,2026
15904,Scotland,-3.30468207762543,55.3577091619939,0.00013937001396204348,2026
15905,Scotland,-3.22583624035847,55.3585255217192,0.00024855217974899523,2026
15906,Scotland,-3.14698650715867,55.3592910331419,0.00024896108948785014,2026
15907,Scotland,-3.06813312826881,55.3600056909935,0.00024896108948785014,2026
15908,Scotland,-2.9892763540043,55.3606694903554,0.00024962191029399144,2026
15909,Scotland,-2.91041643474816,55.3612824266586,0.00042671059318226043,2026
15910,Scotland,-2.83155362094608,55.3618444956839,0.0004387552326424424,2026
15911,Scotland,-2.75268816310143,55.362355693562,0.0002890935703850383,2026
15912,Scotland,-2.67382031177026,55.3628160167735,0.0004387552326424424,2026
15913,Scotland,-2.5949503175563,55.3632254621492,0.000390865869847289,2026
15914,Scotland,-2.51607843110603,55.3635840268701,0.0003727395584876228,2026
15915,Scotland,-2.4372049031036,55.3638917084671,0.00040123231875703206,2026
15916,Scotland,-2.35832998426593,55.3641485048219,0.00033892199308769666,2026
15917,North East,-2.27945392533763,55.3643544141661,0.00033892199308769666,2026
15918,North East,-2.20057697708606,55.3645094350818,0.0003703492545530707,2026
15919,North East,-2.12169939029629,55.3646135665017,0.0004352301457645383,2026
15920,North East,-2.04282141576614,55.3646668077087,0.0007074195012641338,2026
15921,North East,-1.96394330430115,55.3646691583363,0.005283099549053812,2026
15922,North East,-1.88506530670961,55.3646206183683,0.0009604502666437601,2026
15923,North East,-1.80618767379751,55.3645211881392,0.00257676474624453,2026
15924,North East,-1.72731065636358,55.3643708683337,0.005846845863689339,2026
15925,North East,-1.64843450519429,55.3641696599871,0.008750098214117845,2026
16005,Scotland,-5.74984714604728,55.3520583164334,0.0006302634488219386,2026
16006,Scotland,-5.67115716606422,55.3544504357805,0.0012244676811220482,2026
16007,Scotland,-5.59245555122093,55.3567919588898,0.001999091735225906,2026
16018,Scotland,-4.72604053642117,55.3792050149177,0.0019669052698680117,2026
16019,Scotland,-4.64721858998508,55.3809382291074,0.0019636963655636367,2026
16020,Scotland,-4.56838822917467,55.382620665176,0.001406816447357055,2026
16021,Scotland,-4.48954970302655,55.3842523115524,0.0006886269649805149,2026
16022,Scotland,-4.4107032607397,55.3858331570124,0.00040112781085780964,2026
16023,Scotland,-4.33184915167054,55.3873631906796,0.00036835200843540126,2026
16024,Scotland,-4.25298762532803,55.3888424020252,0.000305883543264664,2026
16025,Scotland,-4.17411893136876,55.3902707808682,0.0002869549661417125,2026
16026,Scotland,-4.09524331959202,55.3916483173761,0.00026752918482830584,2026
16027,Scotland,-4.01636103993487,55.3929750020648,0.00037353888872523834,2026
16028,Scotland,-3.93747234246715,55.3942508257987,0.00024962191029399144,2026
16029,Scotland,-3.85857747738662,55.3954757797916,0.00024962191029399144,2026
16030,Scotland,-3.77967669501393,55.396649855606,0.00013973998634474196,2026
16031,Scotland,-3.70077024578771,55.3977730451538,0.00012977349095769417,2026
16032,Scotland,-3.62185838025956,55.3988453406967,0.00012977349095769417,2026
16033,Scotland,-3.54294134908913,55.3998667348459,0.00012977349095769417,2026
16034,Scotland,-3.46401940303909,55.4008372205625,0.00023143950167739006,2026
16035,Scotland,-3.38509279297018,55.4017567911579,0.00012977349095769417,2026
16036,Scotland,-3.30616176983621,55.4026254402934,0.00013937001396204348,2026
16037,Scotland,-3.22722658467909,55.403443161981,0.00024855217974899523,2026
16038,Scotland,-3.1482874886238,55.4042099505831,0.00024896108948785014,2026
16039,Scotland,-3.0693447328734,55.4049258008128,0.00021217059905178566,2026
16040,Scotland,-2.99039856870406,55.4055907077339,0.0002916063195184604,2026
16041,Scotland,-2.91144924746,55.4062046667613,0.0004387552326424424,2026
16042,Scotland,-2.8324970205485,55.4067676736608,0.0004969625785351741,2026
16043,Scotland,-2.7535421394349,55.4072797245495,0.0005350483453209619,2026
16044,Scotland,-2.67458485563756,55.4077408158956,0.0008080559677536834,2026
16045,Scotland,-2.59562542072286,55.4081509445185,0.0006074036805759216,2026
16046,Scotland,-2.51666408630015,55.4085101075892,0.001508358118610348,2026
16047,Scotland,-2.43770110401676,55.4088183026302,0.0005959960885636305,2026
16048,Scotland,-2.35873672555295,55.4090755275153,0.00037361162716914456,2026
16049,North East,-2.27977120261687,55.4092817804701,0.0002890935703850383,2026
16050,North East,-2.20080478693957,55.4094370600716,0.00031558936814641626,2026
16051,North East,-2.12183773026992,55.4095413652487,0.00031402297301035546,2026
16052,North East,-2.04287028436963,55.4095946952817,0.0004862633372662072,2026
16053,North East,-1.96390270100818,55.4095970498029,0.002145024100839242,2026
16054,North East,-1.8849352319578,55.409548428796,0.010888959666842333,2026
16055,North East,-1.80596812898842,55.4094488325967,0.007117057359125464,2026
16056,North East,-1.72700164386266,55.4092982618921,0.008277936818231637,2026
16057,North East,-1.64803602833082,55.4090967177213,0.0319956664683391,2026
16137,Scotland,-5.75409587412712,55.3968899318097,0.0006492180665707141,2026
16138,Scotland,-5.67531723617443,55.3992860343985,0.0010958101078574688,2026
16139,Scotland,-5.59652691880473,55.4016314569652,0.0005175402357012202,2026
16150,Scotland,-4.72913350379952,55.4240818619355,0.003096869679437725,2026
16151,Scotland,-4.65022239345856,55.4258179661005,0.0023063702457418113,2026
16152,Scotland,-4.57130283644265,55.4275032077184,0.0019963452572078814,2026
16153,Scotland,-4.49237508273964,55.429137575177,0.0012631472741802816,2026
16154,Scotland,-4.4134393825008,55.4307210572125,0.0007822201833867043,2026
16155,Scotland,-4.33449598603585,55.43225364291,0.000658766590625981,2026
16156,Scotland,-4.25554514380806,55.4337353217034,0.0005827176849647833,2026
16157,Scotland,-4.17658710642927,55.4351660833759,0.00024936626372035507,2026
16158,Scotland,-4.09762212465494,55.43654591806,0.0002396035397465892,2026
16159,Scotland,-4.01865044937919,55.437874816238,0.00024962191029399144,2026
16160,Scotland,-3.93967233162983,55.4391527687423,0.00024962191029399144,2026
16161,Scotland,-3.86068802256335,55.4403797667553,0.00024962191029399144,2026
16162,Scotland,-3.78169777345998,55.4415558018097,0.00024962191029399144,2026
16163,Scotland,-3.70270183571865,55.4426808657888,0.00023182026473833896,2026
16164,Scotland,-3.62370046085205,55.4437549509269,0.00023182026473833896,2026
16165,Scotland,-3.54469390048156,55.444778049809,0.00012977349095769417,2026
16166,Scotland,-3.46568240633229,55.4457501553713,0.00012977349095769417,2026
16167,Scotland,-3.38666623022805,55.4466712609015,0.00012977349095769417,2026
16168,Scotland,-3.30764562408631,55.4475413600385,0.00012977349095769417,2026
16169,Scotland,-3.22862083991323,55.448360446773,0.00023182026473833896,2026
16170,Scotland,-3.14959212979855,55.4491285154474,0.00023182026473833896,2026
16171,Scotland,-3.07055974591065,55.4498455607561,0.00023182026473833896,2026
16172,Scotland,-2.99152394049144,55.4505115777455,0.00026712351798902523,2026
16173,Scotland,-2.91248496585134,55.4511265618142,0.0002645905607926681,2026
16174,Scotland,-2.83344307436425,55.451690508713,0.0002890935703850383,2026
16175,Scotland,-2.75439851846251,55.4522034145451,0.003109306107066692,2026
16176,Scotland,-2.67535155063182,55.4526652757662,0.0013163266737178678,2026
16177,Scotland,-2.59630242340619,55.4530760891847,0.0014529398019551404,2026
16178,Scotland,-2.51725138936291,55.4534358519614,0.0006990327642138925,2026
16179,Scotland,-2.43819870111747,55.4537445616099,0.0005902704680613731,2026
16180,Scotland,-2.35914461131853,55.4540022159966,0.0005851479458270874,2026
16181,Scotland,-2.28008937264281,55.4542088133407,0.00031558936814641626,2026
16182,Scotland,-2.20103323779007,55.4543643522143,0.00028861876350241145,2026
16183,North East,-2.12197645947803,55.4544688315424,0.00028861876350241145,2026
16184,North East,-2.0429192904373,55.4545222506028,0.0004790118268621421,2026
16185,North East,-1.96386198340633,55.4545246090264,0.0017638861649616412,2026
16186,North East,-1.88480479112634,55.454475906797,0.006356451139495487,2026
16187,North East,-1.80574796633623,55.4543761442514,0.005453440601233771,2026
16188,North East,-1.72669176176755,55.4542253220791,0.008345041067339172,2026
16189,North East,-1.64763643013943,55.4540234413229,0.01875661046614325,2026
16270,Scotland,-5.67948898574213,55.4441210928422,0.0010798743517640673,2026
16271,Scotland,-5.60060971842677,55.4464704236658,0.001196625284476092,2026
16275,Scotland,-5.28498037766538,55.4553597888139,0.001733415328730645,2026
16276,Scotland,-5.20604621918434,55.4574550640359,0.0012797408291060752,2026
16277,Scotland,-5.12710182997189,55.4594994834329,0.0005916975261342431,2026
16284,Scotland,-4.57422564042704,55.4723853161735,0.0035259132333737768,2026
16285,Scotland,-4.49520840901707,55.474022410874,0.0020232575980014553,2026
16286,Scotland,-4.4161832005157,55.4756085354544,0.0008798955940389297,2026
16287,Scotland,-4.33715026619089,55.4771436789612,0.0008452383245259308,2026
16288,Scotland,-4.25810985746516,55.4786278307909,0.00047457733304447325,2026
16289,Scotland,-4.17906222591057,55.4800609806905,0.00025640633893345556,2026
16290,Scotland,-4.10000762324372,55.4814431187575,0.0002396035397465892,2026
16291,Scotland,-4.02094630132077,55.4827742354406,0.00024962191029399144,2026
16292,Scotland,-3.94187851213244,55.4840543215396,0.00024962191029399144,2026
16293,Scotland,-3.86280450779898,55.4852833682056,0.00022846367739941066,2026
16294,Scotland,-3.78372454056515,55.4864613669414,0.00024962191029399144,2026
16295,Scotland,-3.70463886279524,55.4875883096015,0.00023182026473833896,2026
16296,Scotland,-3.62554772696796,55.4886641883927,0.00023182026473833896,2026
16297,Scotland,-3.54645138567149,55.4896889958736,0.00023182026473833896,2026
16298,Scotland,-3.46735009159837,55.4906627249554,0.00023182026473833896,2026
16299,Scotland,-3.38824409754048,55.491585368902,0.00023143950167739006,2026
16300,Scotland,-3.30913365638402,55.4924569213297,0.00023143950167739006,2026
16301,Scotland,-3.23001902110437,55.4932773762079,0.00023182026473833896,2026
16302,Scotland,-3.15090044476114,55.4940467278591,0.00023182026473833896,2026
16303,Scotland,-3.07177818049299,55.4947649709585,0.00023836510174539592,2026
16304,Scotland,-2.99265248151264,55.4954321005353,0.0002890935703850383,2026
16305,Scotland,-2.91352360110178,55.4960481119715,0.0002890935703850383,2026
16306,Scotland,-2.83439179260596,55.4966130010029,0.0004451646672867691,2026
16307,Scotland,-2.75525730942956,55.4971267637189,0.0009391211266909883,2026
16308,Scotland,-2.67612040503065,55.4975893965627,0.004830116340859704,2026
16309,Scotland,-2.59698133291598,55.4980008963312,0.0038515326902230063,2026
16310,Scotland,-2.5178403466358,55.4983612601752,0.0008338630420937828,2026
16311,Scotland,-2.43869769977884,55.4986704855995,0.0012898883936849138,2026
16312,Scotland,-2.35955364596721,55.4989285704628,0.0010735014969858634,2026
16313,Scotland,-2.28040843885126,55.4991355129782,0.0004406046120725368,2026
16314,North East,-2.20126233210454,55.4992913117125,0.0003162011466115048,2026
16315,North East,-2.12211557941865,55.499395965587,0.0004083578163264041,2026
16316,North East,-2.04296843449821,55.499449473877,0.0005493301029856378,2026
16317,North East,-1.96382115105568,55.4994518362119,0.00720507000139438,2026
16318,North East,-1.88467398280633,55.4994030525756,0.012957852567294302,2026
16319,North East,-1.80552718346312,55.499303123306,0.00580547651100062,2026
16320,North East,-1.72638100673157,55.4991520490952,0.01806812190354166,2026
16321,North East,-1.64723570630472,55.4989498309896,0.02015667521180661,2026
16402,Scotland,-5.6836724595559,55.4889556104933,0.0005001690373575446,2026
16403,Scotland,-5.60470399393612,55.4913088584079,0.00037193650592576494,2026
16404,Scotland,-5.52572400839195,55.4936112419441,0.0009012852381961971,2026
16407,Scotland,-5.28871742865251,55.5002130492119,0.0012474043120605828,2026
16408,Scotland,-5.20969386095467,55.5023118199002,0.000347022270980199,2026
16409,Scotland,-5.13066002319175,55.5043596502804,0.0006573927988163298,2026
16416,Scotland,-4.57715667264081,55.5172669903425,0.0031907320007605483,2026
16417,Scotland,-4.4980497124146,55.5189068184688,0.00297356230232833,2026
16418,Scotland,-4.41893474438189,55.5204955915872,0.0013581669408317778,2026
16419,Scotland,-4.3398120207739,55.5220332987052,0.002287943267546346,2026
16420,Scotland,-4.26068179397736,55.5235199291818,0.0007321145538742235,2026
16421,Scotland,-4.18154431652954,55.5249554727274,0.0004207602035270122,2026
16422,Scotland,-4.10239984111318,55.5263399194047,0.0002537368772893499,2026
16423,Scotland,-4.0232486205515,55.5276732596284,0.0002627983669668424,2026
16424,Scotland,-3.94409090780313,55.5289554841656,0.00033677272328705063,2026
16425,Scotland,-3.86492695595709,55.530186584136,0.00035527168414682247,2026
16426,Scotland,-3.78575701822772,55.5313665510122,0.0003222325593236679,2026
16427,Scotland,-3.70658134794966,55.5324953766199,0.0003061379709436942,2026
16428,Scotland,-3.62740019857272,55.5335730531381,0.00027723503561036066,2026
16429,Scotland,-3.54821382365689,55.534599573099,0.00027677969977670517,2026
16430,Scotland,-3.46902247686719,55.5355749293888,0.0002492119154510105,2026
16431,Scotland,-3.38982641196867,55.5364991152472,0.0002492119154510105,2026
16432,Scotland,-3.31062588282123,55.537372124268,0.0002492119154510105,2026
16433,Scotland,-3.23142114337463,55.5381939503991,0.0002492119154510105,2026
16434,Scotland,-3.15221244766331,55.5389645879428,0.00023836510174539592,2026
16435,Scotland,-3.07300004980137,55.5396840315555,0.0002550776682023763,2026
16436,Scotland,-2.99378420397738,55.5403522762486,0.0002890935703850383,2026
16437,Scotland,-2.91456516444936,55.5409693173878,0.00048788433846293683,2026
16438,Scotland,-2.8353431855396,55.5415351506938,0.0006118792888972171,2026
16439,Scotland,-2.75611852162961,55.542049772242,0.0016956772628983732,2026
16440,Scotland,-2.67689142715494,55.5425131784628,0.006831369724765028,2026
16441,Scotland,-2.59766215660012,55.5429253661419,0.0066875541363088835,2026
16442,Scotland,-2.51843096449348,55.54328633242,0.006322915606211806,2026
16443,Scotland,-2.43919810540208,55.5435960747929,0.0031974440845565525,2026
16444,Scotland,-2.35996383392656,55.5438545911119,0.003264704797460879,2026
16445,Scotland,-2.28072840469601,55.5440618795835,0.003485450348816447,2026
16446,North East,-2.20149207236284,55.5442179387696,0.0006446022023997572,2026
16447,North East,-2.12225509159768,55.5443227675875,0.0009357018402718724,2026
16448,North East,-2.0430177170842,55.54437636531,0.0022284063037278333,2026
16449,North East,-1.96378020351401,55.5443787315652,0.007924299909699605,2026
16450,North East,-1.88454280558153,55.5443298663369,0.007193272186919301,2026
16451,North East,-1.80530577797884,55.5442297699642,0.0041452496185652365,2026
16452,North East,-1.72606937539057,55.5440784431417,0.038323073544208594,2026
16453,North East,-1.64683385248874,55.5438758869195,0.010172314588625019,2026
16534,Scotland,-5.68786770263736,55.5337895867304,0.000504644372413262,2026
16535,Scotland,-5.60880978941002,55.536146760605,0.0003697884598538991,2026
16536,Scotland,-5.5297403119516,55.5384529856973,0.000371325688457278,2026
16539,Scotland,-5.29246500014359,55.5450658106542,0.0005562901638180482,2026
16540,Scotland,-5.21335177282623,55.5471680847332,0.0002484508094652098,2026
16541,Scotland,-5.13422823590491,55.5492193338313,0.0007627325906981711,2026
16547,,-4.6592846141554,55.5604545335608,0.0049287356872003835,2026
16548,Scotland,-4.58009596476142,55.562148230025,0.0030617638516923767,2026
16549,Scotland,-4.50089902364746,55.5637907977857,0.003749607896815003,2026
16550,Scotland,-4.42169404385139,55.5653822254589,0.001270177207000157,2026
16551,Scotland,-4.34248127857265,55.566922502013,0.0010654043068355804,2026
16552,Scotland,-4.26326098116722,55.5684116167693,0.0003810661796487732,2026
16553,Scotland,-4.1840334051426,55.5698495594016,0.00027723503561036066,2026
16554,Scotland,-4.1047988041527,55.5712363199374,0.00027723503561036066,2026
16555,Scotland,-4.02555743199282,55.5725718887571,0.00027723503561036066,2026
16556,Scotland,-3.94630954259457,55.5738562565952,0.00033677272328705063,2026
16557,Scotland,-3.86705539002077,55.5750894145397,0.0003520717571764279,2026
16558,Scotland,-3.78779522846042,55.5762713540331,0.00037810063247946336,2026
16559,Scotland,-3.70852931222354,55.5774020668719,0.0003056351789193519,2026
16560,Scotland,-3.62925789573614,55.5784815452072,0.0003056351789193519,2026
16561,Scotland,-3.54998123353508,55.5795097815448,0.00028506167394841745,2026
16562,Scotland,-3.47069958026295,55.5804867687455,0.00025624763424117366,2026
16563,Scotland,-3.39141319066302,55.581412500025,0.00025624763424117366,2026
16564,Scotland,-3.31212231957404,55.5822869689544,0.0002492119154510105,2026
16565,Scotland,-3.23282722192518,55.5831101694599,0.00025624763424117366,2026
16566,Scotland,-3.15352815273088,55.5838820958236,0.00023797359139710497,2026
16567,Scotland,-3.07422536708571,55.584602742683,0.0002550776682023763,2026
16568,Scotland,-2.99491912015924,55.5852721050316,0.0002890935703850383,2026
16569,Scotland,-2.91560966719092,55.5858901782186,0.00030435293030115634,2026
16570,Scotland,-2.83629726348489,55.5864569579495,0.0010225116129790662,2026
16571,Scotland,-2.75698216440491,55.5869724402857,0.005339778008252739,2026
16572,Scotland,-2.67766462536912,55.587436621645,0.003995220703050641,2026
16573,Scotland,-2.59834490184496,55.5878494988016,0.007010625325130515,2026
16574,Scotland,-2.51902324934396,55.588211068886,0.005651893008806095,2026
16575,Scotland,-2.43969992341664,55.5885213293852,0.006130401055429509,2026
16576,Scotland,-2.3603751796473,55.5887802781426,0.004935934202479042,2026
16577,North East,-2.28104927364889,55.5889879133585,0.007208000667897626,2026
16578,North East,-2.20172246105784,55.5891442335897,0.0028951582969489226,2026
16579,North East,-2.12239499752888,55.5892492377495,0.005100182567671647,2026
16580,North East,-2.04306713872991,55.5893029251083,0.00895792821020322,2026
16581,North East,-1.9637391403368,55.5893052952927,0.005117989383383234,2026
16582,North East,-1.88441125802826,55.5892563482866,0.008211087213771699,2026
16583,North East,-1.80508374748063,55.5891560844302,0.03027028493229878,2026
16584,North East,-1.72575686436276,55.5890045044206,0.034893174480824074,2026
16585,,-1.64643086433081,55.5888016093116,0.012508511945271545,2026
16666,Scotland,-5.69207476024267,55.5786230209284,0.0008495921996687465,2026
16667,Scotland,-5.61292714915541,55.5809841296671,0.0003697884598538991,2026
16668,Scotland,-5.53376792929921,55.5832942050305,0.0003811182244147688,2026
16670,,-5.37541566926107,55.5877611920079,0.0007306074644578382,2026
16671,Scotland,-5.29622313263409,55.5899180726839,0.0003071856569852474,2026
16672,Scotland,-5.21701999433814,55.5920238581092,0.0002484508094652098,2026
16673,,-5.1378065066928,55.5940785336904,0.0007254002074805033,2026
16679,Scotland,-4.66232239994283,55.6053325074563,0.0020491281708753016,2026
16680,Scotland,-4.58304354863185,55.6070290350197,0.0030575993121074382,2026
16681,Scotland,-4.50375637359146,55.6086743486479,0.0038268305738987174,2026
16682,Scotland,-4.42446112883176,55.6102684369166,0.009430560579177304,2026
16683,Scotland,-4.34515806852545,55.6118112887549,0.0010109302283816941,2026
16684,Scotland,-4.26584744700283,55.613302893446,0.000748802685731327,2026
16685,Scotland,-4.18652951874665,55.6147432406272,0.0002715269171099603,2026
16686,Scotland,-4.10720453838708,55.6161323202903,0.00027723503561036066,2026
16687,Scotland,-4.02787276069657,55.6174701227817,0.00027723503561036066,2026
16688,Scotland,-3.94853444058476,55.6187566388027,0.0003577798835199299,2026
16689,Scotland,-3.86918983309339,55.6199918594098,0.00036293637470818994,2026
16690,Scotland,-3.78983919339118,55.6211757760149,0.000365299195602308,2026
16691,Scotland,-3.71048277676866,55.6223083803852,0.0003226312552093568,2026
16692,Scotland,-3.6311208386331,55.6233896646441,0.0003761636590169046,2026
16693,Scotland,-3.55175363450336,55.6244196212706,0.00033967425055981025,2026
16694,Scotland,-3.47238142000472,55.6253982431,0.0003007375728570726,2026
16695,Scotland,-3.39300445086378,55.6263255233239,0.0002531912683405873,2026
16696,Scotland,-3.31362298290325,55.6272014554904,0.0002531912683405873,2026
16697,Scotland,-3.23423727203686,55.6280260335043,0.0004109064216709195,2026
16698,Scotland,-3.15484757426415,55.6287992516272,0.00034995179816134717,2026
16699,Scotland,-3.07545414566533,55.6295211044774,0.0003941556754942399,2026
16700,Scotland,-2.9960572423961,55.6301915870306,0.00028861876350241145,2026
16701,Scotland,-2.91665712068247,55.6308106946195,0.00033257576844643836,2026
16702,Scotland,-2.83725403681561,55.6313784229342,0.000366172565516814,2026
16703,Scotland,-2.75784824714664,55.6318947680222,0.0016505615084151926,2026
16704,Scotland,-2.67844000808146,55.6323597262885,0.0038715263012096563,2026
16705,Scotland,-2.59902957607556,55.6327732944957,0.006702087386698329,2026
16706,Scotland,-2.51961720762886,55.633135469764,0.00542669688297429,2026
16707,Scotland,-2.44020315928046,55.6334462495716,0.005715058471588918,2026
16708,Scotland,-2.36078768760351,55.6337056317543,0.005683119703069865,2026
16709,North East,-2.28137104919997,55.6339136145058,0.005743505278171594,2026
16710,North East,-2.20195350069543,55.6340701963777,0.005254028473521036,2026
16711,North East,-2.12253529873394,55.6341753762797,0.016551153913763626,2026
16712,North East,-2.04311669997276,55.6342291534793,0.013042424271460244,2026
16713,North East,-1.96369796107719,55.634231527602,0.005741903898457165,2026
16714,North East,-1.88427933871539,55.6341824986314,0.008250578084579603,2026
16715,North East,-1.80486108955313,55.6340820669092,0.010953206009299098,2026
16791,Scotland,-6.25060914875123,55.6054706578678,0.0006086812321159935,2026
16799,Scotland,-5.6170561177104,55.6258209650009,0.00035133356135507343,2026
16800,Scotland,-5.53780690401726,55.6281348993849,0.00032831642605554576,2026
16802,Scotland,-5.37927452583732,55.6326093498289,0.0003383759797288366,2026
16803,Scotland,-5.29999186683096,55.6347698348411,0.00022215070502875004,2026
16804,Scotland,-5.22069856523605,55.6368791396001,0.00022215070502875004,2026
16805,Scotland,-5.14139487433842,55.6389372494605,0.0003811182244147688,2026
16810,Scotland,-4.74472945967901,55.6484593873563,0.0023213366497463485,2026
16811,Scotland,-4.66536876333291,55.6502100400101,0.0029413610131847827,2026
16812,Scotland,-4.5859994562617,55.6519094051236,0.0012443027743556671,2026
16813,Scotland,-4.50662179328397,55.6535574708774,0.004025795925434702,2026
16814,Scotland,-4.42723602938708,55.6551542258062,0.0012099018331336434,2026
16815,Scotland,-4.3478424197221,55.6566996588,0.0003732210325050093,2026
16816,Scotland,-4.26844121959868,55.6581937591036,0.0003732210325050093,2026
16817,Scotland,-4.18903268447996,55.6596365163176,0.0002857909195102939,2026
16818,Scotland,-4.10961706997743,55.661027920398,0.0002857909195102939,2026
16819,Scotland,-4.03019463184579,55.6623679616568,0.0003210716405108312,2026
16820,Scotland,-3.95076562597786,55.6636566307622,0.0006386558705137138,2026
16821,Scotland,-3.87133030839938,55.6648939187388,0.00067351275892069,2026
16822,Scotland,-3.79188893526391,55.6660798169679,0.0007370396640340918,2026
16823,Scotland,-3.71244176284764,55.6672143171875,0.0005446531937723269,2026
16824,Scotland,-3.63298904754423,55.6682974114927,0.00047853846191527884,2026
16825,Scotland,-3.55353104585968,55.6693290923358,0.00032721638405317334,2026
16826,Scotland,-3.4740680144071,55.6703093525264,0.0003001354394057018,2026
16827,Scotland,-3.39460020990157,55.671238185232,0.00028517640459973945,2026
16828,Scotland,-3.31512788915493,55.6721155839777,0.0002709430647080661,2026
16829,Scotland,-3.23565130907062,55.6729415426464,0.0003842737113514894,2026
16830,Scotland,-3.15617072663845,55.6737160554791,0.000234748929465751,2026
16831,Scotland,-3.07668639892944,55.6744391170753,0.0002546587147594342,2026
16832,Scotland,-2.99719858309058,55.6751107223925,0.00028861876350241145,2026
16833,Scotland,-2.91770753633964,55.6757308667469,0.0003167213149117471,2026
16834,Scotland,-2.83821351595996,55.676299545813,0.00035084427104911697,2026
16835,Scotland,-2.75871677929524,55.6768167556243,0.0010876428747867122,2026
16836,Scotland,-2.67921758374432,55.677282492573,0.001600279128291958,2026
16837,Scotland,-2.59971618675595,55.6776967534101,0.0039799650147509915,2026
16838,Scotland,-2.52021284582357,55.6780595352457,0.0070686840641401546,2026
16839,Scotland,-2.4407078184801,55.6783708355486,0.005543549109404983,2026
16840,Scotland,-2.36120136229272,55.6786306521472,0.004356441617529355,2026
16841,Scotland,-2.2816937348576,55.6788389832287,0.00523105354420861,2026
16842,North East,-2.2021851937947,55.6789958273395,0.0056451728107494315,2026
16843,North East,-2.12267599674256,55.6791011833853,0.007522431430187487,2026
16844,North East,-2.043166401353,55.6791550506311,0.011814604394845043,2026
16845,North East,-1.96365666528598,55.6791574287011,0.012231105506313312,2026
16846,North East,-1.88414704620427,55.6791083175788,0.025357351647099596,2026
16923,Scotland,-6.25547003983469,55.6502729624423,0.0010524494255914644,2026
16924,Scotland,-6.17623124203599,55.6529999092212,0.0012102962195825134,2026
16925,Scotland,-6.09697897902032,55.6556757754338,0.0012754575680383113,2026
16931,Scotland,-5.62119673984578,55.6706572660099,0.0004023414619639518,2026
16932,Scotland,-5.541857279916,55.6729750681986,0.00032831642605554576,2026
16935,Scotland,-5.30377124365404,55.6796210966636,0.0003811182244147688,2026
16936,Scotland,-5.2243875254735,55.6817339287752,0.0003811182244147688,2026
16941,Scotland,-4.82731758499904,55.6915286055797,0.002014541445722509,2026
16942,Scotland,-4.74787511107766,55.6933335487356,0.0015180884838339802,2026
16943,Scotland,-4.66842373747912,55.6950871309924,0.0010778313414742595,2026
16944,Scotland,-4.58896371982828,55.6967893401327,0.0008150013172071476,2026
16945,Scotland,-4.509495313925,55.6984401642948,0.0016396853919737452,2026
16946,Scotland,-4.43001877573902,55.7000395919727,0.0003823902600688004,2026
16947,Scotland,-4.35053436140487,55.7015876120165,0.00038748111178597545,2026
16948,Scotland,-4.27104232721669,55.703084213633,0.00040685179836567984,2026
16949,Scotland,-4.1915429296231,55.7045293863855,0.00029599678906484214,2026
16950,Scotland,-4.11203642522205,55.7059231201941,0.0002812608556207758,2026
16951,Scotland,-4.03252307075564,55.7072654053364,0.0004228818449071735,2026
16952,Scotland,-3.95300312310499,55.7085562324472,0.0008037100613318422,2026
16953,Scotland,-3.873476839285,55.7097955925191,0.0008545019022463402,2026
16954,Scotland,-3.79394447643924,55.7109834769027,0.0004415517043419333,2026
16955,Scotland,-3.71440629183469,55.7121198773064,0.000321109073120233,2026
16956,Scotland,-3.63486254285661,55.713204785797,0.00046543880173338854,2026
16957,Scotland,-3.55531348700328,55.7142381948,0.000321109073120233,2026
16958,Scotland,-3.47575938188083,55.7152200970994,0.0003159018456535738,2026
16959,Scotland,-3.39620048519801,55.7161504858382,0.00031364426881599515,2026
16960,Scotland,-3.31663705476098,55.7170293545181,0.0002709430647080661,2026
16961,Scotland,-3.23706934846808,55.7178566970006,0.0002563806456569055,2026
16962,Scotland,-3.15749762430459,55.7186325075059,0.0002409713222341257,2026
16963,Scotland,-3.07792214033754,55.7193567806141,0.000258290801814017,2026
16964,Scotland,-2.99834315471042,55.7200295112649,0.0002927350662127388,2026
16965,Scotland,-2.91876092563797,55.7206506947576,0.00035751692618414034,2026
16966,Scotland,-2.83917571140093,55.7212203267513,0.00035751692618414034,2026
16967,Scotland,-2.75958777034078,55.7217384032654,0.0012878308167173782,2026
16968,Scotland,-2.6799973608545,55.7222049206791,0.0009100482642041266,2026
16969,Scotland,-2.60040474138934,55.7226198757318,0.004482249247231353,2026
16970,Scotland,-2.52081017043751,55.7229832655232,0.006864446228331637,2026
16971,Scotland,-2.44121390653096,55.7232950875133,0.00353474263035801,2026
16972,Scotland,-2.36161620823611,55.7235553395224,0.004391731359368651,2026
16973,Scotland,-2.28201733414858,55.7237640197314,0.004138881505212023,2026
16974,Scotland,-2.20241754288795,55.7239211266815,0.005127616502772469,2026
16975,North East,-2.12281709309244,55.7240266592746,0.006527681792054423,2026
16976,North East,-2.04321624341372,55.7240806167728,0.005145890257778303,2026
16977,North East,-1.96361525251159,55.7240829987992,0.01678864779940156,2026
17052,Scotland,-6.49824774801098,55.686573345348,0.0006760264574420939,2026
17055,Scotland,-6.26034464752261,55.6950746546756,0.0014144725395747871,2026
17056,Scotland,-6.18101573908676,55.6978061576884,0.0004343284706618015,2026
17057,Scotland,-6.10167331344472,55.700486495406,0.0005925874347879794,2026
17064,Scotland,-5.54591910103488,55.7178147109063,0.00033027467785478215,2026
17065,Scotland,-5.46647765205354,55.7200850852579,0.00040413796020699334,2026
17073,Scotland,-4.83056303449754,55.7363992964325,0.0005657259067719705,2026
17074,Scotland,-4.75102966218552,55.7382072616153,0.0006846413762446458,2026
17075,Scotland,-4.67148735570886,55.7399637801719,0.0011230302677421905,2026
17076,Scotland,-4.59193637167769,55.7416688398415,0.0007987256604170081,2026
17077,Scotland,-4.51237696687826,55.7433224287198,0.0007421909764605012,2026
17078,Scotland,-4.43280939826783,55.7449245352598,0.00037219109110043396,2026
17079,Scotland,-4.35323392296953,55.7464751482719,0.00033462177577601977,2026
17080,Scotland,-4.27365079826712,55.7479742569242,0.0007701173436167795,2026
17081,Scotland,-4.19406028159986,55.7494218507427,0.000727603735453683,2026
17082,Scotland,-4.11446263055734,55.7508179196118,0.0006761943579734315,2026
17083,Scotland,-4.03485810287421,55.752162453774,0.0009071984004067028,2026
17084,Scotland,-3.95524695642507,55.7534554438309,0.0009334434498946482,2026
17085,Scotland,-3.87562944921917,55.7546968807427,0.0008759432261345332,2026
17086,Scotland,-3.79600583939527,55.7558867558292,0.00037593996905603414,2026
17087,Scotland,-3.71637638521636,55.7570250607691,0.0003768036445274071,2026
17088,Scotland,-3.63674134506445,55.7581117876009,0.0003768036445274071,2026
17089,Scotland,-3.55710097743536,55.759146928723,0.00036293637470818994,2026
17090,Scotland,-3.47745554093343,55.7601304768936,0.0003167213149117471,2026
17091,Scotland,-3.39780529426631,55.761062425231,0.00033257576844643836,2026
17092,Scotland,-3.31815049623969,55.7619427672139,0.0003101778065672882,2026
17093,Scotland,-3.23849140575205,55.7627714966817,0.0003252362574764732,2026
17094,Scotland,-3.15882828178938,55.763548607834,0.0005043479706378041,2026
17095,Scotland,-3.07916138341993,55.7642740952315,0.00043331131354689713,2026
17096,Scotland,-2.99949096978895,55.7649479537957,0.0004694133245429998,2026
17097,Scotland,-2.9198173001134,55.7655701788091,0.000552550658212294,2026
17098,Scotland,-2.84014063367664,55.7661407659154,0.000552550658212294,2026
17099,Scotland,-2.7604612298232,55.7666597111195,0.000571642465468692,2026
17100,Scotland,-2.68077934795349,55.7671270107878,0.0003259648769834777,2026
17101,Scotland,-2.60109524751846,55.7675426616481,0.00030613628241938387,2026
17102,Scotland,-2.52140918801437,55.7679066607896,0.0006756249476452041,2026
17103,Scotland,-2.44172142897745,55.7682190056632,0.0016652601583169873,2026
17104,Scotland,-2.36203222997864,55.7684796940816,0.0047627959971362765,2026
17105,Scotland,-2.28234185061828,55.7686887242189,0.007661963091401767,2026
17106,Scotland,-2.20265055052079,55.7688460946112,0.006573577949378652,2026
17107,Scotland,-2.12295858932942,55.7689518041564,0.0082897532304144,2026
17108,North East,-2.04326622670087,55.7690058521141,0.014469900166867418,2026
17185,Scotland,-6.42402984634225,55.7342499202704,0.0006651168818338142,2026
17187,Scotland,-6.26523302476187,55.739875733657,0.0012117206392385795,2026
17188,Scotland,-6.18581375339086,55.7426118032863,0.0008060793093611879,2026
17189,Scotland,-6.10638091255232,55.7452966227013,0.0006023756476532172,2026
17196,Scotland,-5.54999241164406,55.7626538269398,0.0006733114823012706,2026
17197,Scotland,-5.47046016422299,55.7649280013547,0.0003528635359444528,2026
17198,Scotland,-5.39091663839427,55.7671507700263,0.0007045866585886535,2026
17202,Scotland,-5.07263486978233,55.7755274823485,0.0008412871492165037,2026
17205,Scotland,-4.83381767462256,55.781269531608,0.00037741446544585115,2026
17206,Scotland,-4.75419314749026,55.783080525736,0.0002724597769554527,2026
17207,Scotland,-4.67455965152454,55.784839987316,0.0007697997713980888,2026
17208,Scotland,-4.59491744432592,55.7865479040431,0.0009177584189718742,2026
17209,Scotland,-4.51526678367223,55.7882042639706,0.00032550538085118736,2026
17210,Scotland,-4.43560792751341,55.7898090555102,0.0007718427000195951,2026
17211,Scotland,-4.35594113396632,55.7913622674323,0.0010557135638039603,2026
17212,Scotland,-4.27626666130956,55.7928638888663,0.0012699737819258216,2026
17213,Scotland,-4.19658476797822,55.7943139093006,0.001098418764548616,2026
17214,Scotland,-4.1168957125587,55.7957123185835,0.0010354666738428464,2026
17215,Scotland,-4.03719975378343,55.7970591069226,0.0017106223157440823,2026
17216,Scotland,-3.95749715052567,55.7983542648859,0.0013498573481538175,2026
17217,Scotland,-3.87778816179426,55.7995977834013,0.0008054142144493992,2026
17218,Scotland,-3.79807304672836,55.8007896537572,0.00036668680110572496,2026
17219,Scotland,-3.7183520645922,55.8019298676029,0.0003440384515362431,2026
17220,Scotland,-3.63862547476981,55.8030184169482,0.00036293637470818994,2026
17221,Scotland,-3.55889353675975,55.8040552941643,0.0003858393344896182,2026
17222,Scotland,-3.47915651016984,55.8050404919835,0.0004215661272303469,2026
17223,Scotland,-3.39941465471187,55.8059740034994,0.00034438389777938976,2026
17224,Scotland,-3.31966823019632,55.8068558221675,0.00033971781260231737,2026
17225,Scotland,-3.23991749652707,55.8076859418048,0.000780802810608696,2026
17226,Scotland,-3.16016271369609,55.8084643565905,0.0004149480163063162,2026
17227,Scotland,-3.08040414177814,55.8091910610655,0.0008233511923965524,2026
17228,Scotland,-3.0006420409255,55.8098660501332,0.0006271927715079869,2026
17229,Scotland,-2.92087667136258,55.8104893190592,0.000528457799073187,2026
17230,Scotland,-2.84110829338072,55.8110608634717,0.0005768789771789968,2026
17231,Scotland,-2.76133716733274,55.8115806793612,0.00035084427104911697,2026
17232,Scotland,-2.68156355362775,55.8120487630811,0.0003103412624404338,2026
17233,Scotland,-2.60178771272574,55.8124651113473,0.0003103412624404338,2026
17234,Scotland,-2.52200990513227,55.8128297212387,0.00034556894911341425,2026
17235,Scotland,-2.44223039139319,55.8131425901971,0.0005470720444168499,2026
17236,Scotland,-2.36244943208922,55.8134037160272,0.006937132208912676,2026
17237,Scotland,-2.28266728783072,55.8136130968968,0.007913102981432682,2026
17238,Scotland,-2.20288421925229,55.8137707313366,0.004711246001471039,2026
17239,Scotland,-2.12310048700743,55.8138766182405,0.014438330190342819,2026
17240,Scotland,-2.04331635176327,55.8139307568656,0.006678672411706864,2026
17317,Scotland,-6.42911311727493,55.7790409759469,0.0009060715592048243,2026
17318,,-6.34963123611337,55.7818842355861,0.001287024299749618,2026
17319,Scotland,-6.27013522477634,55.7846761984708,0.0010366988571679132,2026
17320,Scotland,-6.19062533720988,55.7874168451403,0.0009121184548342805,2026
17321,Scotland,-6.11110182764071,55.7901061564858,0.0008925171755600446,2026
17327,Scotland,-5.63368897896402,55.80516295707,0.0008947974434539936,2026
17328,Scotland,-5.5540772562459,55.8074924157275,0.0006231794573166807,2026
17329,Scotland,-5.47445395484011,55.8097703989017,0.0004754653360649062,2026
17330,Scotland,-5.39481933127294,55.8119968906684,0.00024042438481271865,2026
17334,Scotland,-5.0761727538642,55.8203876376378,0.0006149648678959481,2026
17337,Scotland,-4.83708154103231,55.8261393108174,0.00037741446544585115,2026
17338,Scotland,-4.75736560166085,55.8279533408367,0.0002724597769554527,2026
17339,Scotland,-4.67764065860471,55.8297157521903,0.00038017784119799867,2026
17340,Scotland,-4.59790697045998,55.8314265325293,0.0009799753921873773,2026
17341,Scotland,-4.51816479600124,55.8330856698643,0.0014233947376120757,2026
17342,Scotland,-4.43841439417629,55.8346931525655,0.0015214729787613747,2026
17343,Scotland,-4.35865602410097,55.8362489693631,0.0035240423564436136,2026
17344,Scotland,-4.2788899450539,55.8377531093475,0.001957260700229652,2026
17345,Scotland,-4.19911641647125,55.8392055619696,0.08645640344937479,2026
17346,Scotland,-4.11933569794143,55.8406063170411,0.0015565744097752637,2026
17347,Scotland,-4.03954804919988,55.8419553647348,0.001192450202768683,2026
17348,Scotland,-3.95975373012381,55.8432526955846,0.0016295846940275224,2026
17349,Scotland,-3.87995300072687,55.8444983004861,0.00038374238938144794,2026
17350,Scotland,-3.80014612115388,55.8456921706965,0.0004235445116746518,2026
17351,Scotland,-3.72033335167558,55.8468342978349,0.00045351171331844823,2026
17352,Scotland,-3.64051495268328,55.8479246738828,0.0012780986315213242,2026
17353,Scotland,-3.56069118468356,55.8489632911837,0.0010874092048291314,2026
17354,Scotland,-3.48086230829301,55.849950142444,0.0005018873091554089,2026
17355,Scotland,-3.40102858423284,55.8508852207326,0.00036164512741128574,2026
17356,Scotland,-3.32119027332363,55.8517685194814,0.0003709188303451845,2026
17357,Scotland,-3.24134763647993,55.8526000324854,0.0009050288615447171,2026
17358,Scotland,-3.161500934705,55.8533797539026,0.0016907544069399614,2026
17359,Scotland,-3.08165042908543,55.8541076782546,0.0017865330128095298,2026
17360,Scotland,-3.0017963807858,55.8547838004263,0.0009571347269776858,2026
17361,Scotland,-2.92193905104336,55.8554081156666,0.0009494796401423405,2026
17362,Scotland,-2.84207870116265,55.8559806195876,0.0008625080138840831,2026
17363,Scotland,-2.76221559251018,55.8565013081658,0.00039028136436199975,2026
17364,Scotland,-2.68234998650905,55.8569701777412,0.0003103412624404338,2026
17365,Scotland,-2.6024821446336,55.8573872250181,0.00030613628241938387,2026
17366,Scotland,-2.52261232840407,55.8577524470649,0.00034556894911341425,2026
17367,Scotland,-2.44274079938118,55.8580658413141,0.0006093323957530699,2026
17368,Scotland,-2.36286781916085,55.8583274055627,0.0009771377360146439,2026
17369,Scotland,-2.28299364936874,55.8585371379717,0.0043738497285313515,2026
17370,Scotland,-2.20311855165496,55.8586950370667,0.013048144568375577,2026
17371,Scotland,-2.12324278768865,55.8588011017376,0.012751623690694281,2026
17449,Scotland,-6.43421077209367,55.8238313950319,0.0011370871263406766,2026
17450,Scotland,-6.35463812904568,55.8266794125731,0.0012594595474475945,2026
17451,Scotland,-6.27505130106876,55.8294760481962,0.0010908827440451415,2026
17452,Scotland,-6.19545054307935,55.8322212823712,0.0014789812492371705,2026
17453,Scotland,-6.11583611027636,55.8349150959208,0.0013436759986689797,2026
17454,Scotland,-6.03620825813615,55.8375574700214,0.0010200137291912995,2026
17455,Scotland,-5.9565672424075,55.8401483862029,0.0012368934724589296,2026
17459,Scotland,-5.63787666783542,55.849997114745,0.0004936631868942731,2026
17460,Scotland,-5.55817367957652,55.8523304766944,0.00025302987404174614,2026
17461,Scotland,-5.47845906765885,55.8546122773589,0.0005057127418215509,2026
17462,Scotland,-5.39873308959593,55.8568425007573,0.00043415544293386426,2026
17464,Scotland,-5.23924806624168,55.8611481536167,0.0007437856255600959,2026
17465,Scotland,-5.15948953711506,55.8632235529026,0.0006231794573166807,2026
17466,,-5.07972067416231,55.865247314573,0.0007152554204592094,2026
17469,Scotland,-4.84035466957263,55.8710086337703,0.0004877991434922511,2026
17470,Scotland,-4.76054705954876,55.8728257066545,0.00029438626923128044,2026
17471,Scotland,-4.68073041080525,55.874591074559,0.0006786531945811847,2026
17472,Scotland,-4.60090498293899,55.8763047250905,0.0010680374369843716,2026
17473,Scotland,-4.52107103572652,55.8779666462167,0.002277608020276526,2026
17474,Scotland,-4.44122882911875,55.8795768262662,0.003430779724726553,2026
17475,Scotland,-4.36137862323573,55.8811352539286,0.002328887999473214,2026
17476,Scotland,-4.28152067836135,55.8826419182553,0.001658796583956205,2026
17477,Scotland,-4.20165525493807,55.8840968086593,0.001060547142686044,2026
17478,Scotland,-4.12178261356164,55.8854999149159,0.0010342746346450997,2026
17479,Scotland,-4.04190301497577,55.8868512271624,0.000620703891155286,2026
17480,Scotland,-3.96201672006687,55.8881507358989,0.0007484570668952104,2026
17481,Scotland,-3.88212398985869,55.8893984319882,0.0004235445116746518,2026
17482,Scotland,-3.80222508550703,55.8905943066563,0.00046156134979168274,2026
17483,Scotland,-3.72232026829441,55.8917383514921,0.0008218777599744296,2026
17484,Scotland,-3.64240979962473,55.8928305584482,0.0012186704925226655,2026
17485,Scotland,-3.56249394101791,55.8938709198409,0.0018650565695157567,2026
17486,Scotland,-3.48257295410462,55.8948594283501,0.0032212019866545752,2026
17487,Scotland,-3.40264710062082,55.8957960770199,0.0049666108445359895,2026
17488,Scotland,-3.32271664240249,55.8966808592587,0.004311231982040075,2026
17489,Scotland,-3.24278184138022,55.8975137688391,0.0016120966563712923,2026
17490,Scotland,-3.16284295957388,55.8982947998981,0.009153244143091073,2026
17491,Scotland,-3.08290025908722,55.8990239469377,0.014331189064262036,2026
17492,Scotland,-3.00295400210249,55.8997012048245,0.007529389715161644,2026
17493,Scotland,-2.92300445087509,55.9003265687901,0.00967506443765258,2026
17494,Scotland,-2.84305186772816,55.900900034431,0.0038712803347026813,2026
17495,Scotland,-2.76309651504721,55.901421597709,0.0023865149994236074,2026
17496,Scotland,-2.68313865527471,55.9018912549513,0.0008926812016281174,2026
17497,Scotland,-2.60317855090473,55.9023090028501,0.00034556894911341425,2026
17498,Scotland,-2.5232164644775,55.9026748384633,0.00034556894911341425,2026
17499,Scotland,-2.44325265857405,55.9029887592143,0.0005005902656850823,2026
17500,Scotland,-2.36328739581078,55.9032507628919,0.004085582260844439,2026
17501,Scotland,-2.28332093883408,55.9034608476508,0.001792930118961733,2026
17502,Scotland,-2.20335355031493,55.9036190120111,0.0019935442255936578,2026
17582,Scotland,-6.35965920695657,55.8714739628474,0.0011427382968905904,2026
17583,Scotland,-6.27998130742251,55.8742752819076,0.002020491716909302,2026
17584,Scotland,-6.2002894238104,55.8770251140947,0.0008948993813852602,2026
17585,Scotland,-6.12058381229641,55.8797234401631,0.0022236971406405445,2026
17586,Scotland,-6.04086472933594,55.8823702412218,0.000950076629021238,2026
17587,Scotland,-5.9611324316586,55.8849654987348,0.001041613645222701,2026
17592,Scotland,-5.56228172660727,55.8971680092623,0.00025261428315750706,2026
17593,Scotland,-5.48247554666333,55.8994536361827,0.00025261428315750706,2026
17595,Scotland,-5.32282921443228,55.9038698843845,0.0006485850446449039,2026
17596,Scotland,-5.24298957985132,55.9060004746646,0.0006179631190457431,2026
17597,Scotland,-5.16313931180564,55.9080793556617,0.0006992137934224157,2026
17598,Scotland,-5.08327866970266,55.9101065127735,0.0005692413476625963,2026
17599,Scotland,-5.00340791316217,55.9120819317575,0.00030642728906853193,2026
17601,Scotland,-4.84363709627829,55.9158775001743,0.0014307562852089867,2026
17602,Scotland,-4.76373755618916,55.9176976229251,0.0007750873340950464,2026
17603,Scotland,-4.68382894216053,55.9194659541848,0.0013616263059366375,2026
17604,Scotland,-4.60391151479535,55.9211824815158,0.0011960391604635035,2026
17606,Scotland,-4.44405126336587,55.9244600764515,0.0011548478944552127,2026
17607,Scotland,-4.36410896139037,55.9260211209921,0.0011548478944552127,2026
17608,Scotland,-4.28415889024535,55.9275303154761,0.0016082949083265213,2026
17609,Scotland,-4.20420131138484,55.9289876492787,0.000783593007693656,2026
17610,Scotland,-4.12423648641721,55.9303931121382,0.0009987126546022608,2026
17611,Scotland,-4.04426467709976,55.9317466941567,0.0006475848843468134,2026
17612,Scotland,-3.96428614533339,55.9330483858001,0.0008483066029739904,2026
17613,Scotland,-3.8843011531573,55.9342981778983,0.0008152734655220035,2026
17614,Scotland,-3.80430996274358,55.9354960616457,0.0010096176113765665,2026
17615,Scotland,-3.72431283639186,55.9366420286011,0.0011908022595840263,2026
17616,Scotland,-3.64431003652398,55.9377360706881,0.00115407512047015,2026
17617,Scotland,-3.56430182567856,55.9387781801954,0.0015196321062495163,2026
17618,Scotland,-3.48428846650566,55.9397683497766,0.008354724029374093,2026
17619,Scotland,-3.40427022176137,55.9407065724507,0.004097020210089628,2026
17620,Scotland,-3.32424735430245,55.9415928416024,0.008188383287174264,2026
17621,Scotland,-3.24422012708087,55.9424271509819,0.007225040045227778,2026
17622,Scotland,-3.1641888031385,55.9432094947052,0.0032973835386039835,2026
17623,Scotland,-3.0841536456016,55.9439398672543,0.00947268800965711,2026
17624,Scotland,-3.00411491767549,55.9446182634776,0.014821708744862458,2026
17625,Scotland,-2.9240728826391,55.9452446785893,0.01009530771631976,2026
17626,Scotland,-2.84402780383956,55.9458191081701,0.007717309123598545,2026
17627,Scotland,-2.76397994468677,55.9463415481675,0.0040232136933730425,2026
17628,Scotland,-2.68392956864797,55.9468119948951,0.007333344803375452,2026
17629,Scotland,-2.60387693924233,55.9472304450335,0.004546143668530216,2026
17630,Scotland,-2.52382232003549,55.9475968956299,0.0007828824182907562,2026
17631,Scotland,-2.44376597463418,55.9479113440983,0.012051766839200109,2026
17632,,-2.3637081666807,55.9481737882198,0.005817011238923084,2026
17717,Scotland,-6.12534498581042,55.9245311883646,0.001004921008203816,2026
17718,Scotland,-6.04553441529925,55.9271824265439,0.0009120203432499126,2026
17719,Scotland,-5.96571057867367,55.9297820353573,0.0009120203432499126,2026
17720,Scotland,-5.88587373392006,55.9323299965591,0.0009296569228867446,2026
17723,Scotland,-5.64628773471036,55.9396638173998,0.0004936631868942731,2026
17724,Scotland,-5.5664014425463,55.9420050128498,0.0007161361351746155,2026
17725,Scotland,-5.48650343606932,55.9442944748268,0.0002729441241055946,2026
17727,Scotland,-5.32667331842522,55.9487181343378,0.0006733114823012706,2026
17728,Scotland,-5.24674172696391,55.9508523007592,0.00025261428315750706,2026
17729,Scotland,-5.16679946059086,55.9529346714837,0.00014943034096885228,2026
17731,Scotland,-5.00688394496696,55.9569439675833,0.00035371973559389017,2026
17732,Scotland,-4.9269112171739,55.958870864733,0.0010576293955671112,2026
17736,Scotland,-4.60692659923581,55.9660598015926,0.0012585676462549813,2026
17737,Scotland,-4.52690832565216,55.9677273095548,0.00068483853485032,2026
17738,Scotland,-4.44688172810654,55.9693429029597,0.0003079145290062536,2026
17739,Scotland,-4.36684706874326,55.9709065704159,0.0006344054675758827,2026
17740,Scotland,-4.28680460987265,55.9724183008956,0.0007723731692308349,2026
17741,Scotland,-4.2067546139657,55.9738780837358,0.000559685773641839,2026
17742,Scotland,-4.12669734364869,55.975285908638,0.0005550006155869481,2026
17743,Scotland,-4.04663306169785,55.9766417656686,0.0006193792335773856,2026
17744,Scotland,-3.96656203103396,55.9779456452591,0.0008855422206655236,2026
17745,Scotland,-3.88648451471699,55.9791975382065,0.0008674320472259644,2026
17746,Scotland,-3.80640077594068,55.9803974356735,0.001034505983134327,2026
17747,Scotland,-3.72631107802716,55.9815453291885,0.0025336768878440508,2026
17748,Scotland,-3.64621568442157,55.9826412106461,0.0031610471940501056,2026
17749,Scotland,-3.5661148586866,55.983685072307,0.002537542353309534,2026
17750,Scotland,-3.48600886449711,55.9846769067985,0.0104866307956823,2026
17751,Scotland,-3.40589796563472,55.9856167071146,0.013197487104038457,2026
17752,,-3.32578242598232,55.9865044666158,0.024881384642716272,2026
17758,Scotland,-2.84500652031616,55.9907378409741,0.0035261538424703563,2026
17759,Scotland,-2.76486589122339,55.9912611597182,0.013090704650314368,2026
17760,Scotland,-2.68472273539822,55.9917323977571,0.007579414072362535,2026
17761,Scotland,-2.60457731739037,55.9921515517592,0.005133469186914415,2026
17762,Scotland,-2.52442990179634,55.9925186187612,0.005156704836852983,2026
17851,Scotland,-5.97030173386285,55.9745979952977,0.0016050244535224085,2026
17852,,-5.89037304149814,55.9771502317285,0.0019959066333066575,2026
17856,Scotland,-5.5705328728401,55.9868414868719,0.0002729441241055946,2026
17857,Scotland,-5.49054278032576,55.9891347927415,0.00027339315168239215,2026
17859,Scotland,-5.33052835756108,55.9935658806436,0.0007221805707630738,2026
17860,Scotland,-5.25050454902665,55.995703631452,0.00014164799940215327,2026
17861,Scotland,-5.17047002391449,55.9977894999519,0.00014943034096885228,2026
17862,Scotland,-5.09042504364422,55.9998234714359,0.00019740271121170515,2026
17863,Scotland,-5.01036986985061,56.0018055315589,0.0003731492501273845,2026
17864,Scotland,-4.93030476437832,56.0037356663389,0.0003525486378421879,2026
17865,Scotland,-4.85022998927654,56.005613862157,0.0012972525346315617,2026
17867,Scotland,-4.69005247937212,56.0092143842504,0.0014850658265337239,2026
17868,Scotland,-4.60995026964271,56.0109366851072,0.0009789720262779584,2026
17869,Scotland,-4.52983944041955,56.0126069961656,0.0006753732302783741,2026
17870,Scotland,-4.44972025469462,56.0142253056277,0.0004978868778182531,2026
17871,Scotland,-4.36959297563235,56.0157916020611,0.00041612790905915637,2026
17872,Scotland,-4.2894578665643,56.0173058743984,0.00027677969977670517,2026
17873,Scotland,-4.20931519098373,56.018768111938,0.00027677969977670517,2026
17874,Scotland,-4.12916521254024,56.0201783043444,0.00028122354866346946,2026
17875,Scotland,-4.04900819503435,56.0215364416482,0.00029599678906484214,2026
17876,Scotland,-3.96884440241209,56.0228425142464,0.0007330693684974871,2026
17877,Scotland,-3.8886740987596,56.0240965129029,0.0021292624659330676,2026
17878,Scotland,-3.80849754829767,56.0252984287484,0.00310024623027122,2026
17879,Scotland,-3.72831501537635,56.0264482532808,0.004483342913942253,2026
17883,Scotland,-3.40753035031631,56.0305264811013,0.0034851834011408707,2026
17884,,-3.32732187449076,56.0314157344026,0.020101099838246265,2026
17890,Scotland,-2.84598802803458,56.0356562330123,0.016560333179332528,2026
17891,Scotland,-2.76575436450349,56.0361804325389,0.0052255786779072475,2026
17892,Scotland,-2.68551816434136,56.0366524637222,0.01173541718425089,2026
17893,,-2.60527969313391,56.0370723232188,0.008605198177898647,2026
17984,Scotland,-5.89488514867872,56.0219698992925,0.0006978792394978906,2026
17985,Scotland,-5.81485149995503,56.0244745828215,0.0013933922590328594,2026
17988,Scotland,-5.57467606317507,56.0316774307404,0.0006733114823012706,2026
17989,Scotland,-5.4945936241163,56.0339745893737,0.00025302987404174614,2026
17990,Scotland,-5.41449964064507,56.0362198253492,0.0006684123866203311,2026
17992,Scotland,-5.25427808770581,56.0405544662915,0.00014164799940215327,2026
17993,Scotland,-5.17415104243403,56.0426438406474,0.00014943034096885228,2026
17994,Scotland,-5.0940135011317,56.0446812311248,0.0001677641108334247,2026
17995,Scotland,-5.01386572644902,56.0466666233272,0.00019740271121170515,2026
17996,Scotland,-4.93370798124744,56.0486000032222,0.0003731492501273845,2026
17997,Scotland,-4.8535405285943,56.0504813571418,0.0009859865116426468,2026
17998,Scotland,-4.7733636317575,56.0523106717829,0.0003847604070044328,2026
17999,Scotland,-4.69317755420012,56.0540879342078,0.00035342660766402067,2026
18000,Scotland,-4.61298255957503,56.0558131318442,0.0009492151996635939,2026
18001,Scotland,-4.53277891171954,56.0574862524855,0.0007308588512711451,2026
18002,Scotland,-4.45256687464997,56.0591072842914,0.0005603623487228657,2026
18003,Scotland,-4.37234671255628,56.0606762157881,0.0004963927337717676,2026
18004,Scotland,-4.29211868979662,56.0621930358683,0.0003919573591661518,2026
18005,Scotland,-4.21188307089195,56.0636577337918,0.00027677969977670517,2026
18006,Scotland,-4.13164012052057,56.0650702991859,0.00029599678906484214,2026
18007,Scotland,-4.05139010351271,56.0664307220451,0.00029599678906484214,2026
18008,Scotland,-3.97113328484507,56.0677389927319,0.0009254281027594697,2026
18009,Scotland,-3.89086992963537,56.0689951019768,0.006771847871837884,2026
18010,Scotland,-3.8106003031369,56.0701990408785,0.003537273237571427,2026
18011,,-3.73032467073304,56.0713508009042,0.0032488270617309855,2026
18012,Scotland,-3.65004329793176,56.0724503738899,0.0014748492305555272,2026
18013,Scotland,-3.56975645036021,56.0734977520403,0.010590808220934814,2026
18014,Scotland,-3.48946439375915,56.0744929279295,0.00980605669518307,2026
18015,Scotland,-3.40916739397751,56.0754358945007,0.009541405286350701,2026
18016,Scotland,-3.32886571696688,56.0763266450665,0.013171339482159606,2026
18017,Scotland,-3.24855962877598,56.0771651733093,0.009465758478033852,2026
18018,Scotland,-3.1682493955452,56.0779514732814,0.014232089583875293,2026
18112,Scotland,-6.21978276132266,56.0562343680583,0.0017090582028690413,2026
18117,Scotland,-5.81928403936847,56.0692978904766,0.0006543521515583819,2026
18120,Scotland,-5.57883105947912,56.0765128438636,0.0006892576801347211,2026
18121,Scotland,-5.4986560123608,56.0788138641675,0.0006832133093376024,2026
18122,Scotland,-5.41846937567262,56.0810628749725,0.0005057127418215509,2026
18123,Scotland,-5.33827141218141,56.0832598603721,0.0003430710619788441,2026
18125,Scotland,-5.17784255702218,56.0874976931484,0.00014943034096885228,2026
18126,Scotland,-5.09761219203671,56.0895385105331,0.00014943034096885228,2026
18127,Scotland,-5.01737155360263,56.0915272425293,0.0001677641108334247,2026
18128,Scotland,-4.93712090560352,56.0934638750539,0.00019740271121170515,2026
18130,Scotland,-4.77659063747554,56.0971807871856,0.00030642728906853193,2026
18131,Scotland,-4.69631154612859,56.0989610404573,0.00028177034086712666,2026
18132,Scotland,-4.61602350276964,56.1006891415869,0.0007325754641951518,2026
18133,Scotland,-4.5357267722646,56.1023650783239,0.0004498417808185157,2026
18134,Scotland,-4.45542161965956,56.1039888387853,0.00023623417100763965,2026
18135,Scotland,-4.3751083101754,56.1055604114558,0.0004963927337717676,2026
18136,Scotland,-4.2947871092023,56.1070797851879,0.00045432743464171756,2026
18137,Scotland,-4.21445828229433,56.1085469492029,0.0004995202692075693,2026
18138,Scotland,-4.13412209516394,56.1099618930902,0.0003117437852500244,2026
18139,Scotland,-4.0537788136765,56.1113246068085,0.0004386339259841362,2026
18140,Scotland,-3.97342870384486,56.1126350806853,0.0015892509159361175,2026
18141,Scotland,-3.89307203182378,56.1138933054176,0.0024582443366039245,2026
18142,Scotland,-3.81270906390449,56.1150992720719,0.0020821305933504375,2026
18143,Scotland,-3.7323400665092,56.1162529720846,0.0027730945076654637,2026
18144,Scotland,-3.65196530618552,56.1173543972622,0.0018157311659067908,2026
18145,Scotland,-3.57158504960101,56.1184035397813,0.0065126724017442,2026
18146,Scotland,-3.49119956353761,56.1194003921889,0.001960801236904853,2026
18147,Scotland,-3.41080911488616,56.1203449474028,0.003283093857987459,2026
18148,Scotland,-3.33041397064081,56.1212371987115,0.013225145630661682,2026
18149,Scotland,-3.25001439789352,56.1220771397744,0.006215406679249419,2026
18150,Scotland,-3.16961066382847,56.1228647646222,0.028506465604822742,2026
18245,,-6.14452544663183,56.1037562036357,0.0015858948127890646,2026
18250,Scotland,-5.74349778449759,56.116581719876,0.0006675894430044941,2026
18253,Scotland,-5.50272999021697,56.1236526165635,0.0006733114823012706,2026
18254,Scotland,-5.42245043754411,56.1259054109418,0.00026173449652817574,2026
18255,Scotland,-5.34215951369159,56.1281060928173,0.00014164799940215327,2026
18256,Scotland,-5.26185748268201,56.1302546465913,0.00014164799940215327,2026
18258,Scotland,-5.10122115642774,56.1343953092683,0.00014943034096885228,2026
18259,Scotland,-5.02088739035777,56.1363873888036,0.00014943034096885228,2026
18260,Scotland,-4.9405435754694,56.1383272815028,0.00014943034096885228,2026
18261,Scotland,-4.86018997688238,56.140214973599,0.00019403982310105535,2026
18262,Scotland,-4.77982685991968,56.1420504516931,0.00014164799940215327,2026
18263,Scotland,-4.69945449010202,56.1438337027535,0.0002729441241055946,2026
18264,Scotland,-4.61907313314244,56.1455647141171,0.00040022062937148246,2026
18265,Scotland,-4.53868305494085,56.1472434734889,0.00022215070502875004,2026
18266,Scotland,-4.45828452157858,56.1488699689429,0.0004829278299247217,2026
18267,Scotland,-4.37787779931285,56.1504441889223,0.0004807224310929688,2026
18268,Scotland,-4.29746315457136,56.1519661222393,0.000591320269996068,2026
18269,Scotland,-4.21704085394673,56.153435758076,0.0006404480115284791,2026
18270,Scotland,-4.13661116419105,56.1548530859844,0.0014614875532862432,2026
18271,Scotland,-4.05617435221032,56.1562180958866,0.004093317047187298,2026
18272,Scotland,-3.97573068505899,56.1575307780753,0.007993164579692916,2026
18273,Scotland,-3.89528042993439,56.1587911232138,0.0008097067223511192,2026
18274,Scotland,-3.8148238541712,56.1599991223362,0.0007938846726474896,2026
18275,Scotland,-3.73436122523594,56.161154766848,0.0007500243536955227,2026
18276,Scotland,-3.6538928107214,56.1622580485258,0.0011002896524484871,2026
18277,Scotland,-3.57341887834106,56.163308959518,0.0018998083884691024,2026
18278,Scotland,-3.49293969592361,56.1643074923447,0.0004769548349964383,2026
18279,Scotland,-3.41245553140728,56.1652536398979,0.006974368657875982,2026
18280,Scotland,-3.33196665283435,56.1661473954418,0.0016879692499629992,2026
18281,Scotland,-3.25147332834554,56.166988752613,0.005601835644355344,2026
18282,Scotland,-3.17097582617442,56.1677777054204,0.015080416481390893,2026
18283,Scotland,-3.09047441464185,56.1685142482456,0.016920948417079026,2026
18382,,-5.74786265875976,56.1614080490548,0.0006278073133692565,2026
18384,Scotland,-5.58717665492289,56.1661820754902,0.0009165991714848713,2026
18385,Scotland,-5.50681560308184,56.1684908459989,0.0006892576801347211,2026
18386,Scotland,-5.42644287063641,56.1707474327294,0.00024810479880267556,2026
18387,Scotland,-5.34605872239911,56.1729518196598,0.00014943034096885228,2026
18388,Scotland,-5.26566342341962,56.1751039911352,0.00014164799940215327,2026
18389,Scotland,-5.18525723897931,56.1772039318674,0.00014164799940215327,2026
18390,,-5.10484043458592,56.1792516269355,0.00026394463884338765,2026
18391,Scotland,-5.02441327596805,56.1812470617866,0.00014943034096885228,2026
18392,Scotland,-4.94397602906978,56.1831902222357,0.00014943034096885228,2026
18393,Scotland,-4.86352896004517,56.1850810944661,0.00014943034096885228,2026
18395,Scotland,-4.70260642125054,56.1887059208496,0.00025261428315750706,2026
18396,Scotland,-4.62213148478951,56.1904398492149,0.00023551269038292203,2026
18397,Scotland,-4.54164779280917,56.1921214377869,0.00023551269038292203,2026
18398,Scotland,-4.46115561243152,56.1937506745964,0.00026752918482830584,2026
18399,Scotland,-4.38065521095565,56.1953275480445,0.00038985203303048877,2026
18400,Scotland,-4.30014685585223,56.1968520469031,0.0003968940389247149,2026
18401,Scotland,-4.21963081475797,56.1983241603152,0.0006026990119554826,2026
18402,Scotland,-4.13910735547007,56.1997438777947,0.0005741496256515852,2026
18403,Scotland,-4.05857674594071,56.2011111892274,0.0005188149313202638,2026
18404,Scotland,-3.97803925427145,56.2024260848706,0.000731781144268997,2026
18405,Scotland,-3.89749514870773,56.2036885553539,0.00035527168414682247,2026
18406,Scotland,-3.81694469763322,56.2048985916789,0.00036595919537408313,2026
18407,Scotland,-3.7363881695643,56.2060561852198,0.0004121842003805857,2026
18408,Scotland,-3.65582583314447,56.2071613277236,0.0004381935628874221,2026
18409,Scotland,-3.57525795713874,56.2082140113101,0.00043839541967388723,2026
18410,Scotland,-3.49468481042805,56.2092142284722,0.001965456406331169,2026
18411,Scotland,-3.41410666200366,56.2101619720762,0.003738024473742833,2026
18412,Scotland,-3.33352378096152,56.2110572353619,0.005358509825516885,2026
18413,Scotland,-3.25293643649671,56.2119000119427,0.00126652071155871,2026
18414,Scotland,-3.17234489789775,56.2126902958058,0.0032581581294308473,2026
18415,Scotland,-3.09174943454105,56.2134280813125,0.024648712213052017,2026
18416,Scotland,-3.01115031588522,56.2141133631981,0.013710773929685874,2026
18417,Scotland,-2.93054781146545,56.2147461365722,0.03704025897548976,2026
18418,Scotland,-2.84994219088791,56.2153263969188,0.047640740722935906,2026
18419,Scotland,-2.76933372382404,56.2158541400964,0.03340236409239653,2026
18517,Scotland,-5.51091289659339,56.2133285519079,0.0006892576801347211,2026
18518,Scotland,-5.43044671956199,56.2155889398048,0.00014164799940215327,2026
18519,Scotland,-5.34996908188937,56.2177970404037,0.00014164799940215327,2026
18520,Scotland,-5.26948024965767,56.219952837993,0.00014164799940215327,2026
18521,Scotland,-5.18898048918229,56.2220563172293,0.00014164799940215327,2026
18522,Scotland,-5.10847006700644,56.2241074631376,0.00014943034096885228,2026
18524,Scotland,-4.94741830483256,56.2280526969171,0.00014943034096885228,2026
18525,Scotland,-4.86687749901084,56.2299467566854,0.00014943034096885228,2026
18526,Scotland,-4.78632709983032,56.2317884269207,0.00014943034096885228,2026
18527,Scotland,-4.70576737489115,56.233577694497,0.0005844138723351404,2026
18528,Scotland,-4.62519859198837,56.2353145466593,0.00013931316666278382,2026
18529,Scotland,-4.54462101910637,56.2369989710234,0.00013931316666278382,2026
18530,Scotland,-4.46403492441334,56.2386309555767,0.00026752918482830584,2026
18531,Scotland,-4.38344057625576,56.2402104886783,0.00026752918482830584,2026
18532,Scotland,-4.3028382431528,56.2417375590594,0.00026752918482830584,2026
18533,Scotland,-4.22222819379078,56.2432121558236,0.0005076811762836619,2026
18534,Scotland,-4.14161069701758,56.2446342684467,0.00042778850961916725,2026
18535,Scotland,-4.0609860218371,56.2460038867779,0.00028742703669735705,2026
18536,Scotland,-3.9803544374036,56.2473210010391,0.00046047710751909496,2026
18537,Scotland,-3.89971621301614,56.2485856018257,0.0005852650190604592,2026
18538,Scotland,-3.81907161811301,56.2497976801069,0.0004386339259841362,2026
18539,Scotland,-3.73842092226602,56.2509572272255,0.0004001472695759548,2026
18540,Scotland,-3.65776439517498,56.2520642348985,0.0004001472695759548,2026
18541,Scotland,-3.57710230666201,56.253118695217,0.00043839541967388723,2026
18542,Scotland,-3.49643492666591,56.2541206006468,0.00047022227390162253,2026
18543,Scotland,-3.41576252523656,56.2550699440282,0.0017617583992668127,2026
18544,Scotland,-3.33508537252923,56.2559667185764,0.005506779103386293,2026
18545,Scotland,-3.25440373879895,56.2568109178816,0.0011104612735708418,2026
18546,Scotland,-3.17371789439484,56.2576025359092,0.014302367506056035,2026
18547,Scotland,-3.09302810975448,56.2583415669999,0.013863770118546394,2026
18548,Scotland,-3.01233465539819,56.2590280058701,0.00880972118802832,2026
18549,Scotland,-2.93163780192341,56.2596618476113,0.010503008836306033,2026
18550,Scotland,-2.85093781999898,56.2602430876914,0.0024300840278467027,2026
18551,Scotland,-2.77023498035951,56.2607717219536,0.01268381139904224,2026
18552,Scotland,-2.68952955379966,56.2612477466174,0.009357730595595248,2026
18553,,-2.60882181116846,56.2616711582781,0.006765474989679638,2026
18648,Scotland,-5.59557003148482,56.2558491769487,0.0007978444564253884,2026
18650,Scotland,-5.43446202917047,56.2604299316342,0.00014164799940215327,2026
18651,Scotland,-5.3538906359795,56.2626417545499,0.00014164799940215327,2026
18652,Scotland,-5.2733080041793,56.2648011866996,0.00024810479880267556,2026
18653,Scotland,-5.19271440112472,56.2669082126843,0.00014943034096885228,2026
18654,Scotland,-5.11211009439995,56.2689628174749,0.00014943034096885228,2026
18655,Scotland,-5.031495351813,56.2709649864127,0.00014943034096885228,2026
18656,Scotland,-4.95087044139021,56.2729147052098,0.00014943034096885228,2026
18657,Scotland,-4.87023563137071,56.2748119599492,0.00014943034096885228,2026
18658,Scotland,-4.78959119020092,56.2766567370857,0.00014943034096885228,2026
18659,Scotland,-4.70893738652896,56.2784490234456,0.00014943034096885228,2026
18660,Scotland,-4.62827448919914,56.2801888062274,0.00013931316666278382,2026
18661,Scotland,-4.54760276724636,56.2818760730021,0.00013931316666278382,2026
18662,Scotland,-4.46692248989058,56.2835108117135,0.00013931316666278382,2026
18663,Scotland,-4.3862339265312,56.2850930106784,0.00013931316666278382,2026
18664,Scotland,-4.30553734674145,56.2866226585871,0.0002484508094652098,2026
18665,Scotland,-4.22483302026287,56.2880997445034,0.0002484508094652098,2026
18666,Scotland,-4.14412121699958,56.2895242578653,0.0002484508094652098,2026
18667,Scotland,-4.06340220701279,56.2908961884847,0.00026693005973995123,2026
18668,Scotland,-3.98267626051504,56.2922155265481,0.0003018207585953418,2026
18669,Scotland,-3.90194364786469,56.2934822626169,0.00028469780761726976,2026
18670,Scotland,-3.82120463956017,56.2946963876271,0.0009980056215469473,2026
18671,Scotland,-3.7404595062344,56.2958578928903,0.0011104642699805067,2026
18672,Scotland,-3.6597085186491,56.2969667700933,0.001759898830799958,2026
18673,Scotland,-3.57895194768913,56.2980230112984,0.0007625668893299692,2026
18674,Scotland,-3.49819006435683,56.299026608944,0.000958475534279945,2026
18675,Scotland,-3.41742313976633,56.2999775558444,0.0021615255448378407,2026
18676,Scotland,-3.33665144513785,56.30087584519,0.001939857235097118,2026
18677,Scotland,-3.25587525179204,56.3017214705478,0.009357745965422791,2026
18678,Scotland,-3.17509483114429,56.3025144258613,0.007897415579093013,2026
18679,Scotland,-3.094310454699,56.3032547054504,0.03243672976270379,2026
18680,Scotland,-3.0135223940439,56.3039423040123,0.010542468145856411,2026
18681,Scotland,-2.93273092084431,56.3045772166209,0.01520178606246776,2026
18682,Scotland,-2.85193630683747,56.3051594387272,0.004429537899735527,2026
18683,Scotland,-2.7711388238268,56.3056889661596,0.014659960137847481,2026
18684,Scotland,-2.69033874367618,56.3061657951236,0.008079904720310999,2026
18771,Scotland,-6.32498723292303,56.2774405093384,0.0012843882135171486,2026
18781,Scotland,-5.51914270932278,56.303002390866,0.0003638420249662994,2026
18782,Scotland,-5.43848884455015,56.3052704076806,0.00013205765857899804,2026
18783,Scotland,-5.3578234287199,56.3074859615962,0.00014164799940215327,2026
18784,Scotland,-5.27714672999545,56.3096490367869,0.00014164799940215327,2026
18785,Scotland,-5.19645901677659,56.3117596177977,0.00014943034096885228,2026
18786,Scotland,-5.11576055769397,56.3138176895451,0.00014943034096885228,2026
18787,Scotland,-5.03505162160356,56.3158232373171,0.00014943034096885228,2026
18788,Scotland,-4.95433247758108,56.3177762467739,0.00014943034096885228,2026
18789,Scotland,-4.8736033949165,56.3196767039481,0.00014943034096885228,2026
18790,Scotland,-4.79286464310839,56.321524595245,0.00014943034096885228,2026
18791,Scotland,-4.71211649185842,56.3233199074433,0.00014943034096885228,2026
18792,Scotland,-4.63135921106573,56.3250626276948,0.00014943034096885228,2026
18793,Scotland,-4.55059307082132,56.3267527435255,0.00013931316666278382,2026
18794,Scotland,-4.46981834140247,56.3283902428352,0.00013931316666278382,2026
18795,Scotland,-4.38903529326711,56.3299751138983,0.00013931316666278382,2026
18796,Scotland,-4.30824419704816,56.331507345364,0.00013931316666278382,2026
18797,Scotland,-4.22744532354793,56.3329869262562,0.00013931316666278382,2026
18798,Scotland,-4.14663894373246,56.3344138459744,0.0002484508094652098,2026
18799,Scotland,-4.06582532872585,56.3357880942937,0.0002484508094652098,2026
18800,Scotland,-3.98500474980461,56.3371096613647,0.00027983726085185266,2026
18801,Scotland,-3.90417747839197,56.3383785377144,0.0004694407666887779,2026
18802,Scotland,-3.82334378605222,56.3395947142459,0.0010475980138068032,2026
18803,Scotland,-3.74250394448502,56.3407581822391,0.0011505359443771774,2026
18804,Scotland,-3.66165822551967,56.3418689333505,0.0018542861022560757,2026
18805,Scotland,-3.58080690110945,56.3429269596136,0.004094302382263926,2026
18806,Scotland,-3.4999502433259,56.3439322534392,0.0023747118656595218,2026
18807,Scotland,-3.41908852435306,56.3448848076154,0.01725106695883799,2026
18808,Scotland,-3.33822201648184,56.3457846153078,0.029989031490330546,2026
18809,Scotland,-3.2573509921042,56.34663167006,0.003973695351694549,2026
18810,Scotland,-3.17647572370747,56.3474259657933,0.0024452784600664463,2026
18811,Scotland,-3.09559648386859,56.348167496807,0.0024263894497336632,2026
18812,Scotland,-3.0147135452484,56.348856257779,0.009788036750942444,2026
18813,Scotland,-2.93382718058583,56.3494922437651,0.017692431787384284,2026
18814,Scotland,-2.85293766269223,56.3500754501998,0.023384354516743446,2026
18903,Scotland,-6.33005956104522,56.3222335308382,0.0013573267461311088,2026
18905,Scotland,-6.16881049990378,56.3277739580422,0.0005232850569634766,2026
18906,Scotland,-6.088164824187,56.3304655943774,0.000459870028147859,2026
18907,Scotland,-6.00750540737245,56.3331048201263,0.0004244213647934826,2026
18908,Scotland,-5.92683251657037,56.3356916164428,0.00030694325783909416,2026
18909,Scotland,-5.84614641917296,56.3382259648496,0.0004070327850973006,2026
18910,Scotland,-5.76544738284888,56.3407078472386,0.0004077023155058088,2026
18914,Scotland,-5.44252721102967,56.3501103674039,0.00020480402742539298,2026
18915,Scotland,-5.3617675043958,56.3523296610377,0.00014943034096885228,2026
18916,Scotland,-5.2809964703464,56.3544963877841,0.00014943034096885228,2026
18917,Scotland,-5.20021437833171,56.3566105321323,0.00026173449652817574,2026
18918,Scotland,-5.11942149803437,56.3586720789436,0.00026394463884338765,2026
18919,Scotland,-5.03861809936385,56.3606810134528,0.0002317445505390365,2026
18920,Scotland,-4.95780445245083,56.3626373212677,0.00014943034096885228,2026
18921,Scotland,-4.87698082764164,56.3645409883703,0.00014943034096885228,2026
18922,Scotland,-4.79614749549264,56.3663920011164,0.00014943034096885228,2026
18923,Scotland,-4.71530472676461,56.3681903462365,0.00014943034096885228,2026
18924,Scotland,-4.63445279241711,56.3699360108358,0.00014943034096885228,2026
18925,Scotland,-4.55359196360287,56.3716289823947,0.00014943034096885228,2026
18926,Scotland,-4.47272251166212,56.3732692487691,0.00014943034096885228,2026
18927,Scotland,-4.39184470811692,56.3748567981906,0.00014943034096885228,2026
18928,Scotland,-4.31095882466553,56.3763916192669,0.0002664916444732899,2026
18929,Scotland,-4.2300651331767,56.3778737009823,0.0002664916444732899,2026
18930,Scotland,-4.149163905684,56.3793030326975,0.0002484508094652098,2026
18931,Scotland,-4.06825541438014,56.3806796041501,0.0002484508094652098,2026
18932,Scotland,-3.98733993161123,56.3820034054551,0.0004754653360649062,2026
18933,Scotland,-3.90641772987109,56.3832744271048,0.0005618109024583622,2026
18934,Scotland,-3.82548908179553,56.3844926599694,0.0005938507120087732,2026
18935,Scotland,-3.74455426015665,56.3856580952966,0.0011084492424901981,2026
18936,Scotland,-3.66361353785703,56.3867707247127,0.0018723630083551644,2026
18937,Scotland,-3.58266718792409,56.3878305402222,0.0043456085080669895,2026
18938,Scotland,-3.50171548350427,56.388837534208,0.0065204827913256,2026
18939,Scotland,-3.42075869785729,56.389791699432,0.008812486730121985,2026
18940,Scotland,-3.33979710435042,56.390693029035,0.011051284323738322,2026
18941,Scotland,-3.25883097645267,56.3915415165368,0.01963448847839906,2026
18944,Scotland,-3.01590812250965,56.3937698673244,0.014767619234292526,2026
18945,Scotland,-2.93492659357184,56.3944069292085,0.017403856438370714,2026
18946,Scotland,-2.85394189891257,56.3949911222832,0.021989789224551262,2026
19037,Scotland,-6.17370931560612,56.3725756981326,0.0004244213647934826,2026
19038,Scotland,-6.09296952995388,56.3752718754784,0.0003277772207300507,2026
19039,,-6.01221594901597,56.3779155544393,0.00048720035445807967,2026
19040,Scotland,-5.9314488409431,56.3805067161008,0.00023551269038292203,2026
19041,Scotland,-5.85066847416982,56.3830453419185,0.00025446658313325567,2026
19042,Scotland,-5.76987511740897,56.3855314137186,0.0004888200487545342,2026
19046,Scotland,-5.44657717417951,56.3949498102607,0.0006950754101070062,2026
19047,Scotland,-5.36572290752881,56.3971728523661,0.00013205765857899804,2026
19048,Scotland,-5.28485726870328,56.3993432392177,0.00014164799940215327,2026
19049,Scotland,-5.2039805282092,56.401460955248,0.0002227959180655552,2026
19050,Scotland,-5.12309295678677,56.4035259852633,0.00014943034096885228,2026
19051,Scotland,-5.04219482540453,56.4055383144445,0.0002308647436733911,2026
19052,Scotland,-4.96128640525372,56.4074979283473,0.0002308647436733911,2026
19053,Scotland,-4.88036796774265,56.4094048129024,0.00014943034096885228,2026
19054,Scotland,-4.79943978449105,56.4112589544159,0.00014943034096885228,2026
19055,Scotland,-4.71850212732447,56.41306033957,0.00014943034096885228,2026
19056,Scotland,-4.63755526826852,56.4148089554229,0.00014943034096885228,2026
19057,Scotland,-4.5565994795433,56.4165047894093,0.00014943034096885228,2026
19058,Scotland,-4.47563503355764,56.4181478293409,0.00014943034096885228,2026
19059,Scotland,-4.39466220290342,56.4197380634063,0.00014943034096885228,2026
19060,Scotland,-4.31368126034989,56.4212754801719,0.00014943034096885228,2026
19061,Scotland,-4.23269247883796,56.4227600685814,0.00014943034096885228,2026
19062,Scotland,-4.15169613147441,56.4241918179568,0.00014943034096885228,2026
19063,Scotland,-4.07069249152624,56.4255707179985,0.0002664916444732899,2026
19064,Scotland,-3.98968183241489,56.4268967587851,0.0002484508094652098,2026
19065,Scotland,-3.90866442771049,56.4281699307745,0.00026752918482830584,2026
19066,Scotland,-3.82764055112611,56.4293902248032,0.00026752918482830584,2026
19067,Scotland,-3.74661047651199,56.4305576320873,0.00031225662323572715,2026
19068,Scotland,-3.66557447784977,56.4316721442222,0.0009079230244064671,2026
19069,Scotland,-3.58453282924673,56.4327337531834,0.002030382641852153,2026
19070,Scotland,-3.50348580492996,56.4337424513259,0.006075540949716021,2026
19071,Scotland,-3.42243367924064,56.4346982313852,0.007643346449016105,2026
19072,Scotland,-3.34137672662814,56.435601086477,0.007488551505591969,2026
19073,Scotland,-3.26031522164432,56.4364510100973,0.002507288270301625,2026
19074,Scotland,-3.17924943893766,56.4372479961232,0.24228440482011998,2026
19077,Scotland,-2.93602917229281,56.4393212731163,0.00856564662087581,2026
19078,,-2.85494902690867,56.4399064551519,0.01608626211949144,2026
19170,Scotland,-6.09778803105642,56.4200775615093,0.0002447090545588079,2026
19171,Scotland,-6.01694001784352,56.4227257041004,0.0001245645390738681,2026
19172,Scotland,-5.93607842406443,56.4253212413227,0.00013931316666278382,2026
19173,Scotland,-5.85520351920153,56.4278641545641,0.0002484508094652098,2026
19174,Scotland,-5.77431557301734,56.430354425585,0.00025446658313325567,2026
19175,Scotland,-5.69341485554902,56.4327920365175,0.0011076208432260076,2026
19178,Scotland,-5.45063877981367,56.4397887357042,0.0007608946472952851,2026
19179,Scotland,-5.36968968287847,56.4420155350703,0.0007038311847651767,2026
19180,Scotland,-5.28872916876961,56.444189590611,0.000337174108704112,2026
19181,Scotland,-5.20775750905501,56.446310886702,0.0001981901520476082,2026
19182,Scotland,-5.12677497553804,56.4483794080943,0.00014164799940215327,2026
19183,Scotland,-5.04578184025193,56.4503951399148,0.00014943034096885228,2026
19184,Scotland,-4.96477837545408,56.4523580676665,0.00014943034096885228,2026
19185,Scotland,-4.88376485362046,56.4542681772286,0.00014943034096885228,2026
19186,Scotland,-4.80274154743982,56.4561254548575,0.00014943034096885228,2026
19187,Scotland,-4.72170872980811,56.4579298871867,0.00014943034096885228,2026
19188,Scotland,-4.6406666738227,56.459681461227,0.00014943034096885228,2026
19189,Scotland,-4.55961565277673,56.4613801643675,0.00014943034096885228,2026
19190,Scotland,-4.47855594015332,56.4630259843753,0.00014943034096885228,2026
19191,Scotland,-4.3974878096199,56.4646189093958,0.00014943034096885228,2026
19192,Scotland,-4.31641153502242,56.4661589279535,0.0002164000496028612,2026
19193,Scotland,-4.23532739037962,56.467646028952,0.00014943034096885228,2026
19194,Scotland,-4.15423564987729,56.4690802016742,0.00014943034096885228,2026
19195,Scotland,-4.07313658786244,56.4704614357827,0.00014943034096885228,2026
19196,Scotland,-3.99203047883758,56.4717897213201,0.0002664916444732899,2026
19197,Scotland,-3.91091759745491,56.473065048709,0.0002869549661417125,2026
19198,Scotland,-3.82979821851051,56.4742874087528,0.0002869549661417125,2026
19199,Scotland,-3.74867261693855,56.4754567926353,0.0003176907025839191,2026
19200,Scotland,-3.66754106780551,56.4765731919212,0.00048349451121326297,2026
19201,Scotland,-3.58640384630431,56.4776365985565,0.0019801126013549064,2026
19202,Scotland,-3.5052612277485,56.4786470048685,0.005399510953826461,2026
19203,Scotland,-3.42411348756647,56.4796044035659,0.0046582228487436145,2026
19204,Scotland,-3.34296090129555,56.4805087877392,0.00796291887271013,2026
19205,Scotland,-3.26180374457623,56.4813601508608,0.002184208178258074,2026
19206,Scotland,-3.18064229314626,56.4821584867852,0.013554765860343343,2026
19207,Scotland,-3.09947682283483,56.4829037897491,0.013933304253812596,2026
19208,Scotland,-3.0183076095567,56.4835960543715,0.01681686901136187,2026
19209,Scotland,-2.93713492930632,56.4842352756541,0.04657398286925585,2026
19210,Scotland,-2.855959058152,56.484821448981,0.02678356625386545,2026
19211,Scotland,-2.77478027223003,56.4853545701191,0.014226604689720864,2026
19304,Scotland,-5.94072131831806,56.4701351913274,0.0003685936368581399,2026
19305,Scotland,-5.8597516056021,56.472682402046,0.00022215070502875004,2026
19306,Scotland,-5.7787687999565,56.4751768821369,0.0002400294929414625,2026
19310,,-5.45471207399125,56.4846271431845,0.0008399326008558367,2026
19311,Scotland,-5.37366787544385,56.486857708636,0.0006556568959135031,2026
19312,Scotland,-5.29261221448286,56.4890354414846,0.0001426867527071099,2026
19313,Scotland,-5.21154536374343,56.4911603260489,0.00014164799940215327,2026
19314,,-5.13046759609776,56.4932323470245,0.00024669953937174455,2026
19315,Scotland,-5.04937918464943,56.4952514894837,0.00014943034096885228,2026
19316,Scotland,-4.96828040272768,56.4972177388767,0.00014943034096885228,2026
19317,Scotland,-4.88717152388179,56.4991310810313,0.00014943034096885228,2026
19318,Scotland,-4.80605282187524,56.5009915021534,0.00014943034096885228,2026
19319,Scotland,-4.72492457068008,56.5027989888276,0.00014943034096885228,2026
19320,Scotland,-4.64378704447116,56.5045535280176,0.00014943034096885228,2026
19321,Scotland,-4.56264051762035,56.5062551070661,0.00014943034096885228,2026
19322,Scotland,-4.48148526469084,56.5079037136954,0.00014943034096885228,2026
19323,Scotland,-4.40032156043131,56.5094993360078,0.00014943034096885228,2026
19324,Scotland,-4.31914967977018,56.5110419624857,0.00014943034096885228,2026
19325,Scotland,-4.23796989780981,56.5125315819921,0.00014943034096885228,2026
19326,Scotland,-4.15678248982072,56.5139681837706,0.00022277250326124397,2026
19327,Scotland,-4.07558773123573,56.515351757446,0.00014943034096885228,2026
19328,Scotland,-3.99438589764422,56.5166822930246,0.00014943034096885228,2026
19329,Scotland,-3.91317726478623,56.5179597808938,0.0002664916444732899,2026
19330,Scotland,-3.83196210854668,56.5191842118233,0.0002664916444732899,2026
19331,Scotland,-3.75074070494948,56.5203555769646,0.0002856448377528813,2026
19332,Scotland,-3.66951333015173,56.5214738678516,0.0003086300210068304,2026
19333,Scotland,-3.58828026043784,56.5225390764008,0.0003468526642511538,2026
19334,Scotland,-3.50704177221366,56.5235511949113,0.0011779982171477334,2026
19335,Scotland,-3.42579814200062,56.5245102160651,0.005408128921285227,2026
19336,Scotland,-3.34454964642985,56.5254161329274,0.01189611087024096,2026
19337,Scotland,-3.26329656223631,56.5262689389467,0.012713171875774908,2026
19338,Scotland,-3.18203916625288,56.527068627955,0.00198623978146816,2026
19339,Scotland,-3.1007777354045,56.5278151941677,0.013579892199242542,2026
19340,Scotland,-3.01951254670224,56.5285086321843,0.00407568502095592,2026
19341,Scotland,-2.93824387723742,56.529148936988,0.023331199705538156,2026
19342,Scotland,-2.85697200417569,56.529736103946,0.01800605142175847,2026
19343,Scotland,-2.77569720475114,56.5302701288099,0.017106625961586155,2026
19344,Scotland,-2.69441975626035,56.5307510077154,0.012699264756035831,2026
19424,Scotland,-6.91703110904967,56.4802175069416,0.0007636394340116321,2026
19434,Scotland,-6.10746663746966,56.5096871448981,0.00023143950167739006,2026
19435,Scotland,-6.02642895106258,56.512344246173,0.00043920922561993715,2026
19436,Scotland,-5.94537757636788,56.5149485653293,0.0004811409599897265,2026
19437,Scotland,-5.86431278498019,56.5175000836192,0.00034940124571688813,2026
19439,Scotland,-5.70214403991832,56.5224446444824,0.0002477916103594956,2026
19440,Scotland,-5.62104063083048,56.5248376514348,0.0003108095229481665,2026
19443,Scotland,-5.37765753046516,56.5316993725457,0.0007630551027348906,2026
19444,Scotland,-5.29650645001597,56.5338807913559,0.0001426867527071099,2026
19445,Scotland,-5.21534413537858,56.5360092728405,0.00014164799940215327,2026
19446,Scotland,-5.13417086049971,56.5380848016388,0.00014943034096885228,2026
19447,Scotland,-5.05298689955895,56.5401073627689,0.00014943034096885228,2026
19448,Scotland,-4.97179252696312,56.5420769416275,0.00014943034096885228,2026
19449,Scotland,-4.89058801734051,56.5439935239906,0.00014943034096885228,2026
19450,Scotland,-4.80937364553505,56.5458570960136,0.00014943034096885228,2026
19451,Scotland,-4.72814968660067,56.5476676442323,0.00014943034096885228,2026
19452,Scotland,-4.64691641579539,56.5494251555624,0.00014943034096885228,2026
19453,Scotland,-4.56567410857564,56.5511296173002,0.00014943034096885228,2026
19454,Scotland,-4.4844230405904,56.5527810171232,0.00014943034096885228,2026
19455,Scotland,-4.40316348767539,56.5543793430901,0.00014943034096885228,2026
19456,Scotland,-4.32189572584729,56.5559245836411,0.00014943034096885228,2026
19457,Scotland,-4.24062003129789,56.5574167275982,0.00014943034096885228,2026
19458,Scotland,-4.15933668038823,56.558855764166,0.00014943034096885228,2026
19459,Scotland,-4.07804594964279,56.5602416829309,0.0002664916444732899,2026
19460,Scotland,-3.99674811574362,56.5615744738626,0.0002664916444732899,2026
19461,Scotland,-3.91544345552445,56.5628541273135,0.00026693005973995123,2026
19462,Scotland,-3.83413224596485,56.5640806340192,0.0002996756761376898,2026
19463,Scotland,-3.75281476418436,56.5652539850989,0.0003999650343298683,2026
19464,Scotland,-3.67149128743654,56.5663741720554,0.00039649803573246154,2026
19465,Scotland,-3.59016209310316,56.5674411867754,0.0006385440100588356,2026
19466,Scotland,-3.5088274586882,56.5684550215299,0.0009240831488288592,2026
19467,Scotland,-3.42748766181205,56.5694156689741,0.002446518659634145,2026
19468,Scotland,-3.34614298020551,56.5703231221476,0.010355422819984098,2026
19469,Scotland,-3.26479369170388,56.5711773744749,0.00989303999030924,2026
19470,Scotland,-3.1834400742411,56.5719784197654,0.022817489818647604,2026
19471,Scotland,-3.10208240584373,56.5727262522132,0.011639901995480626,2026
19472,Scotland,-3.02072096462506,56.5734208663981,0.0009342255584815206,2026
19473,Scotland,-2.93935602877917,56.5740622572847,0.0015413313964076616,2026
19474,Scotland,-2.85798787657498,56.5746504202233,0.011423996042949103,2026
19475,Scotland,-2.77661678635028,56.5751853509499,0.016169533709876362,2026
19476,Scotland,-2.6952430365058,56.5756670455859,0.02033335636319376,2026
19477,Scotland,-2.61386690549925,56.5760955006387,0.008831357913379747,2026
19557,Scotland,-6.84185996128512,56.5281607768718,0.001560460858236983,2026
19558,Scotland,-6.76086293481406,56.531297301984,0.0009218395863694729,2026
19564,Scotland,-6.27455039456175,56.5490093124245,0.0004698314294535781,2026
19565,Scotland,-6.19344576709631,56.5517765924894,0.0003467614699429789,2026
19566,Scotland,-6.11232685261089,56.5544910405118,0.0003640088372803541,2026
19567,Scotland,-6.03119392317615,56.5571526369254,0.00023143950167739006,2026
19569,Scotland,-5.86888710922092,56.5623171985348,0.0001245645390738681,2026
19570,Scotland,-5.78771377030451,56.5648201264741,0.00013205765857899804,2026
19571,Scotland,-5.70652750763562,56.5672701282926,0.0002313084204491838,2026
19572,Scotland,-5.62532859471385,56.5696671863031,0.00026312761877264054,2026
19573,Scotland,-5.54411730530761,56.572011283196,0.0003295024272028188,2026
19575,Scotland,-5.38165869342533,56.5765405262788,0.000871746538955665,2026
19576,Scotland,-5.30041191977895,56.5787256397397,0.0001426867527071099,2026
19577,Scotland,-5.21915386729598,56.5808577266257,0.00014943034096885228,2026
19578,Scotland,-5.13788481100333,56.5829367715199,0.00014943034096885228,2026
19579,Scotland,-5.05660502616239,56.5849627593855,0.00022277250326124397,2026
19580,Scotland,-4.97531478826327,56.5869356755658,0.00014943034096885228,2026
19581,Scotland,-4.89401437301902,56.5888555057846,0.00014943034096885228,2026
19582,Scotland,-4.81270405635983,56.5907222361467,0.00014943034096885228,2026
19583,Scotland,-4.73138411442722,56.5925358531383,0.00014943034096885228,2026
19584,Scotland,-4.65005482356823,56.5942963436273,0.00014943034096885228,2026
19585,Scotland,-4.56871646032959,56.5960036948636,0.00014943034096885228,2026
19586,Scotland,-4.48736930145192,56.5976578944792,0.0001677641108334247,2026
19587,Scotland,-4.4060136238638,56.5992589304892,0.0001677641108334247,2026
19588,Scotland,-4.324649704676,56.6008067912912,0.0001677641108334247,2026
19589,Scotland,-4.24327782117555,56.6023014656665,0.0001677641108334247,2026
19590,Scotland,-4.1618982508199,56.6037429427796,0.00029918349442044405,2026
19591,Scotland,-4.08051127123101,56.6051312121792,0.00029918349442044405,2026
19592,Scotland,-3.99911716018946,56.6064662637978,0.0004783957823530306,2026
19593,Scotland,-3.91771619562857,56.6077480879525,0.00029918349442044405,2026
19594,Scotland,-3.83630865562845,56.6089766753449,0.00035203155926206997,2026
19595,Scotland,-3.75489481841011,56.6101520170616,0.00037376306616796596,2026
19596,Scotland,-3.67347496232951,56.6112741045741,0.0005601235119808671,2026
19597,Scotland,-3.59204936587164,56.6123429297393,0.0005248895539635861,2026
19598,Scotland,-3.51061830764458,56.6133584847999,0.0005612878501651225,2026
19599,Scotland,-3.42918206637355,56.614320762384,0.0007111887768506221,2026
19600,Scotland,-3.34774092089493,56.6152297555057,0.0024185685691497905,2026
19601,Scotland,-3.26629515015034,56.6160854575653,0.002670301728323346,2026
19602,Scotland,-3.18484503318065,56.6168878623494,0.03397463846588749,2026
19603,Scotland,-3.10339084912001,56.6176369640309,0.024651375904452783,2026
19604,Scotland,-3.02193287718988,56.6183327571694,0.01744105117005494,2026
19605,Scotland,-2.94047139669304,56.6189752367112,0.016032542713167227,2026
19606,Scotland,-2.85900668700761,56.6195643979895,0.01707216803316636,2026
19607,Scotland,-2.77753902758106,56.6201002367245,0.02069108928584109,2026
19608,Scotland,-2.69606869792422,56.6205827490235,0.02013161969829705,2026
19609,Scotland,-2.61459597760525,56.6210119313809,0.011718193152276634,2026
19610,Scotland,-2.53312114624372,56.6213877806784,0.009904356181434867,2026
19691,Scotland,-6.68539094566391,56.5791504166518,0.0015678219526474267,2026
19692,,-6.60426672006792,56.5821866762441,0.001820152929197134,2026
19696,Scotland,-6.27961548746899,56.5938033316457,0.0010222578635228738,2026
19697,Scotland,-6.19841545698075,56.5965752950008,0.0005805255572297538,2026
19698,Scotland,-6.1172010827527,56.5992943375675,0.00032055534859341285,2026
19699,Scotland,-6.03597263792168,56.6019604397078,0.0004771129906829174,2026
19700,Scotland,-5.9547303959236,56.60457358216,0.00021938705500861662,2026
19701,Scotland,-5.8734746304877,56.607133746039,0.0001245645390738681,2026
19702,Scotland,-5.79220561563098,56.6096409128371,0.00021912378938513497,2026
19703,Scotland,-5.71092362565243,56.6120950644244,0.00013931316666278382,2026
19704,Scotland,-5.62962893512739,56.614496183049,0.00014943034096885228,2026
19705,Scotland,-5.54832181890182,56.6168442513378,0.0001530488854359959,2026
19706,Scotland,-5.46700255208658,56.6191392522968,0.0001473014466788223,2026
19708,Scotland,-5.30432866842048,56.6235699861475,0.0001473014466788223,2026
19709,Scotland,-5.22297460306405,56.6257056869506,0.00014164799940215327,2026
19710,Scotland,-5.14160949009529,56.6277882562476,0.00014943034096885228,2026
19711,Scotland,-5.06023360586311,56.6298176789463,0.00014943034096885228,2026
19712,Scotland,-4.9788472269467,56.6317939403364,0.00014943034096885228,2026
19713,Scotland,-4.89745063014969,56.6337170260892,0.00014943034096885228,2026
19714,Scotland,-4.81604409249428,56.6355869222587,0.0001677641108334247,2026
19715,Scotland,-4.73462789121544,56.6374036152815,0.00015941110776109148,2026
19716,Scotland,-4.65320230375503,56.639167091977,0.0001677641108334247,2026
19717,Scotland,-4.57176760775597,56.6408773395485,0.0001677641108334247,2026
19718,Scotland,-4.4903240810563,56.6425343455826,0.0001677641108334247,2026
19719,Scotland,-4.40887200168335,56.6441380980503,0.0001677641108334247,2026
19720,Scotland,-4.32741164784784,56.6456885853066,0.0001677641108334247,2026
19721,Scotland,-4.24594329793793,56.6471857960916,0.00019740271121170515,2026
19722,Scotland,-4.16446723051335,56.6486297195299,0.00019740271121170515,2026
19723,Scotland,-4.08298372429945,56.6500203451319,0.00019740271121170515,2026
19724,Scotland,-4.00149305818125,56.6513576627929,0.00046917451524558024,2026
19725,Scotland,-3.91999551119755,56.6526416627946,0.00046917451524558024,2026
19726,Scotland,-3.83849136253493,56.6538723358043,0.0005020617671330905,2026
19727,Scotland,-3.7569808915218,56.6550496728757,0.0008174971263936597,2026
19728,Scotland,-3.67546437762245,56.6561736654491,0.0009986209040568567,2026
19729,Scotland,-3.59394210043105,56.6572443053515,0.0005249655465350707,2026
19730,Scotland,-3.51241433966569,56.6582615847969,0.0006291121907714017,2026
19731,Scotland,-3.4308813751624,56.6592254963862,0.000683469037225781,2026
19732,Scotland,-3.34934348686912,56.660136033108,0.0006812069471627282,2026
19733,Scotland,-3.26780095483971,56.6609931883382,0.0006742541073318314,2026
19734,Scotland,-3.18625405922799,56.6617969558405,0.0038401644189495375,2026
19735,Scotland,-3.10470308028165,56.6625473297663,0.01232698766606997,2026
19736,Scotland,-3.02314829833629,56.6632443046553,0.022428333390791463,2026
19737,Scotland,-2.94158999380939,56.6638878754352,0.016190146441156343,2026
19738,Scotland,-2.86002844719427,56.6644780374219,0.014149912799594077,2026
19739,Scotland,-2.77846393905406,56.6650147863198,0.015014509302302092,2026
19740,Scotland,-2.69689675001568,56.665498118222,0.026238233393136967,2026
19741,Scotland,-2.61532716076378,56.6659280296099,0.017181461779205626,2026
19742,Scotland,-2.53375545203474,56.6663045173539,0.009444523382606719,2026
19824,Scotland,-6.60972854141436,56.6269604087745,0.000817627354683897,2026
19825,Scotland,-6.52849317399567,56.6299489007898,0.001742849026883686,2026
19830,Scotland,-6.12208938354906,56.6440970351803,0.0003551568075444792,2026
19832,Scotland,-5.95942706417496,56.6493852233945,0.0002197479938054814,2026
19834,Scotland,-5.79671043612715,56.6544611410413,0.00013931316666278382,2026
19835,Scotland,-5.71533244426266,56.6569194522001,0.00014943034096885228,2026
19836,Scotland,-5.63394170128745,56.6593246410337,0.00014943034096885228,2026
19837,Scotland,-5.55253848313076,56.6616766901051,0.00014943034096885228,2026
19838,Scotland,-5.47112306598848,56.663975582358,0.0001426867527071099,2026
19839,Scotland,-5.38969572631741,56.666221301117,0.0003103366298732231,2026
19841,Scotland,-5.22680638648574,56.6705531533587,0.00014164799940215327,2026
19842,Scotland,-5.14534494049097,56.6726392553991,0.00014943034096885228,2026
19843,Scotland,-5.06387268028741,56.6746721210616,0.00014943034096885228,2026
19844,Scotland,-4.98238988354914,56.6766517355818,0.00014943034096885228,2026
19845,Scotland,-4.90089682817619,56.6785780845784,0.0001677641108334247,2026
19846,Scotland,-4.81939379228863,56.6804511540541,0.00019740271121170515,2026
19847,Scotland,-4.73788105422073,56.6822709303957,0.00019740271121170515,2026
19848,Scotland,-4.65635889251505,56.6840374003742,0.00019740271121170515,2026
19849,Scotland,-4.57482758591652,56.6857505511457,0.00019740271121170515,2026
19850,Scotland,-4.49328741336656,56.6874103702513,0.00019740271121170515,2026
19851,Scotland,-4.41173865399711,56.6890168456175,0.00019740271121170515,2026
19852,Scotland,-4.33018158712475,56.6905699655568,0.00026310450405142815,2026
19853,Scotland,-4.24861649224469,56.6920697187675,0.00026310450405142815,2026
19854,Scotland,-4.16704364902486,56.6935160943345,0.00026310450405142815,2026
19855,Scotland,-4.08546333729993,56.6949090817293,0.00046917451524558024,2026
19856,Scotland,-4.00387583706532,56.6962486708103,0.00046917451524558024,2026
19857,Scotland,-3.92228142847126,56.6975348518231,0.0004973158890131004,2026
19858,Scotland,-3.84068039181673,56.6987676154008,0.0004973158890131004,2026
19859,Scotland,-3.75907300754355,56.6999469525642,0.000490578732837931,2026
19860,Scotland,-3.67745955623028,56.7010728547219,0.0004973158890131004,2026
19861,Scotland,-3.59584031858627,56.7021453136709,0.0005187501800091844,2026
19862,Scotland,-3.51421557544563,56.7031643215964,0.0005846220552447222,2026
19863,Scotland,-3.43258560776115,56.7041298710722,0.0006812069471627282,2026
19864,Scotland,-3.35095069659834,56.7050419550608,0.0006487030114227652,2026
19865,Scotland,-3.26931112312933,56.705900566914,0.0006487030114227652,2026
19866,Scotland,-3.18766716862688,56.7067057003722,0.0009342860194378018,2026
19867,Scotland,-3.10601911445824,56.7074573495655,0.0008794786076886648,2026
19868,Scotland,-3.02436724207919,56.7081555090133,0.0022143285343578134,2026
19869,Scotland,-2.94271183302793,56.7088001736246,0.011272575207466828,2026
19870,Scotland,-2.86105316891899,56.7093913386982,0.01999954514198568,2026
19871,Scotland,-2.77939153143721,56.7099289999225,0.0202337660580452,2026
19872,Scotland,-2.69772720233164,56.7104131533761,0.02863096358670043,2026
19873,Scotland,-2.61606046340946,56.7108437955275,0.01900984806353774,2026
19874,,-2.53439159652989,56.7112209232357,0.008046023639302036,2026
19875,Scotland,-2.45272088359814,56.7115445337494,0.018326087343271003,2026
19963,Scotland,-6.04557151394513,56.6915742779912,0.0003033644566949467,2026
19964,Scotland,-5.96413730971722,56.694196285438,0.0003467614699429789,2026
19965,Scotland,-5.8826894741558,56.6967651357771,0.00013140841450732068,2026
19966,Scotland,-5.80122828343902,56.6992808103649,0.00013931316666278382,2026
19968,Scotland,-5.63826694267528,56.7041525596147,0.00014943034096885228,2026
19969,Scotland,-5.55676734639061,56.7065085988936,0.00026394463884338765,2026
19970,Scotland,-5.47525550246357,56.7088113916558,0.00014943034096885228,2026
19971,Scotland,-5.39373168844351,56.7110609211648,0.00014164799940215327,2026
19972,Scotland,-5.31219618213661,56.7132571710666,0.00023503559310841858,2026
19973,Scotland,-5.23064926160003,56.7154001253903,0.00024669953937174455,2026
19974,Scotland,-5.149091205136,56.7174897685489,0.00014943034096885228,2026
19975,Scotland,-5.06752229128602,56.7195260853391,0.00014943034096885228,2026
19976,Scotland,-4.98594279882491,56.721509060942,0.0001677641108334247,2026
19977,Scotland,-4.90435300675497,56.7234386809237,0.00019740271121170515,2026
19978,Scotland,-4.82275319430003,56.7253149312352,0.00019740271121170515,2026
19979,Scotland,-4.74114364089955,56.7271377982131,0.00019740271121170515,2026
19980,Scotland,-4.65952462620267,56.7289072685799,0.00019740271121170515,2026
19981,Scotland,-4.5778964300623,56.7306233294443,0.00019740271121170515,2026
19982,Scotland,-4.49625933252911,56.7322859683015,0.00019740271121170515,2026
19983,Scotland,-4.41461361384563,56.7338951730336,0.00019740271121170515,2026
19984,Scotland,-4.33295955444022,56.7354509319099,0.00019740271121170515,2026
19985,Scotland,-4.2512974349211,56.7369532335871,0.00027888912152519826,2026
19986,Scotland,-4.16962753607037,56.73840206711,0.00027888912152519826,2026
19987,Scotland,-4.087950138838,56.7397974219111,0.0004973158890131004,2026
19988,Scotland,-4.00626552433579,56.7411392878115,0.0005187501800091844,2026
19989,Scotland,-3.92457397383137,56.7424276550208,0.0005187501800091844,2026
19990,Scotland,-3.84287576874216,56.7436625141376,0.0005100288528916931,2026
19991,Scotland,-3.76117119062936,56.7448438561494,0.0004956696078558119,2026
19992,Scotland,-3.67946052119184,56.7459716724334,0.0004956696078558119,2026
19993,Scotland,-3.59774404226014,56.7470459547561,0.0005170329809170123,2026
19994,Scotland,-3.51602203579039,56.7480666952739,0.0005170329809170123,2026
19995,Scotland,-3.43429478385824,56.7490338865333,0.0005567241209091302,2026
19996,Scotland,-3.35256256865277,56.7499475214707,0.000533721618689958,2026
19997,Scotland,-3.27082567247044,56.7508075934133,0.0005567241209091302,2026
19998,Scotland,-3.18908437770897,56.7516140960787,0.0006270298936808933,2026
19999,Scotland,-3.10733896686128,56.7523670235749,0.0006011242731153382,2026
20000,Scotland,-3.02558972250936,56.7530663704014,0.0006270298936808933,2026
20001,Scotland,-2.94383692731818,56.7537121314482,0.0006185365846929871,2026
20002,Scotland,-2.86208086402959,56.7543043019967,0.0012747917155351031,2026
20003,Scotland,-2.7803218154562,56.7548428777196,0.0074814092750254075,2026
20004,Scotland,-2.69856006447526,56.7553278546809,0.007576904219959158,2026
20005,Scotland,-2.61679589402256,56.7557592293361,0.005188771868802776,2026
20006,Scotland,-2.53502958708627,56.7561369985324,0.005463763603821959,2026
20007,Scotland,-2.45326142670086,56.7564611595085,0.008695121682666038,2026
20093,,-6.21341081779416,56.7309677371125,0.0010071344520556245,2026
20094,Scotland,-6.13190842121847,56.733700628513,0.000459870028147859,2026
20095,Scotland,-6.0503917852767,56.7363803117942,0.0003277772207300507,2026
20096,Scotland,-5.96886118664336,56.7390067674815,0.00030386351435205924,2026
20097,Scotland,-5.88731690229227,56.7415799764815,0.0002343549424980139,2026
20098,Scotland,-5.80575920949076,56.744099920082,0.0003489896038170483,2026
20099,Scotland,-5.72418838579394,56.7465665799526,0.0002299982734027865,2026
20100,Scotland,-5.64260470903881,56.7489799381455,0.00014943034096885228,2026
20101,Scotland,-5.56100845733848,56.7513399770952,0.00014943034096885228,2026
20102,Scotland,-5.47939990907633,56.75364667962,0.00014943034096885228,2026
20103,Scotland,-5.39777934290014,56.7559000289216,0.00014943034096885228,2026
20104,Scotland,-5.31614703771622,56.7581000085858,0.00014943034096885228,2026
20105,,-5.23450327268354,56.7602466025831,0.00023702033759814917,2026
20106,Scotland,-5.15284832720781,56.7623397952689,0.00014943034096885228,2026
20107,Scotland,-5.07118248093559,56.764379571384,0.0001677641108334247,2026
20108,Scotland,-4.98950601374839,56.7663659160549,0.00019740271121170515,2026
20109,Scotland,-4.90781920575666,56.7682988147946,0.00019740271121170515,2026
20110,Scotland,-4.8261223372939,56.7701782535022,0.00019740271121170515,2026
20111,Scotland,-4.74441568891072,56.772004218464,0.00019740271121170515,2026
20112,Scotland,-4.66269954136878,56.7737766963535,0.00019740271121170515,2026
20113,Scotland,-4.58097417563489,56.7754956742319,0.00019740271121170515,2026
20114,Scotland,-4.49923987287499,56.7771611395483,0.00019740271121170515,2026
20115,Scotland,-4.41749691444812,56.77877308014,0.000209246458843226,2026
20116,Scotland,-4.33574558190044,56.780331484233,0.000209246458843226,2026
20117,Scotland,-4.25398615695918,56.7818363404424,0.00027888912152519826,2026
20118,Scotland,-4.17221892152661,56.7832876377722,0.0002779657045988007,2026
20119,Scotland,-4.09044415767401,56.7846853656161,0.0005170329809170123,2026
20120,Scotland,-4.00866214763556,56.7860295137576,0.0005170329809170123,2026
20121,Scotland,-3.92687317380236,56.78732007237,0.0002779657045988007,2026
20122,Scotland,-3.84507751871631,56.7885570320173,0.0002779657045988007,2026
20123,Scotland,-3.763275465064,56.7897403836538,0.0002779657045988007,2026
20124,Scotland,-3.6814672956707,56.7908701186246,0.0002779657045988007,2026
20125,Scotland,-3.59965329349419,56.7919462286659,0.0002779657045988007,2026
20126,Scotland,-3.51783374161869,56.7929687059051,0.0002779657045988007,2026
20127,Scotland,-3.43600892324877,56.7939375428611,0.0004956696078558119,2026
20128,Scotland,-3.35417912170319,56.7948527324443,0.0004956696078558119,2026
20129,Scotland,-3.2723446204088,56.7957142679572,0.0004956696078558119,2026
20130,Scotland,-3.19050570289442,56.796522143094,0.0005170329809170123,2026
20131,Scotland,-3.10866265278467,56.7972763519412,0.0005170329809170123,2026
20132,Scotland,-3.0268157537939,56.7979768889777,0.0004956696078558119,2026
20133,Scotland,-2.94496528971996,56.7986237490748,0.0005304130739309337,2026
20134,Scotland,-2.86311154443811,56.7992169274964,0.0005582694328117258,2026
20135,Scotland,-2.78125480189485,56.799756419899,0.0005763488704668423,2026
20136,Scotland,-2.69939534610176,56.8002422223322,0.002178720527325537,2026
20137,Scotland,-2.61753346112934,56.8006743312385,0.005383140062004428,2026
20138,Scotland,-2.53566943110086,56.8010527434532,0.008014719353274115,2026
20139,Scotland,-2.45380354018617,56.801377456205,0.002974541029742641,2026
20140,Scotland,-2.37193607259554,56.8016484671157,0.003349071138928921,2026
20230,,-5.81030326648662,56.7889184694624,0.0003402662299908217,2026
20231,Scotland,-5.72863561066318,56.7913893185537,0.00013931316666278382,2026
20232,Scotland,-5.64695505039441,56.7938067759757,0.00014943034096885228,2026
20233,Scotland,-5.56526186489409,56.7961708240985,0.00014943034096885228,2026
20234,Scotland,-5.4835563336481,56.7984814456768,0.00014943034096885228,2026
20235,Scotland,-5.4018387364085,56.8007386238505,0.00014943034096885228,2026
20236,Scotland,-5.32010935318762,56.802942342145,0.00014943034096885228,2026
20237,Scotland,-5.23836846425215,56.8050925844716,0.00014943034096885228,2026
20238,Scotland,-5.15661635011717,56.8071893351281,0.0003104817118686792,2026
20239,Scotland,-5.07485329154028,56.809232578799,0.00019834950808737099,2026
20240,Scotland,-4.99307956951552,56.8112223005559,0.00019740271121170515,2026
20241,Scotland,-4.91129546526751,56.8131584858583,0.00019740271121170515,2026
20242,Scotland,-4.82950126024539,56.8150411205534,0.00019740271121170515,2026
20243,Scotland,-4.74769723611682,56.8168701908768,0.00019740271121170515,2026
20244,Scotland,-4.66588367476202,56.8186456834527,0.00019740271121170515,2026
20245,Scotland,-4.58406085826771,56.8203675852946,0.00019740271121170515,2026
20246,Scotland,-4.50222906892105,56.8220358838052,0.00019740271121170515,2026
20247,Scotland,-4.42038858920366,56.8236505667769,0.000209246458843226,2026
20248,Scotland,-4.33853970178549,56.8252116223923,0.000209246458843226,2026
20249,Scotland,-4.25668268951883,56.8267190392242,0.0002779657045988007,2026
20250,Scotland,-4.17481783543216,56.8281728062361,0.0002779657045988007,2026
20251,Scotland,-4.09294542272411,56.8295729127824,0.0002779657045988007,2026
20252,Scotland,-4.01106573475735,56.8309193486088,0.0002779657045988007,2026
20253,Scotland,-3.92917905505249,56.8322121038525,0.0002779657045988007,2026
20254,Scotland,-3.84728566728197,56.8334511690423,0.0002779657045988007,2026
20255,Scotland,-3.76538585526391,56.8346365350991,0.0002779657045988007,2026
20256,Scotland,-3.68347990295603,56.835768193336,0.0002779657045988007,2026
20257,Scotland,-3.60156809444947,56.8368461354586,0.0002779657045988007,2026
20258,Scotland,-3.51965071396268,56.8378703535653,0.0002779657045988007,2026
20259,Scotland,-3.43772804583522,56.8388408401472,0.0002779657045988007,2026
20260,Scotland,-3.35580037452167,56.8397575880884,0.0002779657045988007,2026
20261,Scotland,-3.2738679845854,56.8406205906667,0.0002779657045988007,2026
20262,Scotland,-3.19193116069245,56.8414298415528,0.0002779657045988007,2026
20263,Scotland,-3.10999018760532,56.8421853348115,0.0004956696078558119,2026
20264,Scotland,-3.02804535017682,56.8428870649012,0.0004956696078558119,2026
20265,Scotland,-2.94609693334384,56.843535026674,0.0004956696078558119,2026
20266,Scotland,-2.86414522212122,56.8441292153765,0.0005582694328117258,2026
20267,Scotland,-2.78219050159549,56.8446696266491,0.0005601235119808671,2026
20268,Scotland,-2.70023305691874,56.8451562565266,0.0008732092556926697,2026
20269,Scotland,-2.61827317330233,56.8455891014384,0.006658213462393449,2026
20270,Scotland,-2.53631113601079,56.8459681582081,0.006965221794891943,2026
20271,Scotland,-2.45434723035553,56.8462934240541,0.01118622630051865,2026
20272,Scotland,-2.37238174168865,56.8465648965894,0.0008862181551828057,2026
20273,Scotland,-2.29041495539675,56.8467825738217,0.0030028706159327973,2026
20362,,-5.81486050691277,56.8337364577714,0.000293072703615849,2026
20363,Scotland,-5.73309574002591,56.8362115060473,0.00013931316666278382,2026
20364,Scotland,-5.65131801702873,56.8386330724512,0.00014943034096885228,2026
20365,Scotland,-5.56952761824158,56.841001139288,0.00014943034096885228,2026
20366,Scotland,-5.48772482425872,56.8433156892488,0.00014943034096885228,2026
20367,Scotland,-5.40590991594241,56.8455767054115,0.00014943034096885228,2026
20368,Scotland,-5.32408317441691,56.8477841712404,0.00023702033759814917,2026
20369,,-5.24224488106257,56.8499380705876,0.0003084243716994676,2026
20370,Scotland,-5.16039531750981,56.8520383876929,0.0003695832365815661,2026
20371,Scotland,-5.07853476563318,56.8540851071842,0.0003846738278028965,2026
20372,Scotland,-4.99666350754529,56.856078214078,0.00019740271121170515,2026
20373,Scotland,-4.91478182559088,56.8580176937799,0.00019740271121170515,2026
20374,Scotland,-4.83289000234071,56.859903532085,0.00019740271121170515,2026
20375,Scotland,-4.75098832058557,56.8617357151778,0.00019740271121170515,2026
20376,Scotland,-4.66907706333022,56.8635142296333,0.00019740271121170515,2026
20377,Scotland,-4.5871565137873,56.8652390624168,0.00019740271121170515,2026
20378,Scotland,-4.50522695537129,56.8669102008844,0.000209246458843226,2026
20379,Scotland,-4.4232886716924,56.8685276327834,0.000209246458843226,2026
20380,Scotland,-4.34134194655049,56.8700913462526,0.00020855358442601574,2026
20381,Scotland,-4.25938706392893,56.8716013298225,0.00020855358442601574,2026
20382,Scotland,-4.17742430798852,56.8730575724157,0.0002779657045988007,2026
20383,Scotland,-4.09545396306135,56.8744600633473,0.0002779657045988007,2026
20384,Scotland,-4.01347631364467,56.8758087923251,0.0002779657045988007,2026
20385,Scotland,-3.93149164439471,56.8771037494494,0.0002779657045988007,2026
20386,Scotland,-3.84950024012058,56.8783449252143,0.0002779657045988007,2026
20387,Scotland,-3.76750238577805,56.8795323105068,0.0002779657045988007,2026
20388,Scotland,-3.68549836646344,56.8806658966081,0.0002779657045988007,2026
20389,Scotland,-3.60348846740739,56.8817456751928,0.0002779657045988007,2026
20390,Scotland,-3.5214729739687,56.8827716383301,0.0002779657045988007,2026
20391,Scotland,-3.43945217162813,56.8837437784832,0.0002779657045988007,2026
20392,Scotland,-3.35742634598221,56.88466208851,0.0002779657045988007,2026
20393,Scotland,-3.27539578273702,56.8855265616631,0.0002779657045988007,2026
20394,Scotland,-3.19336076770198,56.88633719159,0.0002779657045988007,2026
20395,Scotland,-3.11132158678365,56.8870939723333,0.0002779657045988007,2026
20396,Scotland,-3.0292785259795,56.8877968983308,0.0004956696078558119,2026
20397,Scotland,-2.94723187137165,56.8884459644158,0.0004956696078558119,2026
20398,Scotland,-2.86518190912069,56.8890411658169,0.0004956696078558119,2026
20399,Scotland,-2.78312892545941,56.8895824981586,0.0004956696078558119,2026
20400,Scotland,-2.70107320668657,56.890069957461,0.0005730275471086748,2026
20401,Scotland,-2.61901503916066,56.89050354014,0.00044291722918305445,2026
20402,Scotland,-2.53695470929363,56.8908832430077,0.0004611434652350099,2026
20403,Scotland,-2.45489250354466,56.8912090632719,0.002644542096439134,2026
20404,Scotland,-2.37282870841391,56.891480998537,0.004882587116865397,2026
20405,Scotland,-2.29076361043626,56.8916990468031,0.0026204268151364986,2026
20495,Scotland,-5.73756882554742,56.8810331417354,0.0003541601916677386,2026
20496,Scotland,-5.65569365950051,56.8834588269136,0.00014943034096885228,2026
20497,Scotland,-5.57380576683128,56.8858309220445,0.00014943034096885228,2026
20498,Scotland,-5.49190542924834,56.8881494097553,0.00014943034096885228,2026
20499,Scotland,-5.40999292873006,56.890414273061,0.00014943034096885228,2026
20500,Scotland,-5.32806854751862,56.8926254953651,0.00014943034096885228,2026
20501,Scotland,-5.24613256811399,56.8947830604599,0.0001677641108334247,2026
20502,Scotland,-5.16418527326793,56.8968869525269,0.00019740271121170515,2026
20503,Scotland,-5.08222694597793,56.8989371561371,0.00019740271121170515,2026
20504,Scotland,-5.00025786948121,56.9009336562517,0.00031310335722514824,2026
20505,Scotland,-4.91827832724863,56.9028764382222,0.0002962493306365069,2026
20506,Scotland,-4.83628860297864,56.904765487791,0.0003140218049054361,2026
20507,Scotland,-4.75428898059118,56.9066007910917,0.000209246458843226,2026
20508,Scotland,-4.67227974422163,56.9083823346495,0.000209246458843226,2026
20509,Scotland,-4.59026117821463,56.9101101053813,0.000209246458843226,2026
20510,Scotland,-4.50823356711806,56.9117840905965,0.000209246458843226,2026
20511,Scotland,-4.42619719567682,56.9134042779969,0.000209246458843226,2026
20512,Scotland,-4.34415234882677,56.9149706556774,0.00020855358442601574,2026
20513,Scotland,-4.2620993116885,56.9164832121259,0.00020855358442601574,2026
20514,Scotland,-4.18003836956126,56.9179419362241,0.0002779657045988007,2026
20515,Scotland,-4.09796980791673,56.9193468172474,0.0002779657045988007,2026
20516,Scotland,-4.01589391239287,56.9206978448652,0.0002779657045988007,2026
20517,Scotland,-3.9338109687877,56.9219950091415,0.0002779657045988007,2026
20518,Scotland,-3.85172126305316,56.9232383005347,0.0002779657045988007,2026
20519,Scotland,-3.76962508128885,56.9244277098984,0.0002779657045988007,2026
20520,Scotland,-3.68752270973584,56.9255632284811,0.0002779657045988007,2026
20521,Scotland,-3.60541443477048,56.9266448479267,0.0002779657045988007,2026
20522,Scotland,-3.52330054289812,56.9276725602749,0.0002779657045988007,2026
20523,Scotland,-3.44118132074689,56.9286463579608,0.0002779657045988007,2026
20524,Scotland,-3.3590570550615,56.929566233816,0.0002779657045988007,2026
20525,Scotland,-3.27692803269693,56.9304321810679,0.0002779657045988007,2026
20526,Scotland,-3.19479454061223,56.9312441933405,0.0002779657045988007,2026
20527,Scotland,-3.11265686586422,56.9320022646543,0.0004956696078558119,2026
20528,Scotland,-3.03051529560124,56.9327063894263,0.0004956696078558119,2026
20529,Scotland,-2.94837011705691,56.9333565624706,0.0004956696078558119,2026
20530,Scotland,-2.8662216175438,56.9339527789982,0.0004956696078558119,2026
20531,Scotland,-2.78407008444719,56.9344950346173,0.0004956696078558119,2026
20532,Scotland,-2.70191580521877,56.9349833253331,0.000533721618689958,2026
20533,Scotland,-2.61975906737035,56.9354176475484,0.000563903195466499,2026
20534,Scotland,-2.53760015846762,56.9357979980632,0.0004620080242996164,2026
20535,Scotland,-2.45543936612376,56.9361243740752,0.0005823167077571829,2026
20536,Scotland,-2.37327697799325,56.9363967731797,0.002878691185875342,2026
20537,Scotland,-2.29111328176548,56.9366151933694,0.001187972052844056,2026
20538,Scotland,-2.20894856515854,56.936779633035,0.004383671215646726,2026
20626,Scotland,-5.82401474942163,56.9233707482147,0.0004771129906829174,2026
20627,Scotland,-5.74205491917285,56.9258542249153,0.00013931316666278382,2026
20628,Scotland,-5.66008202864238,56.9282840387008,0.00014943034096885228,2026
20629,Scotland,-5.57809636038151,56.9306601717453,0.00014943034096885228,2026
20630,Scotland,-5.49609819721911,56.9329826066117,0.00014943034096885228,2026
20631,Scotland,-5.41408782225571,56.9352513262522,0.00014943034096885228,2026
20632,Scotland,-5.33206551885737,56.937466314009,0.0001677641108334247,2026
20633,Scotland,-5.25003157064972,56.9396275536142,0.00019740271121170515,2026
20634,Scotland,-5.16798626151186,56.9417350291907,0.00019740271121170515,2026
20635,Scotland,-5.08592987557029,56.9437887252526,0.00019740271121170515,2026
20636,Scotland,-5.00386269719287,56.9457886267051,0.00019740271121170515,2026
20637,Scotland,-4.92178501098268,56.9477347188456,0.00019740271121170515,2026
20638,Scotland,-4.83969710177191,56.9496269873635,0.000209246458843226,2026
20639,Scotland,-4.75759925461578,56.9514654183412,0.000209246458843226,2026
20640,Scotland,-4.67549175478634,56.9532499982536,0.000209246458843226,2026
20641,Scotland,-4.59337488776641,56.9549807139694,0.000209246458843226,2026
20642,Scotland,-4.51124893924335,56.9566575527507,0.00020855358442601574,2026
20643,Scotland,-4.42911419510291,56.9582805022537,0.00020855358442601574,2026
20644,Scotland,-4.34697094142308,56.9598495505292,0.00020855358442601574,2026
20645,Scotland,-4.26481946446787,56.9613646860224,0.00020855358442601574,2026
20646,Scotland,-4.1826600506811,56.9628258975736,0.0002779657045988007,2026
20647,Scotland,-4.10049298668025,56.9642331744183,0.0002779657045988007,2026
20648,Scotland,-4.01831855925014,56.9655865061877,0.0002779657045988007,2026
20649,Scotland,-3.93613705533682,56.9668858829087,0.0002779657045988007,2026
20650,Scotland,-3.85394876204124,56.9681312950046,0.0002779657045988007,2026
20651,Scotland,-3.77175396661304,56.9693227332946,0.0002779657045988007,2026
20652,Scotland,-3.68955295644429,56.9704601889949,0.0002779657045988007,2026
20653,Scotland,-3.60734601906324,56.9715436537184,0.0002779657045988007,2026
20654,Scotland,-3.52513344212803,56.9725731194749,0.00027419927803383097,2026
20655,Scotland,-3.44291551342043,56.9735485786718,0.0002779657045988007,2026
20656,Scotland,-3.36069252083954,56.9744700241137,0.0002779657045988007,2026
20657,Scotland,-3.27846475239553,56.975337449003,0.0002779657045988007,2026
20658,Scotland,-3.19623249620331,56.9761508469399,0.0002779657045988007,2026
20659,Scotland,-3.11399604047624,56.9769102119226,0.0004889547430002859,2026
20660,Scotland,-3.03175567351982,56.9776155383474,0.0005170329809170123,2026
20661,Scotland,-2.94951168372539,56.9782668210093,0.0004956696078558119,2026
20662,Scotland,-2.86726435956382,56.9788640551012,0.0005170329809170123,2026
20663,Scotland,-2.78501398957914,56.979407236215,0.0004956696078558119,2026
20664,Scotland,-2.70276086238228,56.9798963603412,0.000533721618689958,2026
20665,Scotland,-2.62050526664467,56.980331423869,0.0005711307783716143,2026
20666,Scotland,-2.53824749109199,56.9807124235867,0.0005689955073921759,2026
20667,Scotland,-2.45598782449775,56.9810393566815,0.0005903129646618964,2026
20668,Scotland,-2.37372655567702,56.9813122207396,0.0006857284790844129,2026
20669,Scotland,-2.29146397348005,56.9815310137464,0.001128966014184136,2026
20670,Scotland,-2.20920036678593,56.9816957340866,0.010046074014405092,2026
20752,Scotland,-6.32066734881637,56.9521330348283,0.0003385788773364115,2026
20758,,-5.82861185790348,56.9681870488577,0.0005812724335666537,2026
20759,Scotland,-5.74655407312904,56.9706747548806,0.0003030004482874443,2026
20760,Scotland,-5.66448317556276,56.9731087071465,0.00036497165247752786,2026
20761,Scotland,-5.58239944888035,56.9754888877636,0.00022426086172322286,2026
20762,Scotland,-5.50030317703703,56.97781527923,0.00014943034096885228,2026
20763,Scotland,-5.41819464426142,56.980087864435,0.00014943034096885228,2026
20764,Scotland,-5.33607413504957,56.9823066266587,0.0001677641108334247,2026
20765,Scotland,-5.2539419341588,56.9844715495732,0.00019740271121170515,2026
20766,Scotland,-5.17179832660162,56.9865826172424,0.00019740271121170515,2026
20767,Scotland,-5.08964359763965,56.9886398141228,0.00019740271121170515,2026
20768,Scotland,-5.00747803277745,56.9906431250639,0.00019740271121170515,2026
20769,Scotland,-4.92530191775643,56.9925925353083,0.000209246458843226,2026
20770,Scotland,-4.84311553854868,56.9944880304924,0.000209246458843226,2026
20771,Scotland,-4.76091918135077,56.9963295966467,0.000209246458843226,2026
20772,Scotland,-4.67871313257766,56.9981172201962,0.00027888912152519826,2026
20773,Scotland,-4.59649767885641,56.9998508879606,0.00020855358442601574,2026
20774,Scotland,-4.51427310702008,57.0015305871546,0.00020855358442601574,2026
20775,Scotland,-4.43203970410145,57.0031563053888,0.0002779657045988007,2026
20776,Scotland,-4.34979775732682,57.0047280306694,0.0002779657045988007,2026
20777,Scotland,-4.2675475541098,57.0062457513986,0.0002779657045988007,2026
20778,Scotland,-4.18528938204503,57.0077094563753,0.0002779657045988007,2026
20779,Scotland,-4.10302352890197,57.0091191347949,0.00027419927803383097,2026
20780,Scotland,-4.02075028261858,57.0104747762501,0.00027419927803383097,2026
20781,Scotland,-3.93846993129513,57.0117763707308,0.0002779657045988007,2026
20782,Scotland,-3.85618276318784,57.0130239086243,0.0002779657045988007,2026
20783,Scotland,-3.77388906670264,57.0142173807161,0.0002779657045988007,2026
20784,Scotland,-3.69158913038887,57.0153567781893,0.0002779657045988007,2026
20785,Scotland,-3.60928324293296,57.0164420926258,0.0002779657045988007,2026
20786,Scotland,-3.5269716931521,57.0174733160057,0.00027419927803383097,2026
20787,Scotland,-3.44465476998798,57.0184504407079,0.00027419927803383097,2026
20788,Scotland,-3.36233276250041,57.0193734595104,0.0005695454998698065,2026
20789,Scotland,-3.28000595986101,57.0202423655902,0.0006700840735479064,2026
20790,Scotland,-3.19767465134687,57.0210571525237,0.0005695454998698065,2026
20791,Scotland,-3.11533912633419,57.0218178142867,0.0005660997663786365,2026
20792,Scotland,-3.03299967429195,57.0225243452548,0.0005519228081253141,2026
20793,Scotland,-2.95065658477554,57.0231767402032,0.0005491826014919918,2026
20794,Scotland,-2.86831014742042,57.0237749943074,0.0005929816553622293,2026
20795,Scotland,-2.78596065193572,57.0243191031425,0.0006185365846929871,2026
20796,Scotland,-2.70360838809792,57.0248090626842,0.0010757274841780254,2026
20797,Scotland,-2.62125364574442,57.0252448693082,0.0014352893970153865,2026
20798,Scotland,-2.53889671476722,57.0256265197909,0.0012567275399032643,2026
20799,Scotland,-2.4565378851065,57.0259540113089,0.002491209615753462,2026
20800,Scotland,-2.37417744674427,57.0262273414396,0.0005495474836311222,2026
20801,Scotland,-2.29181568969794,57.0264465081607,0.0003857228277594838,2026
20802,Scotland,-2.209452904014,57.0266115098509,0.0017089779653051411,2026
20870,Scotland,-7.4731421893297,56.9518875680632,0.0009927001423763815,2026
20883,Scotland,-6.40792202317846,56.9940531028852,0.00042443402869972343,2026
20884,Scotland,-6.32586610926411,56.9969214264191,0.0004061287443361976,2026
20891,Scotland,-5.75106633992647,57.0154947309202,0.00018261305056530095,2026
20892,Scotland,-5.66889715164768,57.0179328315804,0.00014943034096885228,2026
20893,Scotland,-5.58671508258754,57.0203170694687,0.00014943034096885228,2026
20894,Scotland,-5.50452041783363,57.0226474270186,0.00014943034096885228,2026
20895,Scotland,-5.4223134427488,57.0249238870555,0.00014943034096885228,2026
20896,Scotland,-5.34009444296512,57.0271464327978,0.0001677641108334247,2026
20897,Scotland,-5.2578637043777,57.0293150478566,0.0001677641108334247,2026
20898,Scotland,-5.17562151313859,57.031429716237,0.00019740271121170515,2026
20899,Scotland,-5.09336815565062,57.0334904223375,0.00019740271121170515,2026
20900,Scotland,-5.01110391856123,57.0354971509513,0.000209246458843226,2026
20901,Scotland,-4.92882908875631,57.0374498872663,0.000209246458843226,2026
20902,Scotland,-4.84654395335395,57.0393486168654,0.000209246458843226,2026
20903,Scotland,-4.76424879969833,57.0411933257272,0.0002779657045988007,2026
20904,Scotland,-4.68194391535343,57.0429840002261,0.0002779657045988007,2026
20905,Scotland,-4.59962958809681,57.0447206271328,0.0002779657045988007,2026
20906,Scotland,-4.5173061059134,57.0464031936146,0.0002779657045988007,2026
20907,Scotland,-4.43497375698924,57.0480316872358,0.0002779657045988007,2026
20908,Scotland,-4.35263282970519,57.0496060959579,0.0002779657045988007,2026
20909,Scotland,-4.27028361263069,57.0511264081401,0.0002779657045988007,2026
20910,Scotland,-4.18792639451744,57.0525926125395,0.0002779657045988007,2026
20911,Scotland,-4.10556146429316,57.0540046983114,0.0003602740784237958,2026
20912,Scotland,-4.02318911105521,57.0553626550096,0.00030620476469873025,2026
20913,Scotland,-3.94080962406435,57.0566664725866,0.0003037423822069031,2026
20914,Scotland,-3.85842329273839,57.057916141394,0.0002779657045988007,2026
20915,Scotland,-3.77603040664584,57.0591116521829,0.0002779657045988007,2026
20916,Scotland,-3.69363125549958,57.0602529961037,0.0002779657045988007,2026
20917,Scotland,-3.61122612915055,57.0613401647068,0.0002779657045988007,2026
20918,Scotland,-3.52881531758133,57.0623731499423,0.0002779657045988007,2026
20919,Scotland,-3.44639911089984,57.0633519441609,0.0002779657045988007,2026
20920,Scotland,-3.36397779933293,57.0642765401135,0.0002779657045988007,2026
20921,Scotland,-3.28155167322002,57.0651469309516,0.0004889547430002859,2026
20922,Scotland,-3.1991210230067,57.0659631102278,0.0005460135385076977,2026
20923,Scotland,-3.11668613923839,57.0667250718954,0.000642400821149518,2026
20924,Scotland,-3.03424731255388,57.067432810309,0.0006700840735479064,2026
20925,Scotland,-2.95180483367899,57.0680863202243,0.0012921955343790916,2026
20926,Scotland,-2.86935899342013,57.0686855967987,0.0028353134498540268,2026
20927,Scotland,-2.78691008265791,57.0692306355909,0.0014184989971124514,2026
20928,Scotland,-2.70445839234071,57.0697214325615,0.0028571174065684076,2026
20929,Scotland,-2.62200421347828,57.0701579840729,0.0028719004866240225,2026
20930,Scotland,-2.53954783713533,57.0705402868891,0.0028719004866240225,2026
20931,Scotland,-2.45708955442508,57.0708683381765,0.0019265606364316755,2026
20932,Scotland,-2.37462965650286,57.0711421355031,0.007827791098332381,2026
20933,Scotland,-2.29216843455965,57.0713616768394,0.001841819824491923,2026
20934,Scotland,-2.20970617981571,57.0715269605579,0.0017063526339603989,2026
20935,Scotland,-2.12724318351407,57.0716379854333,0.0032864179533022247,2026
21002,Scotland,-7.479723713778,56.9965986955653,0.0006018024872999542,2026
21003,,-7.39779310015207,57.0001692262319,0.0005570524181671379,2026
21016,Scotland,-6.33108002061191,57.0417091876696,0.00044435985358359505,2026
21020,Scotland,-6.00231460941467,57.0526638328401,0.00036664056767697915,2026
21021,Scotland,-5.92008735829271,57.0552678444612,0.0006219782094821837,2026
21023,Scotland,-5.75559177236115,57.060314152319,0.00018261305056530095,2026
21024,Scotland,-5.67332400856267,57.0627564113281,0.00014943034096885228,2026
21025,Scotland,-5.59104331203623,57.0651447162264,0.00014943034096885228,2026
21026,Scotland,-5.50874996900786,57.067479049382,0.00014943034096885228,2026
21027,Scotland,-5.42644426598075,57.0697593935567,0.00014943034096885228,2026
21028,Scotland,-5.3441264897291,57.0719857319063,0.0001677641108334247,2026
21029,Scotland,-5.26179692729197,57.0741580479812,0.00019740271121170515,2026
21030,Scotland,-5.1794558659671,57.0762763257266,0.00019740271121170515,2026
21031,Scotland,-5.09710359330468,57.0783405494834,0.00019740271121170515,2026
21032,Scotland,-5.01474039710121,57.080350703988,0.00027888912152519826,2026
21033,Scotland,-4.93236656539323,57.0823067743731,0.0002779657045988007,2026
21034,Scotland,-4.8499823864511,57.084208746168,0.0004221467117684828,2026
21035,Scotland,-4.76758814877276,57.0860566052991,0.0004926704642014596,2026
21036,Scotland,-4.68518414107747,57.08785033809,0.0002779657045988007,2026
21037,Scotland,-4.60277065229952,57.0895899312622,0.0002779657045988007,2026
21038,Scotland,-4.52034797158198,57.0912753719351,0.0002779657045988007,2026
21039,Scotland,-4.4379163882704,57.0929066476267,0.0002779657045988007,2026
21040,Scotland,-4.35547619190646,57.0944837462536,0.0002779657045988007,2026
21041,Scotland,-4.27302767222173,57.0960066561316,0.0002779657045988007,2026
21042,Scotland,-4.19057111913127,57.0974753659758,0.0002779657045988007,2026
21043,Scotland,-4.10810682272734,57.0988898649011,0.00027419927803383097,2026
21044,Scotland,-4.02563507327304,57.1002501424222,0.0003602740784237958,2026
21045,Scotland,-3.94315616119594,57.1015561884544,0.000539728834571401,2026
21046,Scotland,-3.86067037708175,57.1028079933132,0.0002779657045988007,2026
21047,Scotland,-3.7781780116679,57.1040055477151,0.0002779657045988007,2026
21048,Scotland,-3.69567935583719,57.1051488427774,0.0002779657045988007,2026
21049,Scotland,-3.6131747006114,57.106237870019,0.0002779657045988007,2026
21050,Scotland,-3.53066433714487,57.10727262136,0.0002779657045988007,2026
21051,Scotland,-3.44814855671811,57.1082530891226,0.0002779657045988007,2026
21052,Scotland,-3.36562765073139,57.1091792660304,0.0002779657045988007,2026
21053,Scotland,-3.2831019106983,57.1100511452096,0.0004956696078558119,2026
21054,Scotland,-3.20057162823936,57.1108687201885,0.0005416237496957716,2026
21055,Scotland,-3.11803709507556,57.1116319848979,0.0006700840735479064,2026
21056,Scotland,-3.03549860302193,57.1123409336713,0.0005427100953809379,2026
21057,Scotland,-2.95295644398109,57.1129955612448,0.001198876040049556,2026
21058,Scotland,-2.87041090993683,57.1135958627576,0.002617446120880219,2026
21059,Scotland,-2.78786229294764,57.114141833752,0.002678047891872743,2026
21060,Scotland,-2.70531088514023,57.1146334701734,0.003055229242793315,2026
21061,Scotland,-2.62275697870312,57.1150707683705,0.0013507892389663684,2026
21062,Scotland,-2.54020086588014,57.1154537250954,0.0007088350073309073,2026
21063,Scotland,-2.45764283896398,57.1157823375037,0.0008903031303660301,2026
21064,Scotland,-2.37508319028971,57.1160566031546,0.001867234848699965,2026
21065,Scotland,-2.29252221222833,57.1162765200107,0.008129756068110507,2026
21066,Scotland,-2.20996019718028,57.1164420864385,0.0035738313424352815,2026
21067,Scotland,-2.12739743756895,57.1165533012083,0.015798601269043533,2026
21153,Scotland,-5.92482357111653,57.1000780994128,0.0006002929433904322,2026
21156,Scotland,-5.67776379825466,57.1075794457111,0.00014943034096885228,2026
21157,Scotland,-5.59538418803489,57.1099718273982,0.00014943034096885228,2026
21158,Scotland,-5.51299188022786,57.1123101457212,0.00014943034096885228,2026
21160,Scotland,-5.34817032272356,57.1168245234612,0.00019740271121170515,2026
21161,Scotland,-5.26574164913797,57.1190005494603,0.00019740271121170515,2026
21162,Scotland,-5.1833014301761,57.1211224452606,0.00019740271121170515,2026
21163,Scotland,-5.10084995454172,57.1231901951447,0.00027888912152519826,2026
21164,Scotland,-5.01838751118661,57.125203783792,0.00027888912152519826,2026
21165,Scotland,-4.93591438930419,57.1271631962799,0.0002779657045988007,2026
21166,Scotland,-4.85343087832332,57.1290684180837,0.0002779657045988007,2026
21167,Scotland,-4.77093726790197,57.1309194350772,0.0002779657045988007,2026
21168,Scotland,-4.68843384792096,57.1327162335332,0.00046436434992266245,2026
21169,Scotland,-4.60592090847758,57.1344588001235,0.0002779657045988007,2026
21170,Scotland,-4.52339873987934,57.1361471219194,0.0002779657045988007,2026
21171,Scotland,-4.44086763263759,57.1377811863924,0.0002779657045988007,2026
21172,Scotland,-4.35832787746117,57.139360981414,0.0002779657045988007,2026
21173,Scotland,-4.27577976525009,57.1408864952563,0.0002779657045988007,2026
21174,Scotland,-4.19322358708912,57.1423577165923,0.0002779657045988007,2026
21175,Scotland,-4.11065963424141,57.1437746344963,0.0002779657045988007,2026
21176,Scotland,-4.02808819814213,57.1451372384437,0.0002779657045988007,2026
21177,Scotland,-3.94550957039205,57.1464455183121,0.0003602740784237958,2026
21178,Scotland,-3.86292404275114,57.147699464381,0.0005149738051012875,2026
21179,Scotland,-3.78033190713214,57.1488990673319,0.00030620476469873025,2026
21180,Scotland,-3.69773345559416,57.1500443182492,0.0002779657045988007,2026
21181,Scotland,-3.61512898033622,57.1511352086199,0.0002779657045988007,2026
21182,Scotland,-3.5325187736908,57.152171730334,0.0002779657045988007,2026
21183,Scotland,-3.44990312811745,57.1531538756848,0.0002779657045988007,2026
21184,Scotland,-3.36728233619626,57.1540816373689,0.00027419927803383097,2026
21185,Scotland,-3.28465669062143,57.1549550084867,0.0005416237496957716,2026
21186,Scotland,-3.20202648419482,57.1557739825423,0.0005695454998698065,2026
21187,Scotland,-3.11939200981945,57.1565385534437,0.0005416237496957716,2026
21188,Scotland,-3.036753560493,57.1572487155032,0.0006700840735479064,2026
21189,Scotland,-2.95411142930137,57.1579044634374,0.0008214078016917276,2026
21190,Scotland,-2.87146590941218,57.1585057923671,0.0006693374356717746,2026
21191,Scotland,-2.78881729406822,57.1590526978181,0.0008214078016917276,2026
21192,Scotland,-2.70616587658103,57.1595451757204,0.0008250034838403143,2026
21193,Scotland,-2.62351195032433,57.1599832224092,0.0007223113155277394,2026
21194,Scotland,-2.54085580872757,57.1603668346244,0.0027162110907726278,2026
21195,Scotland,-2.45819774526936,57.160696009511,0.0020906376035150255,2026
21196,Scotland,-2.375538053471,57.1609707446189,0.0018110320926086182,2026
21197,Scotland,-2.29287702688995,57.1611910379033,0.0009369147960250957,2026
21198,Scotland,-2.21021495911332,57.1613568877244,0.0014868779607201924,2026
21199,Scotland,-2.12755214375133,57.1614682928479,0.013766497460836849,2026
21283,Scotland,-6.09440930703548,57.1396079000902,0.000847171268813375,2026
21285,Scotland,-5.92957362932653,57.1448877775543,0.0006332579278413077,2026
21286,Scotland,-5.84713479487013,57.1474466032956,0.00039927246364509237,2026
21289,Scotland,-5.59973776166914,57.1547984023418,0.00014943034096885228,2026
21290,Scotland,-5.51724620143278,57.1571407154335,0.0001677641108334247,2026
21291,Scotland,-5.43474218104711,57.1594288559549,0.00019740271121170515,2026
21292,Scotland,-5.35222598958919,57.161662806936,0.00026310450405142815,2026
21293,Scotland,-5.26969791640453,57.1638425518044,0.00027888912152519826,2026
21294,Scotland,-5.18715825110082,57.1659680743854,0.00027888912152519826,2026
21295,Scotland,-5.10460728354172,57.1680393589027,0.00027888912152519826,2026
21296,Scotland,-5.02204530384049,57.1700563899789,0.0002779657045988007,2026
21297,Scotland,-4.93947260235374,57.1720191526355,0.0002779657045988007,2026
21298,Scotland,-4.85688946967512,57.1739276322935,0.0002779657045988007,2026
21299,Scotland,-4.77429619662893,57.1757818147742,0.0002779657045988007,2026
21300,Scotland,-4.69169307426383,57.1775816862987,0.0002779657045988007,2026
21301,Scotland,-4.60908039384648,57.1793272334893,0.0002779657045988007,2026
21302,Scotland,-4.52645844685515,57.181018443369,0.0002779657045988007,2026
21303,Scotland,-4.44382752497333,57.1826553033623,0.0002779657045988007,2026
21304,Scotland,-4.3611879200834,57.1842378012955,0.0002779657045988007,2026
21305,Scotland,-4.27853992426016,57.1857659253967,0.0002779657045988007,2026
21306,Scotland,-4.19588382976446,57.1872396642966,0.0002779657045988007,2026
21307,Scotland,-4.11321992903675,57.1886590070285,0.0002779657045988007,2026
21308,Scotland,-4.03054851469066,57.1900239430288,0.0002779657045988007,2026
21309,Scotland,-3.94786987950658,57.1913344621369,0.0002779657045988007,2026
21310,Scotland,-3.86518431642515,57.1925905545959,0.0005519228081253141,2026
21311,Scotland,-3.78249211854085,57.1937922110525,0.0010037021670982757,2026
21312,Scotland,-3.69979357909551,57.1949394225578,0.0003037423822069031,2026
21313,Scotland,-3.61708899147185,57.1960321805668,0.00030620476469873025,2026
21314,Scotland,-3.53437864918698,57.1970704769392,0.00027419927803383097,2026
21315,Scotland,-3.45166284588587,57.1980543039393,0.00027419927803383097,2026
21316,Scotland,-3.36894187533494,57.1989836542366,0.0003602740784237958,2026
21317,Scotland,-3.28621603141546,57.1998585209055,0.0006700840735479064,2026
21318,Scotland,-3.2034856081171,57.2006788974256,0.0005460135385076977,2026
21319,Scotland,-3.12075089953138,57.2014447776824,0.0006700840735479064,2026
21320,Scotland,-3.03801219984515,57.2021561559667,0.0006700840735479064,2026
21321,Scotland,-2.95526980333407,57.2028130269753,0.0007720777422677242,2026
21322,Scotland,-2.87252400435605,57.2034153858108,0.0006652883657985561,2026
21323,Scotland,-2.78977509734473,57.203963227982,0.0006939572360220558,2026
21324,Scotland,-2.70702337680296,57.204456549404,0.001235656704698713,2026
21325,Scotland,-2.62426913729618,57.2048953463979,0.0008250034838403143,2026
21326,Scotland,-2.54151267344594,57.2052796156917,0.002867509087224695,2026
21327,Scotland,-2.45875427992331,57.2056093544194,0.0017665186051389395,2026
21328,Scotland,-2.37599425144232,57.2058845601219,0.0018110320926086182,2026
21329,Scotland,-2.29323288275343,57.2061052307466,0.0019034569975832191,2026
21330,Scotland,-2.21047046863691,57.2062713646478,0.003645395703698081,2026
21331,Scotland,-2.12770730389637,57.2063829605863,0.01077691325622914,2026
21400,,-7.33511645054027,57.1378510073454,0.0006024430092730383,2026
21413,Scotland,-6.26434777879711,57.1789025466948,0.00042846676275402765,2026
21414,Scotland,-6.18186717647141,57.1816823208328,0.00018420857198803186,2026
21415,Scotland,-6.09937175208948,57.1844079808473,0.00045423266840187557,2026
21417,Scotland,-5.93433758887867,57.1896968780716,0.00039927246364509237,2026
21418,Scotland,-5.85179942670487,57.1922600760524,0.0006992137934224157,2026
21419,Scotland,-5.7692475957726,57.1947690814525,0.00014943034096885228,2026
21420,,-5.68668238517579,57.1972238756478,0.00014943034096885228,2026
21421,Scotland,-5.60410408430367,57.1996244404109,0.00022426086172322286,2026
21422,Scotland,-5.52151298283461,57.2019707579122,0.0002591871983281508,2026
21423,Scotland,-5.43890937072984,57.20426281072,0.00026310450405142815,2026
21424,Scotland,-5.35629353822716,57.206500581801,0.00027888912152519826,2026
21425,Scotland,-5.27366577583467,57.2086840545207,0.0002779657045988007,2026
21426,Scotland,-5.19102637432446,57.2108132126442,0.0002779657045988007,2026
21427,Scotland,-5.10837562472631,57.2128880403363,0.0002779657045988007,2026
21428,Scotland,-5.02571381832131,57.2149085221618,0.0002779657045988007,2026
21429,Scotland,-4.94304124663558,57.2168746430863,0.0002779657045988007,2026
21430,Scotland,-4.86035820143384,57.2187863884765,0.0002779657045988007,2026
21431,Scotland,-4.77766497471309,57.2206437441005,0.0002779657045988007,2026
21432,Scotland,-4.69496185869623,57.2224466961279,0.0002779657045988007,2026
21433,Scotland,-4.61224914582559,57.2241952311309,0.0002779657045988007,2026
21434,Scotland,-4.5295271287566,57.2258893360839,0.00046436434992266245,2026
21435,Scotland,-4.44679610035131,57.2275289983644,0.0002779657045988007,2026
21436,Scotland,-4.364056353672,57.229114205753,0.0002779657045988007,2026
21437,Scotland,-4.2813081819747,57.2306449464338,0.0002779657045988007,2026
21438,Scotland,-4.19855187870276,57.232121208995,0.0002779657045988007,2026
21439,Scotland,-4.11578773748035,57.2335429824287,0.0002779657045988007,2026
21440,Scotland,-4.03301605210603,57.2349102561316,0.0002779657045988007,2026
21441,Scotland,-3.95023711654622,57.2362230199052,0.0005100288528916931,2026
21442,Scotland,-3.86745122492872,57.2374812639559,0.0004889547430002859,2026
21443,Scotland,-3.78465867153622,57.2386849788956,0.0010542325169167486,2026
21444,Scotland,-3.70185975079976,57.2398341557415,0.0010481879493734407,2026
21445,Scotland,-3.61905475729222,57.2409287859168,0.0006700840735479064,2026
21446,Scotland,-3.53624398572181,57.2419688612505,0.0006700840735479064,2026
21447,Scotland,-3.45342773092548,57.2429543739781,0.0006700840735479064,2026
21448,Scotland,-3.37060628786245,57.2438853167414,0.0006700840735479064,2026
21449,Scotland,-3.28777995160759,57.2447616825888,0.0006700840735479064,2026
21450,Scotland,-3.20494901734488,57.2455834649757,0.0005416237496957716,2026
21451,Scotland,-3.1221137803609,57.2463506577643,0.0005519228081253141,2026
21452,Scotland,-3.03927453603816,57.2470632552242,0.0005660997663786365,2026
21453,Scotland,-2.95643157984862,57.2477212520322,0.0006199020580981637,2026
21454,Scotland,-2.87358520734706,57.2483246432725,0.0011951156654618753,2026
21455,Scotland,-2.79073571416449,57.2488734244372,0.0006939572360220558,2026
21456,Scotland,-2.70788339600159,57.2493675914259,0.00154922389323838,2026
21457,Scotland,-2.62502854862211,57.2498071405461,0.002489782640941966,2026
21458,Scotland,-2.54217146784624,57.2501920685132,0.0010457033880985045,2026
21459,Scotland,-2.45931244954407,57.2505223724506,0.004335776118785175,2026
21460,Scotland,-2.37645178962893,57.2507980498901,0.0034047091961067217,2026
21461,Scotland,-2.29358978405082,57.2510190987712,0.0033729057304602876,2026
21462,Scotland,-2.21072672878977,57.251185517442,0.0016356556601035757,2026
21463,Scotland,-2.12786291984929,57.2512973046588,0.0014590911841698268,2026
21464,Scotland,-2.04499865324969,57.2513544595862,0.0029351969336107266,2026
21532,Scotland,-7.34157825762594,57.1825710089832,0.0006096942846746288,2026
21533,Scotland,-7.25921788032997,57.186058185189,0.0005892848213845041,2026
21544,Scotland,-6.35208839964535,57.2208539085495,0.00024027204153336844,2026
21545,Scotland,-6.26952358476435,57.2236926182821,0.00018420857198803186,2026
21546,Scotland,-6.18694359912649,57.2264771427885,0.00026334809809872153,2026
21547,Scotland,-6.10434873140442,57.2292074613903,0.00019758548759041608,2026
21548,Scotland,-6.0217392705993,57.2318835538048,0.0002664916444732899,2026
21549,Scotland,-5.93911550603465,57.2345054001459,0.0003684931864375448,2026
21550,Scotland,-5.8564777273501,57.2370729809242,0.0007022431116182864,2026
21551,Scotland,-5.77382622449517,57.239586277048,0.0003684931864375448,2026
21552,Scotland,-5.691161287723,57.2420452698235,0.0002664916444732899,2026
21553,Scotland,-5.60848320758411,57.2444499409553,0.00023503559310841858,2026
21554,Scotland,-5.52579227492011,57.2468002725471,0.0001677641108334247,2026
21555,Scotland,-5.44308878085739,57.249096247102,0.00026310450405142815,2026
21556,Scotland,-5.36037301680081,57.2513378475229,0.00027888912152519826,2026
21557,Scotland,-5.27764527442736,57.2535250571134,0.0002779657045988007,2026
21558,Scotland,-5.19490584567985,57.2556578595776,0.0002779657045988007,2026
21559,Scotland,-5.1121550227605,57.2577362390211,0.0002779657045988007,2026
21560,Scotland,-5.02939309812458,57.2597601799509,0.0002779657045988007,2026
21561,Scotland,-4.94662036447407,57.2617296672764,0.0002779657045988007,2026
21562,Scotland,-4.86383711475117,57.2636446863095,0.0002779657045988007,2026
21563,Scotland,-4.78104364213195,57.2655052227647,0.0002779657045988007,2026
21564,Scotland,-4.69824024001991,57.2673112627602,0.0002779657045988007,2026
21565,Scotland,-4.6154272020395,57.2690627928176,0.0002779657045988007,2026
21566,Scotland,-4.53260482202973,57.2707597998625,0.0004956696078558119,2026
21567,Scotland,-4.44977339403764,57.2724022712251,0.0005100953728193573,2026
21568,Scotland,-4.36693321231185,57.2739901946403,0.0002779657045988007,2026
21569,Scotland,-4.28408457129609,57.2755235582478,0.0002779657045988007,2026
21570,Scotland,-4.20122776562266,57.2770023505928,0.0002779657045988007,2026
21571,Scotland,-4.11836309010595,57.2784265606264,0.00027419927803383097,2026
21572,Scotland,-4.0354908397359,57.2797961777054,0.00027419927803383097,2026
21573,Scotland,-3.95261130967149,57.281111191593,0.00030620476469873025,2026
21574,Scotland,-3.86972479523417,57.2823715924588,0.0006700840735479064,2026
21575,Scotland,-3.78683159190135,57.2835773708795,0.0009750128437712097,2026
21576,Scotland,-3.7039319952998,57.2847285178385,0.0009839468353960883,2026
21577,Scotland,-3.62102630119911,57.2858250247269,0.0006700840735479064,2026
21578,Scotland,-3.53811480550511,57.286866883343,0.000642400821149518,2026
21579,Scotland,-3.4551978042533,57.287854085893,0.000642400821149518,2026
21580,Scotland,-3.37227559360221,57.2887866249912,0.0006700840735479064,2026
21581,Scotland,-3.28934846982689,57.2896644936597,0.0006700840735479064,2026
21582,Scotland,-3.20641672931221,57.2904876853295,0.0005519228081253141,2026
21583,Scotland,-3.12348066854634,57.2912561938397,0.0005170329809170123,2026
21584,Scotland,-3.04054058411407,57.2919700134383,0.0005649666279302649,2026
21585,Scotland,-2.95759677269021,57.2926291387821,0.0005264915325792736,2026
21586,Scotland,-2.874649531033,57.2932335649369,0.0008214078016917276,2026
21587,Scotland,-2.79169915597741,57.2937832873778,0.0006981806681182447,2026
21588,Scotland,-2.70874594442856,57.2942783019889,0.001018809542492124,2026
21589,Scotland,-2.62579019335509,57.2947186050638,0.0009713225525076431,2026
21590,Scotland,-2.54283219978244,57.2951041933057,0.0010029219755586503,2026
21591,Scotland,-2.45987226078631,57.2954350638272,0.00187347102139693,2026
21592,Scotland,-2.37691067348594,57.2957112141506,0.003614754755959924,2026
21593,Scotland,-2.29394773503746,57.2959326422079,0.0018276068316389923,2026
21594,Scotland,-2.21098374262731,57.2960993463409,0.003283426665942123,2026
21595,Scotland,-2.12801899346548,57.2962113253011,0.0035714739143168197,2026
21596,Scotland,-2.04505378477894,57.2962685782501,0.0051612238269071655,2026
21664,,-7.34805895560131,57.2272902178995,0.0006214058714165251,2026
21676,Scotland,-6.35737898690148,57.2656385025061,0.0001926456363775248,2026
21677,Scotland,-6.27471456154595,57.2684820660058,0.00022889620326542687,2026
21678,Scotland,-6.19203490392228,57.2712713523573,0.00019916861013290863,2026
21679,Scotland,-6.10934030385785,57.274006340805,0.00019916861013290863,2026
21680,Scotland,-6.02663105151085,57.2766870109905,0.0003684931864375448,2026
21684,Scotland,-5.69565333368725,57.2868661158784,0.0006628176761679287,2026
21685,Scotland,-5.61287518343895,57.2892749033206,0.0005795218341376803,2026
21687,Scotland,-5.44728046102601,57.2939291645258,0.00026310450405142815,2026
21688,Scotland,-5.36446447373749,57.2961746035653,0.00027888912152519826,2026
21689,Scotland,-5.28163645943925,57.2983655590833,0.0002779657045988007,2026
21690,Scotland,-5.19879671125115,57.3005020147229,0.0002779657045988007,2026
21691,Scotland,-5.11594552255426,57.3025839545302,0.0002779657045988007,2026
21692,Scotland,-5.03308318698443,57.3046113629541,0.0002779657045988007,2026
21693,Scotland,-4.95020999842586,57.3065842248473,0.0002779657045988007,2026
21694,Scotland,-4.86732625100468,57.3085025254667,0.0002779657045988007,2026
21695,Scotland,-4.78443223908243,57.3103662504733,0.0002779657045988007,2026
21696,Scotland,-4.70152825724969,57.312175385933,0.0002779657045988007,2026
21697,Scotland,-4.61861460031947,57.3139299183168,0.0004956696078558119,2026
21698,Scotland,-4.53569156332081,57.3156298345016,0.0004956696078558119,2026
21699,Scotland,-4.45275944149221,57.3172751217696,0.0011138830986831994,2026
21700,Scotland,-4.36981853027516,57.3188657678098,0.0004889547430002859,2026
21701,Scotland,-4.28686912530756,57.3204017607174,0.00027419927803383097,2026
21702,Scotland,-4.20391152241718,57.3218830889946,0.0002779657045988007,2026
21703,Scotland,-4.12094601761514,57.3233097415507,0.0002779657045988007,2026
21704,Scotland,-4.03797290708932,57.3246817077028,0.0003037423822069031,2026
21705,Scotland,-3.95499248719777,57.3259989771755,0.00030951949087896916,2026
21706,Scotland,-3.87200505446216,57.3272615401015,0.00027419927803383097,2026
21707,Scotland,-3.78901090556116,57.328469387022,0.0006700840735479064,2026
21708,Scotland,-3.70601033732385,57.3296225088866,0.0006700840735479064,2026
21709,Scotland,-3.6230036467231,57.3307208970538,0.0006700840735479064,2026
21710,Scotland,-3.53999113086895,57.3317645432912,0.0008918873286139271,2026
21711,Scotland,-3.456973087002,57.3327534397758,0.0005519228081253141,2026
21712,Scotland,-3.37394981248675,57.3336875790938,0.0005660997663786365,2026
21713,Scotland,-3.29092160480499,57.3345669542414,0.0005660997663786365,2026
21714,Scotland,-3.2078887615491,57.3353915586246,0.0004956696078558119,2026
21715,Scotland,-3.12485158041545,57.3361613860594,0.0004889547430002859,2026
21716,Scotland,-3.04181035919774,57.3368764307722,0.0006700840735479064,2026
21717,Scotland,-2.95876539578026,57.3375366873996,0.000609555325642471,2026
21718,Scotland,-2.87571698813132,57.338142150989,0.0008214078016917276,2026
21719,Scotland,-2.7926654342965,57.3386928169981,0.0013390826758767598,2026
21720,Scotland,-2.709611032392,57.3391886812959,0.0019234580916621068,2026
21721,Scotland,-2.62655408059796,57.3396297401619,0.0050598534197080275,2026
21722,Scotland,-2.54349487715176,57.3400159902868,0.004544379570228462,2026
21723,Scotland,-2.46043372034133,57.3403474287723,0.00438771419013785,2026
21724,Scotland,-2.37737090849848,57.3406240531316,0.004947434064287416,2026
21725,Scotland,-2.29430673999215,57.3408458612887,0.003119317652441973,2026
21726,Scotland,-2.21124151322178,57.3410128515792,0.0030708029000511483,2026
21727,Scotland,-2.12817552661055,57.3411250227499,0.008967380174535997,2026
21728,Scotland,-2.04510907859872,57.3411823739593,0.002783130074011262,2026
21729,Scotland,-1.96204246763691,57.3411849047768,0.0019494789001890185,2026
21796,Scotland,-7.35455862076771,57.2720086323833,0.00045776676758296076,2026
21797,Scotland,-7.27200039222425,57.2755077234873,0.00056114487754651,2026
21807,Scotland,-6.44543383653104,57.3075196827755,0.00032870548937111627,2026
21808,,-6.36268509597504,57.3104224598423,0.0001926456363775248,2026
21809,Scotland,-6.27992077065356,57.313270888852,0.00022889620326542687,2026
21810,Scotland,-6.19714115121566,57.3160649485731,0.00014943034096885228,2026
21816,,-5.70015857645138,57.3316864131128,0.0006564188314494369,2026
21817,Scotland,-5.61728006408149,57.3340993268484,0.00020663511073070297,2026
21818,Scotland,-5.53438859447383,57.3364577158245,0.0002517733570831711,2026
21819,Scotland,-5.45148446110412,57.3387615624128,0.00044311451450754913,2026
21820,Scotland,-5.36856795773035,57.341010849388,0.00027888912152519826,2026
21821,Scotland,-5.28563937838641,57.343205559928,0.0002779657045988007,2026
21822,Scotland,-5.20269901737562,57.3453456776146,0.0002779657045988007,2026
21823,Scotland,-5.11974716926429,57.3474311864338,0.0002779657045988007,2026
21824,Scotland,-5.03678412887527,57.3494620707763,0.0002779657045988007,2026
21825,Scotland,-4.95381019128147,57.3514383154381,0.0002779657045988007,2026
21826,Scotland,-4.87082565179936,57.3533599056203,0.0002779657045988007,2026
21827,Scotland,-4.78783080598248,57.3552268269304,0.0002779657045988007,2026
21828,Scotland,-4.70482594961493,57.3570390653817,0.0002779657045988007,2026
21829,Scotland,-4.62181137870479,57.3587966073946,0.0005170329809170123,2026
21830,Scotland,-4.53878738947765,57.3604994397963,0.0005170329809170123,2026
21831,Scotland,-4.45575427837001,57.3621475498215,0.0004956696078558119,2026
21832,Scotland,-4.37271234202272,57.3637409251127,0.0008718003701644675,2026
21833,Scotland,-4.28966187727442,57.3652795537204,0.0005416237496957716,2026
21834,Scotland,-4.2066031811549,57.3667634241034,0.0005695454998698065,2026
21835,Scotland,-4.12353655087858,57.3681925251297,0.00027419927803383097,2026
21836,Scotland,-4.04046228383784,57.3695668460756,0.00030951949087896916,2026
21837,Scotland,-3.95738067759641,57.3708863766274,0.00030620476469873025,2026
21838,Scotland,-3.87429202988275,57.3721511068806,0.0002779657045988007,2026
21839,Scotland,-3.79119663858341,57.3733610273406,0.0005757092990815545,2026
21840,Scotland,-3.70809480173637,57.3745161289231,0.0006700840735479064,2026
21841,Scotland,-3.62498681752442,57.375616402954,0.0006700840735479064,2026
21842,Scotland,-3.54187298426844,57.3766618411699,0.0006700840735479064,2026
21843,Scotland,-3.45875360042076,57.3776524357183,0.000642400821149518,2026
21844,Scotland,-3.37562896455848,57.3785881791575,0.0005460135385076977,2026
21845,Scotland,-3.29249937537678,57.3794690644572,0.0005757092990815545,2026
21846,Scotland,-3.20936513168221,57.3802950849986,0.0005416237496957716,2026
21847,Scotland,-3.12622653238602,57.3810662345745,0.0005649666279302649,2026
21848,Scotland,-3.04308387649744,57.3817825073894,0.0006700840735479064,2026
21849,Scotland,-2.95993746311695,57.3824438980597,0.0006132654019310237,2026
21850,Scotland,-2.8767875914296,57.3830504016141,0.0006939572360220558,2026
21851,Scotland,-2.79363456069824,57.3836020134934,0.001178352653351429,2026
21852,Scotland,-2.71047867025685,57.3840987295506,0.0009425386549421687,2026
21853,Scotland,-2.62732021950377,57.3845405460516,0.0016856419474977524,2026
21854,Scotland,-2.54415950789498,57.3849274596743,0.002294603236307494,2026
21855,Scotland,-2.46099683493736,57.3852594675098,0.004361224446108452,2026
21856,Scotland,-2.37783250018197,57.3855365670615,0.004459959506703118,2026
21857,Scotland,-2.29466680321726,57.3857587562459,0.004220090759414947,2026
21858,Scotland,-2.21150004366237,57.3859260333923,0.0038947106553684453,2026
21859,Scotland,-2.12833252116038,57.3860383972426,0.0038064812337834965,2026
21860,Scotland,-2.04516453537155,57.3860958469522,0.0014489478274209238,2026
21861,Scotland,-1.96199638596655,57.3860983820889,0.0025127080357741816,2026
21862,Scotland,-1.87882837261976,57.386046002634,0.0007103264367756555,2026
21928,Scotland,-7.36107732984254,57.3167262507137,0.00047934222478965304,2026
21929,Scotland,-7.27841974709332,57.3202313208248,0.000556168758172183,2026
21937,,-6.61650528346792,57.3463193057687,0.00036664056767697915,2026
21940,Scotland,-6.36800678987338,57.3552057794899,0.00039927246364509237,2026
21941,Scotland,-6.28514227393584,57.3580590858013,0.00014943034096885228,2026
21942,Scotland,-6.20226240169432,57.3608579304638,0.00039927246364509237,2026
21944,Scotland,-6.03645775725701,57.3662921515969,0.00035186706867415996,2026
21947,Scotland,-5.78764293297538,57.3740345111647,0.000422160633701643,2026
21948,Scotland,-5.70467706969128,57.3765061608226,0.0002664916444732899,2026
21949,Scotland,-5.62169790201173,57.3789232108762,0.000969320765203428,2026
21950,Scotland,-5.53870572430602,57.3812856432272,0.000335858954082521,2026
21951,Scotland,-5.4557008312341,57.383593440181,0.00027888912152519826,2026
21952,Scotland,-5.37268351774016,57.3858465844476,0.0002779657045988007,2026
21953,Scotland,-5.28965407904614,57.3880450591419,0.0002779657045988007,2026
21954,Scotland,-5.20661281064527,57.3901888477838,0.0002779657045988007,2026
21955,Scotland,-5.12356000829559,57.3922779342992,0.0002779657045988007,2026
21956,Scotland,-5.0404959680134,57.3943123030202,0.0002779657045988007,2026
21957,Scotland,-4.95742098606683,57.3962919386853,0.0002779657045988007,2026
21958,Scotland,-4.87433535896919,57.3982168264403,0.0002779657045988007,2026
21959,Scotland,-4.79123938347252,57.4000869518382,0.0002779657045988007,2026
21960,Scotland,-4.70813335656097,57.40190230084,0.0004956696078558119,2026
21961,Scotland,-4.62501757544426,57.4036628598148,0.0005170329809170123,2026
21962,Scotland,-4.54189233755108,57.4053686155402,0.0005170329809170123,2026
21963,Scotland,-4.45875794052246,57.4070195552029,0.0005100288528916931,2026
21964,Scotland,-4.37561468220522,57.4086156663987,0.000366874895127222,2026
21965,Scotland,-4.2924628606453,57.4101569371332,0.0008665751474267934,2026
21966,Scotland,-4.20930277408116,57.4116433558218,0.0003755892006067327,2026
21967,Scotland,-4.1261347209371,57.4130749112903,0.0005695454998698065,2026
21968,Scotland,-4.04295899981661,57.4144515927749,0.0005100288528916931,2026
21969,Scotland,-3.95977590949574,57.4157733899227,0.0005170329809170123,2026
21970,Scotland,-3.87658574891638,57.4170402927919,0.0005170329809170123,2026
21971,Scotland,-3.79338881717962,57.4182522918524,0.0005660997663786365,2026
21972,Scotland,-3.710185413539,57.4194093779853,0.0006700840735479064,2026
21973,Scotland,-3.62697583739386,57.4205115424839,0.0005660997663786365,2026
21974,Scotland,-3.54376038828261,57.4215587770537,0.0005649666279302649,2026
21975,Scotland,-3.460539365876,57.4225510738123,0.0006700840735479064,2026
21976,Scotland,-3.37731306997041,57.4234884252902,0.0011840832579891054,2026
21977,Scotland,-3.29408180048111,57.4243708244306,0.0005460135385076977,2026
21978,Scotland,-3.21084585743552,57.4251982645895,0.0005519228081253141,2026
21979,Scotland,-3.12760554096647,57.4259707395363,0.0005660997663786365,2026
21980,Scotland,-3.04436115130543,57.4266882434537,0.0006094640652799438,2026
21981,Scotland,-2.96111298877579,57.4273507709378,0.0008214078016917276,2026
21982,Scotland,-2.87786135378604,57.4279583169984,0.0006939572360220558,2026
21983,Scotland,-2.79460654682307,57.4285108770591,0.001344905064987595,2026
21984,Scotland,-2.71134886844534,57.4290084469575,0.0020885252792837198,2026
21985,Scotland,-2.62808861927613,57.4294510229451,0.0008890465627651535,2026
21986,Scotland,-2.54482609999676,57.4298386016873,0.0024583461494013547,2026
21987,Scotland,-2.4615616113398,57.4301711802643,0.002523041145511681,2026
21988,Scotland,-2.37829545408229,57.4304487561701,0.004220090759414947,2026
21989,Scotland,-2.29502792903894,57.4306713273131,0.002034634147936887,2026
21990,Scotland,-2.21175933705536,57.4308388920165,0.004109896726576523,2026
21991,Scotland,-2.12848997900125,57.4309514490175,0.002744524352553405,2026
21992,Scotland,-2.04522015576361,57.431008997468,0.0015329891514244283,2026
21993,Scotland,-1.96195016823993,57.4310115369346,0.0014204569042523998,2026
21994,Scotland,-1.87868031733145,57.4309590673981,0.0007505448441649446,2026
22061,Scotland,-7.28485793577584,57.3649541347294,0.0008191752264744476,2026
22068,Scotland,-6.7050440826803,57.3880105700913,0.00036664056767697915,2026
22069,Scotland,-6.62214368596202,57.3910867645493,0.0003277772207300507,2026
22071,Scotland,-6.45629341849963,57.397075732082,0.0003738593100150942,2026
22072,Scotland,-6.37334413194936,57.399988460374,0.00039927246364509237,2026
22073,Scotland,-6.29037913358074,57.4028466558276,0.00039927246364509237,2026
22074,Scotland,-6.20739871637897,57.4056502970518,0.0003684931864375448,2026
22076,Scotland,-6.04139279913007,57.4110938332542,0.00038423338763236126,2026
22079,Scotland,-5.79227562607432,57.4188494691588,0.00025302987404174614,2026
22080,Scotland,-5.70920886737795,57.4213253582995,0.0001677641108334247,2026
22081,Scotland,-5.62612875001839,57.4237465547373,0.00019740271121170515,2026
22082,Scotland,-5.54303556955361,57.4261130403059,0.00027888912152519826,2026
22083,Scotland,-5.45992962183425,57.4284247972442,0.00044242476588133537,2026
22084,Scotland,-5.37681120299713,57.4306818081972,0.0002779657045988007,2026
22085,Scotland,-5.29368060945873,57.432884056216,0.0002779657045988007,2026
22086,Scotland,-5.21053813790868,57.4350315247588,0.0002779657045988007,2026
22087,Scotland,-5.12738408530325,57.4371241976909,0.0002779657045988007,2026
22088,Scotland,-5.04421874885874,57.4391620592853,0.0002779657045988007,2026
22089,Scotland,-4.96104242604497,57.4411450942231,0.0002779657045988007,2026
22090,Scotland,-4.8778554145787,57.4430732875941,0.0002779657045988007,2026
22091,Scotland,-4.79465801241699,57.4449466248969,0.0002779657045988007,2026
22092,Scotland,-4.71145051775066,57.4467650920395,0.0004956696078558119,2026
22093,Scotland,-4.62823322899762,57.4485286753396,0.0005170329809170123,2026
22094,Scotland,-4.54500644479624,57.4502373615251,0.0011696805352171154,2026
22095,Scotland,-4.46177046399874,57.4518911377343,0.0014613581310530348,2026
22096,Scotland,-4.37852558566451,57.4534899915162,0.00043733629287465587,2026
22097,Scotland,-4.29527210905345,57.4550339108312,0.0010381406444123584,2026
22098,Scotland,-4.21201033361929,57.4565228840508,0.0009554931065483096,2026
22099,Scotland,-4.12874055900287,57.4579568999588,0.0004248598972103295,2026
22100,Scotland,-4.0454630850255,57.4593359477507,0.0004889547430002859,2026
22101,Scotland,-3.96217821168219,57.4606600170345,0.0005170329809170123,2026
22102,Scotland,-3.87888623913497,57.461929097831,0.0005649666279302649,2026
22103,Scotland,-3.79558746770612,57.4631431805739,0.0006700840735479064,2026
22104,Scotland,-3.71228219787148,57.4643022561099,0.0006700840735479064,2026
22105,Scotland,-3.62897073025365,57.4654063156996,0.0005695454998698065,2026
22106,Scotland,-3.54565336561527,57.4664553510168,0.0005614002507795049,2026
22107,Scotland,-3.46233040485225,57.4674493541497,0.0005614002507795049,2026
22108,Scotland,-3.37900214898697,57.4683883176003,0.0011265896305741538,2026
22109,Scotland,-3.29566889916154,57.4692722342851,0.0011102650668413446,2026
22110,Scotland,-3.21233095663099,57.4701010975352,0.0010946908875400579,2026
22111,Scotland,-3.12898862275647,57.4708749010964,0.0010943916011087777,2026
22112,Scotland,-3.04564219899849,57.4715936391293,0.000644488494998801,2026
22113,Scotland,-2.96229198691007,57.4722573062096,0.0008214078016917276,2026
22114,Scotland,-2.87893828812995,57.4728658973283,0.0011954424642289828,2026
22115,Scotland,-2.79558140437579,57.4734194078916,0.0015843375583706409,2026
22116,Scotland,-2.71222163743732,57.4739178337214,0.002596248995915538,2026
22117,Scotland,-2.62885928916955,57.4743611710549,0.0025849198132510513,2026
22118,Scotland,-2.54549466148591,57.4747494165451,0.002670075283817325,2026
22119,Scotland,-2.46212805635145,57.475082567261,0.002048547885972719,2026
22120,Scotland,-2.37875977577598,57.4753606206872,0.0019133654325775406,2026
22121,Scotland,-2.29539012180728,57.4755835747242,0.001998439416176193,2026
22122,Scotland,-2.21201939652419,57.4757514276887,0.0018508351697846073,2026
22123,Scotland,-2.12864790202984,57.4758641783134,0.0020262688011684635,2026
22124,Scotland,-2.04527594044476,57.4759218257467,0.0008305924514006636,2026
22125,Scotland,-1.96190381390009,57.4759243695537,0.0007176559795242708,2026
22126,Scotland,-1.87853182453066,57.4758718097152,0.0006714906061087603,2026
22127,Scotland,-1.79516027446824,57.4757641466281,0.0009319456969375242,2026
22193,,-7.29131503468982,57.4096761635202,0.0005394043160174672,2026
22200,Scotland,-6.71079958605841,57.432772080613,0.00036664056767697915,2026
22201,Scotland,-6.62779867716638,57.4358535464924,0.00037224603769592626,2026
22202,Scotland,-6.54478111205857,57.438880453636,0.00037224603769592626,2026
22203,Scotland,-6.46174718382068,57.4418527793679,0.00039927246364509237,2026
22204,Scotland,-6.37869718590374,57.4447705014135,0.00039927246364509237,2026
22205,Scotland,-6.29563141211782,57.4476335978991,0.000401002818457632,2026
22206,Scotland,-6.21255015662562,57.4504420473533,0.0003684931864375448,2026
22208,Scotland,-6.04634237889837,57.4558949212965,0.0006059409701693325,2026
22211,Scotland,-5.79692197314802,57.463663865875,0.00035235745698013903,2026
22212,Scotland,-5.71375402377949,57.4661440048307,0.00019740271121170515,2026
22213,Scotland,-5.63057266118088,57.4685693577609,0.000209246458843226,2026
22214,Scotland,-5.54737818210532,57.4709399064309,0.00027888912152519826,2026
22215,Scotland,-5.46417088360063,57.4732556330129,0.0002779657045988007,2026
22216,Scotland,-5.38095106300277,57.4755165200862,0.0002779657045988007,2026
22217,Scotland,-5.29771901792928,57.4777225506382,0.0002779657045988007,2026
22218,Scotland,-5.21447504627273,57.4798737080648,0.0002779657045988007,2026
22219,Scotland,-5.13121944619414,57.4819699761703,0.0002779657045988007,2026
22220,Scotland,-5.0479525161164,57.4840113391686,0.0002779657045988007,2026
22221,Scotland,-4.96467455471761,57.4859977816829,0.0002779657045988007,2026
22222,Scotland,-4.88138586092454,57.4879292887467,0.0002779657045988007,2026
22223,Scotland,-4.79808673390592,57.489805845804,0.0002779657045988007,2026
22224,Scotland,-4.7147774730658,57.4916274387096,0.0004956696078558119,2026
22225,Scotland,-4.63145837803694,57.4933940537294,0.0004956696078558119,2026
22226,Scotland,-4.54812974867405,57.4951056775413,0.0005823292880305401,2026
22227,Scotland,-4.46479188504719,57.4967622972349,0.001435156908714556,2026
22228,,-4.38144508743498,57.4983639003124,0.0015765516697923037,2026
22229,,-4.29808965631796,57.4999104746883,0.0011723947087194596,2026
22231,Scotland,-4.13135409646065,57.5028384910605,0.0010861755338210492,2026
22232,Scotland,-4.04797456963027,57.5042199109526,0.0010381406444123584,2026
22233,Scotland,-3.9645876131014,57.5055462579357,0.0013021660777213881,2026
22234,Scotland,-3.8811935282629,57.5068175219927,0.0010811868372504958,2026
22235,Scotland,-3.79779261666504,57.5080336935213,0.0013448382767966911,2026
22236,Scotland,-3.71438518001265,57.5091947633335,0.0010910926330934558,2026
22237,Scotland,-3.63097152015837,57.5103007226568,0.001103260268676434,2026
22238,Scotland,-3.54755193909585,57.5113515631337,0.0005720751471542539,2026
22239,Scotland,-3.46412673895291,57.5123472768221,0.0006937739551083754,2026
22240,Scotland,-3.38069622198472,57.5132878561959,0.0006937739551083754,2026
22241,Scotland,-3.29726069056701,57.5141732941447,0.0006937739551083754,2026
22242,Scotland,-3.21382044718922,57.5150035839743,0.0015734282843822807,2026
22243,Scotland,-3.13037579444763,57.5157787194069,0.0006652883657985561,2026
22244,Scotland,-3.04692703503856,57.5164986945809,0.0008214078016917276,2026
22245,Scotland,-2.96347447175149,57.5171635040515,0.0011954424642289828,2026
22246,Scotland,-2.88001840746223,57.5177731427908,0.0011612789025643323,2026
22247,Scotland,-2.79655914512602,57.5183276061875,0.0015977280623976076,2026
22248,Scotland,-2.71309698777068,57.5188268900477,0.002581866681358223,2026
22249,Scotland,-2.62963223848978,57.5192709905944,0.004156374584256545,2026
22250,Scotland,-2.5461652004357,57.5196599044679,0.002336454117099962,2026
22251,Scotland,-2.4626961768128,57.519993628726,0.003661323317373051,2026
22252,Scotland,-2.3792254708705,57.5202721608439,0.004732043329656922,2026
22253,Scotland,-2.29575338589646,57.5204954987141,0.0020927072764495877,2026
22254,Scotland,-2.21228022520961,57.5206636406469,0.002079329041368552,2026
22255,Scotland,-2.12880629215335,57.5207765853701,0.0018185004998162925,2026
22256,Scotland,-2.0453318900886,57.5208343320291,0.001512092304535191,2026
22257,Scotland,-1.96185732238694,57.5208368801872,0.007595863982028591,2026
22258,Scotland,-1.87838289242369,57.5207842298252,0.002840594646186823,2026
22324,Scotland,-7.38074849399163,57.4508743114293,0.0005617752726286929,2026
22325,Scotland,-7.29779112067181,57.4543974055069,0.0009632928908746022,2026
22332,Scotland,-6.71657203843096,57.4775329002319,0.000459870028147859,2026
22334,Scotland,-6.55035188671314,57.483651749053,0.0003441146108101197,2026
22335,Scotland,-6.46721701888228,57.4866291735606,0.00037224603769592626,2026
22336,Scotland,-6.38406601578758,57.4895519015206,0.00039927246364509237,2026
22337,Scotland,-6.30089917242058,57.4924199109774,0.00039927246364509237,2026
22338,Scotland,-6.2177167841279,57.4952331803789,0.0002664916444732899,2026
22343,Scotland,-5.80158202995683,57.5084777005528,0.00044835653190191245,2026
22344,Scotland,-5.71831259346311,57.5109620996988,0.00019740271121170515,2026
22345,Scotland,-5.63502968887123,57.5133916192719,0.000209246458843226,2026
22346,Scotland,-5.55173361413601,57.5157662409685,0.00020855358442601574,2026
22347,Scotland,-5.46842466750897,57.5180859468934,0.00020855358442601574,2026
22348,Scotland,-5.38510314753174,57.5203507195604,0.0002779657045988007,2026
22349,Scotland,-5.30176935302951,57.5225605418929,0.0002779657045988007,2026
22350,Scotland,-5.21842358310434,57.5247153972236,0.0002779657045988007,2026
22351,Scotland,-5.13506613712864,57.5268152692961,0.0002779657045988007,2026
22352,Scotland,-5.05169731473845,57.5288601422644,0.0002779657045988007,2026
22353,Scotland,-4.96831741582681,57.5308500006938,0.0002779657045988007,2026
22354,Scotland,-4.88492674053712,57.5327848295611,0.0002779657045988007,2026
22355,Scotland,-4.8015255892564,57.5346646142554,0.0004956696078558119,2026
22356,Scotland,-4.71811426260866,57.5364893405779,0.0004956696078558119,2026
22357,Scotland,-4.63469306144815,57.5382589947427,0.0005304130739309337,2026
22358,Scotland,-4.55126228685263,57.5399735633772,0.0012422453710107767,2026
22359,Scotland,-4.46782224011666,57.5416330335223,0.0015235378278887666,2026
22360,Scotland,-4.38437322274484,57.5432373926328,0.0010740650900886795,2026
22361,Scotland,-4.30091553644505,57.5447866285776,0.001144183215224041,2026
22364,Scotland,-4.05049348396366,57.5491034823291,0.0015887012683902316,2026
22365,Scotland,-3.96700414285923,57.550432112598,0.0015383538586503786,2026
22366,Scotland,-3.8835076441781,57.5517055652714,0.0020413105358328474,2026
22367,Scotland,-3.80000429070525,57.5529238307103,0.002241484714238602,2026
22368,Scotland,-3.71649438538135,57.5540868996923,0.0014521414639823203,2026
22369,Scotland,-3.63297823129588,57.5551947634114,0.0014521414639823203,2026
22370,Scotland,-3.54945613168027,57.5562474134784,0.001103260268676434,2026
22371,Scotland,-3.4659283899011,57.5572448419213,0.0010036419781323282,2026
22372,Scotland,-3.38239530945315,57.5581870411853,0.0010033675592979623,2026
22373,Scotland,-3.29885719395262,57.5590740041332,0.0008162239501896812,2026
22374,Scotland,-3.21531434713016,57.5599057240453,0.001187900910522285,2026
22375,Scotland,-3.13176707282405,57.5606821946199,0.0015734282843822807,2026
22376,Scotland,-3.04821567497328,57.5614034099734,0.0012625018001254497,2026
22377,Scotland,-2.96466045761065,57.5620693646402,0.002220989301703618,2026
22378,Scotland,-2.88110172485586,57.5626800535733,0.002555969391549976,2026
22379,Scotland,-2.79753978090863,57.5632354721441,0.0025706336142207005,2026
22380,Scotland,-2.71397493004175,57.5637356161426,0.0023462203460249396,2026
22381,Scotland,-2.63040747659421,57.5641804817775,0.0026896061009115528,2026
22382,Scotland,-2.5468377249642,57.5645700656765,0.002240156688794861,2026
22383,Scotland,-2.46326597960228,57.564904364886,0.003403861291304439,2026
22384,Scotland,-2.37969254500439,57.5651833768717,0.004999846219453416,2026
22385,Scotland,-2.29611772570491,57.5654070995183,0.0020118564274388953,2026
22386,Scotland,-2.21254182626979,57.5655755311294,0.002111770496700927,2026
22387,Scotland,-2.12896515128957,57.5656886704282,0.0011358266972398689,2026
22388,Scotland,-2.04538800537244,57.5657465165568,0.0011392462340025942,2026
22389,Scotland,-1.96181069313731,57.5657490690767,0.0022088417666204854,2026
22390,Scotland,-1.8782335192069,57.5656963279687,0.0017747747416125177,2026
22466,Scotland,-6.55593909132456,57.528422377798,0.0005075332202755763,2026
22469,Scotland,-6.30618247770883,57.5372055940184,0.0003684931864375448,2026
22470,Scotland,-6.22289866091932,57.5400236951328,0.0003547879737860892,2026
22473,Scotland,-5.97295653018448,57.5481487884156,0.0007162661651433743,2026
22475,Scotland,-5.8062558525688,57.5532909724273,0.0005679969287927493,2026
22477,Scotland,-5.63949988675619,57.558213338591,0.0002883853254224047,2026
22478,Scotland,-5.5561019181087,57.5605920432806,0.00020855358442601574,2026
22479,Scotland,-5.47269102481658,57.5629157382885,0.00020855358442601574,2026
22480,Scotland,-5.38926750663374,57.5651844060624,0.0002779657045988007,2026
22481,Scotland,-5.30583166359958,57.567398029461,0.0002779657045988007,2026
22482,Scotland,-5.22238379603233,57.5695565917541,0.0002779657045988007,2026
22483,Scotland,-5.13892420452238,57.5716600766238,0.0002779657045988007,2026
22484,Scotland,-5.05545318992559,57.5737084681641,0.0002779657045988007,2026
22485,Scotland,-4.97197105335661,57.575701750882,0.0002779657045988007,2026
22486,Scotland,-4.88847809618215,57.5776399096975,0.0002779657045988007,2026
22487,Scotland,-4.80497462001425,57.5795229299443,0.0004956696078558119,2026
22488,Scotland,-4.72146092670354,57.5813507973698,0.0004956696078558119,2026
22489,Scotland,-4.6379373183325,57.5831234981361,0.0012437377525840695,2026
22490,Scotland,-4.55440409720867,57.5848410188197,0.0011696805352171154,2026
22491,Scotland,-4.47086156585787,57.5865033464125,0.001337534485162992,2026
22493,Scotland,-4.30374978362939,57.5896623723704,0.0005579139761044743,2026
22494,Scotland,-4.22018113883357,57.5911590467978,0.0008787863446537461,2026
22495,Scotland,-4.13660439596093,57.5926004802594,0.0012688028310024327,2026
22499,Scotland,-3.80222251662347,57.5978135921562,0.001768467021466613,2026
22500,Scotland,-3.71860983953745,57.598978665222,0.0009976380794185396,2026
22501,Scotland,-3.6349908879882,57.6000884380186,0.0009444502693413654,2026
22502,Scotland,-3.55136596645182,57.601142902125,0.0014139137783825103,2026
22503,Scotland,-3.46773537954048,57.602142049539,0.001563505906685023,2026
22504,Scotland,-3.38409943199548,57.603085872677,0.0015475616973281215,2026
22505,Scotland,-3.30045842868031,57.6039743643746,0.0030190179338095966,2026
22506,Scotland,-3.21681267457378,57.6048075178869,0.0015237744990627407,2026
22507,Scotland,-3.13316247476304,57.605585326888,0.002608304235230481,2026
22508,Scotland,-3.04950813443663,57.6063077854721,0.0015573830471393541,2026
22509,Scotland,-2.96584995887758,57.6069748881528,0.0011112635134003632,2026
22510,Scotland,-2.88218825345642,57.6075866298639,0.001797808460653398,2026
22511,Scotland,-2.79852332362423,57.6081430059591,0.0017565246831083704,2026
22512,Scotland,-2.71485547490571,57.6086440122127,0.005327025126922899,2026
22513,Scotland,-2.63118501289215,57.6090896448188,0.0023759229082796745,2026
22514,Scotland,-2.54751224323454,57.6094799003922,0.0021125407919516505,2026
22515,Scotland,-2.46383747163653,57.6098147759683,0.009196061194312209,2026
22516,Scotland,-2.38016100384749,57.6100942690031,0.0013768132318738248,2026
22517,Scotland,-2.29648314565551,57.6103183773731,0.0012099946795521119,2026
22518,Scotland,-2.21280420288045,57.6104870993757,0.0011234584302149168,2026
22519,Scotland,-2.12912448136692,57.610600433729,0.0013464050767774964,2026
22520,Scotland,-2.04544428697734,57.610658379572,0.0013170936131302058,2026
22521,Scotland,-1.96176392558491,57.6106609364645,0.0017803624754075648,2026
22522,Scotland,-1.87808370306663,57.6106081043873,0.0014315895025493561,2026
22589,Scotland,-7.31080056329565,57.5438375222563,0.0007635958543507569,2026
22601,Scotland,-6.31148139155105,57.5819906459713,0.0003435494685006618,2026
22602,Scotland,-6.22809584937567,57.5848135906137,0.00048720872286951987,2026
22608,Scotland,-5.72747019245355,57.6005966315548,0.0002742763260060955,2026
22609,Scotland,-5.64398330879918,57.6030345150345,0.00020855358442601574,2026
22610,Scotland,-5.56048314677654,57.6054173127256,0.00020855358442601574,2026
22611,Scotland,-5.47697000706433,57.6077450065972,0.0002779657045988007,2026
22612,Scotland,-5.39344419063538,57.6100175790308,0.0002779657045988007,2026
22613,Scotland,-5.30990599874997,57.6122350128201,0.00044308116477703594,2026
22614,Scotland,-5.22635573294914,57.6143972911718,0.0002779657045988007,2026
22615,Scotland,-5.14279369504797,57.616504397706,0.0002779657045988007,2026
22616,Scotland,-5.05922018712885,57.6185563164565,0.0002779657045988007,2026
22617,Scotland,-4.97563551153472,57.6205530318715,0.0002779657045988007,2026
22618,Scotland,-4.89203997086234,57.622494528814,0.0004956696078558119,2026
22619,Scotland,-4.8084338679555,57.6243807925619,0.0007900019967621748,2026
22620,Scotland,-4.72481750589823,57.6262118088088,0.000813251888986131,2026
22621,Scotland,-4.64119118800801,57.6279875636642,0.0004956696078558119,2026
22622,Scotland,-4.55755521782892,57.6297080436538,0.0004956696078558119,2026
22623,Scotland,-4.47390989912487,57.6313732357199,0.0006011242731153382,2026
22624,Scotland,-4.39025553587269,57.6329831272221,0.001219702104880445,2026
22626,Scotland,-4.22292089265506,57.6360369600598,0.0008878464262952294,2026
22627,Scotland,-4.13924122164634,57.6374808782024,0.0015010741260212941,2026
22628,,-4.05555372398924,57.638869449396,0.0013855946864300812,2026
22634,Scotland,-3.55328146662204,57.6460380291474,0.002475000636664133,2026
22635,Scotland,-3.4695477298361,57.6470388997667,0.002362965022655059,2026
22636,Scotland,-3.38580861032938,57.6479843507792,0.007200303311544404,2026
22637,Scotland,-3.30206441421965,57.6488743749932,0.0072904523173340325,2026
22638,Scotland,-3.21831544774077,57.6497089656381,0.00693894725428952,2026
22639,Scotland,-3.13456201723568,57.6504881163641,0.0012941363708221148,2026
22640,Scotland,-3.05080442914947,57.6512118212427,0.0012361446981986168,2026
22641,Scotland,-2.96704299002233,57.6518800747668,0.0015954856685667519,2026
22642,Scotland,-2.88327800648256,57.6524928718508,0.001569091418884541,2026
22643,Scotland,-2.79950978523959,57.653050207831,0.0016052012833137996,2026
22644,Scotland,-2.71573863307696,57.6535520784652,0.0030871308336676852,2026
22645,Scotland,-2.63196485684529,57.6539984799333,0.01029264133558502,2026
22646,Scotland,-2.54818876345526,57.6543894088373,0.003502257620228243,2026
22647,Scotland,-2.46441065987065,57.6547248622011,0.0027378908023447703,2026
22648,Scotland,-2.38063085310121,57.655004837471,0.0010489112830902529,2026
22649,Scotland,-2.29684965019572,57.6552293325156,0.0005702113526740843,2026
22650,Scotland,-2.21306735823495,57.6553983456256,0.000716967478913122,2026
22651,Scotland,-2.12928428432457,57.6555118755145,0.0012995838748118865,2026
22652,Scotland,-2.04550073558818,57.6555699213179,0.006412635719625664,2026
22653,Scotland,-1.96171701916027,57.6555724825939,0.001983968477696831,2026
22719,Scotland,-7.48383404288752,57.5814191886718,0.0006859682408835302,2026
22720,Scotland,-7.40059385568064,57.5850151438616,0.00032242702470397744,2026
22721,Scotland,-7.31733407572893,57.5885563935888,0.0005845678478157263,2026
22722,Scotland,-7.23405499719424,57.5920429112021,0.0009515705178246025,2026
22732,Scotland,-6.40026780683076,57.6238922452745,0.00047352554306905184,2026
22733,Scotland,-6.3167959778668,57.6267750657791,0.00035186706867415996,2026
22734,Scotland,-6.2333084122173,57.6296028658137,0.00046522874792591845,2026
22740,Scotland,-5.73206933240906,57.6454130670855,0.0005161930611481193,2026
22741,Scotland,-5.64848000926239,57.6478551479146,0.00020855358442601574,2026
22742,Scotland,-5.56487735318481,57.6502420486573,0.00020855358442601574,2026
22743,Scotland,-5.48126166607858,57.6525737512144,0.00020855358442601574,2026
22744,Scotland,-5.39763325014213,57.6548502379007,0.0005183928554926075,2026
22745,Scotland,-5.31399240786333,57.6570714914446,0.0002779657045988007,2026
22746,Scotland,-5.23033944201274,57.6592374949891,0.0002779657045988007,2026
22747,Scotland,-5.14667465563685,57.6613482320922,0.0002779657045988007,2026
22748,Scotland,-5.06299835205132,57.6634036867272,0.0002779657045988007,2026
22749,Scotland,-4.97931083483417,57.6654038432833,0.0002779657045988007,2026
22750,Scotland,-4.89561240781897,57.6673486865659,0.0002779657045988007,2026
22751,Scotland,-4.81190337508805,57.6692382017971,0.0002779657045988007,2026
22752,Scotland,-4.72818404096563,57.6710723746163,0.0002779657045988007,2026
22753,Scotland,-4.644454710011,57.6728511910799,0.0004956696078558119,2026
22754,Scotland,-4.56071568701164,57.6745746376627,0.0002779657045988007,2026
22755,Scotland,-4.47696727697634,57.6762427012574,0.000533721618689958,2026
22756,Scotland,-4.39320978512835,57.6778553691754,0.0005892385363591118,2026
22757,Scotland,-4.30944351689842,57.6794126291471,0.0012445858693655232,2026
22767,Scotland,-3.4713654628752,57.6919353926961,0.0013835738092083838,2026
22768,Scotland,-3.38752286528785,57.6928824756004,0.002253911435427651,2026
22769,Scotland,-3.30367517014856,57.6937740361133,0.005703052807086592,2026
22770,Scotland,-3.21982268495321,57.6946100674382,0.002787941934125043,2026
22774,Scotland,-2.88437099722655,57.6973987797232,0.0022505433364558417,2026
22775,,-2.80049917778811,57.6979570779585,0.002056970104841735,2026
22783,,-2.12944456211246,57.7004229960277,0.0011148253871205056,2026
22784,,-2.04555735189364,57.7004811420383,0.0011629893157236225,2026
22851,Scotland,-7.49058955178361,57.626125010746,0.0006200848768314072,2026
22852,Scotland,-7.40724805574807,57.6297271400991,0.0004757994354237403,2026
22853,Scotland,-7.32388688681887,57.6332744712565,0.00018697353418192515,2026
22854,Scotland,-7.24050634033485,57.6367669774667,0.00041204380284750913,2026
22855,Scotland,-7.15710671207079,57.6402046323803,0.0007970824816379882,2026
22856,Scotland,-7.07368829823112,57.643587410051,0.0005618404529831923,2026
22865,Scotland,-6.32212630092911,57.6715588523785,0.00044562881173400136,2026
22872,Scotland,-5.73668210694827,57.6902289480391,0.0008534181540118955,2026
22873,Scotland,-5.6529900427088,57.692675236539,0.0009947365218914476,2026
22874,Scotland,-5.5692845906729,57.6950662504256,0.0002883853254224047,2026
22875,Scotland,-5.48556605397311,57.6974019715313,0.0004760500676840232,2026
22876,Scotland,-5.40183473604019,57.6996823821035,0.00020855358442601574,2026
22877,Scotland,-5.31809094059633,57.7019074648051,0.00020855358442601574,2026
22878,Scotland,-5.23433497164837,57.7040772027151,0.0002779657045988007,2026
22879,Scotland,-5.150567133481,57.706191579329,0.0002779657045988007,2026
22880,Scotland,-5.06678773064993,57.7082505785593,0.0002779657045988007,2026
22881,Scotland,-4.98299706797505,57.7102541847359,0.0002779657045988007,2026
22882,Scotland,-4.89919545053358,57.7122023826063,0.0002779657045988007,2026
22883,Scotland,-4.81538318365322,57.7140951573366,0.0002779657045988007,2026
22884,Scotland,-4.73156057290524,57.7159324945113,0.0002779657045988007,2026
22885,Scotland,-4.64772792409759,57.7177143801341,0.0002779657045988007,2026
22886,Scotland,-4.56388554326802,57.7194408006281,0.0004956696078558119,2026
22887,Scotland,-4.48003373667712,57.7211117428362,0.000533721618689958,2026
22888,Scotland,-4.3961728108014,57.7227271940215,0.000533721618689958,2026
22889,Scotland,-4.31230307232635,57.7242871418677,0.0006236279572371412,2026
22890,Scotland,-4.22842482813946,57.7257915744794,0.002512656858079678,2026
22891,Scotland,-4.14453838532328,57.7272404803822,0.00314526210127724,2026
22893,Scotland,-3.9767421330665,57.7299716682723,0.0017444311339858743,2026
22985,Scotland,-7.3304590755378,57.6779917535192,0.0005842407727345363,2026
23005,Scotland,-5.65751346400427,57.737494780211,0.0005281851385347729,2026
23006,Scotland,-5.5737049128764,57.7398899173764,0.00043835936360389003,2026
23007,Scotland,-5.48988322315119,57.742229666935,0.00020855358442601574,2026
23008,Scotland,-5.40604869949849,57.7445140110668,0.00020855358442601574,2026
23009,Scotland,-5.3222016468816,57.7467429323687,0.00020855358442601574,2026
23010,Scotland,-5.23834237055046,57.7489164138555,0.0002779657045988007,2026
23011,Scotland,-5.15447117603477,57.7510344389599,0.0002779657045988007,2026
23012,Scotland,-5.07058836913714,57.753096991533,0.0002779657045988007,2026
23013,Scotland,-4.98669425592618,57.7551040558451,0.0002779657045988007,2026
23014,Scotland,-4.90278914272962,57.7570556165858,0.0002779657045988007,2026
23015,Scotland,-4.81887333612742,57.7589516588646,0.0002779657045988007,2026
23016,Scotland,-4.73494714294478,57.7607921682111,0.0002779657045988007,2026
23017,Scotland,-4.65101087024524,57.7625771305757,0.0002779657045988007,2026
23018,Scotland,-4.56706482532373,57.7643065323297,0.0002779657045988007,2026
23019,Scotland,-4.48310931569956,57.765980360266,0.0004956696078558119,2026
23020,Scotland,-4.39914464910949,57.7675986015991,0.0004956696078558119,2026
23021,Scotland,-4.31517113350067,57.7691612439656,0.0005304130739309337,2026
23022,Scotland,-4.23118907702368,57.7706682754248,0.0006322961739021797,2026
23023,Scotland,-4.14719878802553,57.7721196844587,0.0008171572749858929,2026
23024,Scotland,-4.06320057504254,57.7735154599723,0.0013925718137229458,2026
23025,Scotland,-3.97919474679341,57.7748555912943,0.002908844575260105,2026
23026,Scotland,-3.89518161217207,57.7761400681769,0.001532238889501935,2026
23119,Scotland,-7.16986274084545,57.7296622556601,0.0008314250316665668,2026
23136,Scotland,-5.74594878446567,57.7798590432501,0.0007849807996282135,2026
23137,Scotland,-5.66205032831964,57.7823137782295,0.0005583840723390879,2026
23138,Scotland,-5.57813837372911,57.7847130488511,0.0010385766479830193,2026
23139,Scotland,-5.49421322630751,57.7870568368088,0.00025060911679804937,2026
23140,Scotland,-5.41027519197059,57.7893451242146,0.00020855358442601574,2026
23141,Scotland,-5.32632457692962,57.7915778935993,0.00020855358442601574,2026
23142,Scotland,-5.24236168768447,57.7937551279129,0.00020855358442601574,2026
23143,Scotland,-5.15838683101672,57.795876810525,0.0002779657045988007,2026
23144,Scotland,-5.07440031398277,57.7979429252253,0.0002779657045988007,2026
23145,Scotland,-4.99040244390685,57.799953456224,0.0002779657045988007,2026
23146,Scotland,-4.90639352837413,57.8019083881524,0.0002779657045988007,2026
23147,Scotland,-4.82237387522373,57.8038077060631,0.0002779657045988007,2026
23148,Scotland,-4.73834379254174,57.8056513954306,0.0002779657045988007,2026
23149,Scotland,-4.65430358865425,57.8074394421516,0.0002779657045988007,2026
23150,Scotland,-4.57025357212032,57.8091718325455,0.0002779657045988007,2026
23151,Scotland,-4.486194051725,57.8108485533548,0.0005170329809170123,2026
23152,Scotland,-4.40212533647225,57.812469591745,0.0004956696078558119,2026
23153,Scotland,-4.31804773557792,57.8140349353058,0.0004956696078558119,2026
23154,Scotland,-4.2339615584627,57.8155445720507,0.0005966232009743694,2026
23155,Scotland,-4.14986711474506,57.8169984904176,0.0008171572749858929,2026
23156,Scotland,-4.06576471423413,57.8183966792694,0.001452716091074584,2026
23157,Scotland,-3.98165466692265,57.8197391278937,0.002797299103358574,2026
23159,,-3.81341287274436,57.8222567637383,0.0017493772838743204,2026
23253,Scotland,-7.00880027810662,57.7811352724039,0.00022944853279691018,2026
23254,Scotland,-6.9250380778572,57.7844251510567,0.00023891653482042372,2026
23268,Scotland,-5.75060280056927,57.8246732560134,0.0009223462299164001,2026
23270,,-5.58258502746511,57.8295356441871,0.001026194372649415,2026
23271,Scotland,-5.49855611643022,57.8318834805318,0.0005281851385347729,2026
23272,Scotland,-5.41451426519669,57.8341757209671,0.0002883853254224047,2026
23273,Scotland,-5.33045978123062,57.836412347957,0.00020855358442601574,2026
23274,Scotland,-5.24639297228874,57.8385933443865,0.00020855358442601574,2026
23275,Scotland,-5.16231414641142,57.8407186935618,0.00020855358442601574,2026
23276,,-5.07822361191576,57.8427883792106,0.0002779657045988007,2026
23277,Scotland,-4.99412167738858,57.844802385483,0.0002779657045988007,2026
23278,Scotland,-4.91000865167943,57.8467606969515,0.0002779657045988007,2026
23279,Scotland,-4.82588484389357,57.8486632986116,0.0002779657045988007,2026
23280,Scotland,-4.741750563385,57.8505101758824,0.0002779657045988007,2026
23281,Scotland,-4.65760611974933,57.8523013146068,0.0004956696078558119,2026
23282,Scotland,-4.5734518228168,57.8540367010517,0.0004956696078558119,2026
23283,Scotland,-4.48928798264519,57.8557163219089,0.0004956696078558119,2026
23284,Scotland,-4.40511490951274,57.857340164295,0.0005582694328117258,2026
23287,Scotland,-4.15254339829055,57.8618768981764,0.0013799336036810182,2026
23384,Scotland,-7.09886664912515,57.8225229315139,0.00033001072601552476,2026
23385,Scotland,-7.01501997280528,57.8258737849093,0.00023800307370183462,2026
23386,Scotland,-6.93115480351054,57.8291693352603,0.00023800307370183462,2026
23387,Scotland,-6.84727144352634,57.8324095574567,0.00023800307370183462,2026
23388,Scotland,-6.76337019555337,57.8355944268005,0.00023054186999054655,2026
23400,,-5.7552706775117,57.8694869112112,0.0010190649463302092,2026
23402,Scotland,-5.58704492862085,57.8743577027173,0.0014209762305183336,2026
23404,Scotland,-5.41876597120559,57.8790058007405,0.0005583840723390879,2026
23406,Scotland,-5.25043627387644,57.883431062772,0.0003525486378421879,2026
23408,Scotland,-5.08205830992597,57.8876333530602,0.00037191384893703387,2026
23409,Scotland,-4.99785200209682,57.8896508432296,0.0002779657045988007,2026
23410,Scotland,-4.9136345571048,57.891612542626,0.0002779657045988007,2026
23411,Scotland,-4.82940628532837,57.8935184361875,0.0005170329809170123,2026
23412,Scotland,-4.74516749739641,57.8953685092773,0.0004956696078558119,2026
23413,Scotland,-4.66091850418116,57.8971627476842,0.0004956696078558119,2026
23414,Scotland,-4.57665961679109,57.8989011376225,0.0004956696078558119,2026
23415,Scotland,-4.4923911465638,57.900583665733,0.0004889547430002859,2026
23416,Scotland,-4.40811340505888,57.9022103190831,0.0012673706865624172,2026
23417,Scotland,-4.32382670405079,57.9037810851671,0.0012437377525840695,2026
23418,Scotland,-4.23953135552169,57.9052959519067,0.0005688434663902515,2026
23419,Scotland,-4.15522767165426,57.906754907651,0.0011327981254707763,2026
23420,Scotland,-4.07091596482455,57.9081579411775,0.0013311210077142626,2026
23519,Scotland,-6.85330301351674,57.8771586026994,0.00018974416712148382,2026
23537,,-5.33876721596314,57.926079733876,0.0011745889644288856,2026
23539,Scotland,-5.17020395171854,57.9304009921828,0.0006855250254678768,2026
23540,Scotland,-5.08590445526599,57.9324778463423,0.0003725256335479075,2026
23541,Scotland,-5.00159346401275,57.9344988290688,0.00020855358442601574,2026
23542,Scotland,-4.91727128935825,57.9364639248164,0.0004956696078558119,2026
23543,Scotland,-4.83293824296119,57.9383731184656,0.0005170329809170123,2026
23544,Scotland,-4.74859463673245,57.9402263953237,0.0005170329809170123,2026
23545,Scotland,-4.66424078282798,57.9420237411247,0.0004956696078558119,2026
23546,Scotland,-4.57987699364159,57.9437651420303,0.0004956696078558119,2026
23547,Scotland,-4.49550358179784,57.9454505846301,0.0008167231372170244,2026
23548,Scotland,-4.41112086014483,57.9470800559418,0.0010261177416118217,2026
23549,Scotland,-4.32672914174701,57.9486535434118,0.0005170329809170123,2026
23550,Scotland,-4.242328739878,57.9501710349153,0.0005532730623821181,2026
23551,Scotland,-4.15791996801334,57.9516325187568,0.0006301124655625171,2026
23649,Scotland,-7.02751491765867,57.9153485757301,0.00031643230208665344,2026
23651,Scotland,-6.85935254543056,57.9219069300657,0.0001838000621618218,2026
23652,Scotland,-6.77524415254211,57.9251028064522,0.00018974416712148382,2026
23653,Scotland,-6.69111802909993,57.9282431162179,0.00018974416712148382,2026
23671,Scotland,-5.17416653894693,57.9752414068255,0.00037191384893703387,2026
23672,Scotland,-5.08976209545298,57.9773218586223,0.00037191384893703387,2026
23673,Scotland,-5.00534610937509,57.9793463426024,0.00020855358442601574,2026
23674,Scotland,-4.92091889339822,57.9813148431602,0.00020855358442601574,2026
23675,Scotland,-4.83648076046846,57.9832273451183,0.0003725256335479075,2026
23676,Scotland,-4.75203202378584,57.9850838337275,0.0010104702863032652,2026
23677,Scotland,-4.66757299679714,57.9868842946672,0.001040201842931742,2026
23678,Scotland,-4.5831039931887,57.9886287140458,0.0011081117281162563,2026
23679,Scotland,-4.49862532687921,57.9903170784015,0.0005170329809170123,2026
23680,Scotland,-4.41413731201246,57.9919493747021,0.0010261177416118217,2026
23681,Scotland,-4.32964026295011,57.9935255903457,0.0005170329809170123,2026
23682,Scotland,-4.24513449426445,57.9950457131611,0.0005170329809170123,2026
23683,Scotland,-4.16062032073112,57.9965097314078,0.0010261177416118217,2026
23684,Scotland,-4.07609805732183,57.9979176337768,0.0005507069917607523,2026
23685,Scotland,-3.99156801919706,57.9992694093905,0.0005507069917607523,2026
23686,Scotland,-3.9070305216988,58.0005650478033,0.0009711407711911025,2026
23782,Scotland,-6.94961442581756,57.9633975006096,0.00018974416712148382,2026
23783,Scotland,-6.86542011354421,57.9666545381165,0.00013291609640360852,2026
23784,Scotland,-6.78120769045136,57.9698559384812,0.00012301475342457784,2026
23786,Scotland,-6.61272973949212,57.9760917299441,0.00013291609640360852,2026
23787,Scotland,-6.52846482648744,57.9791260731673,0.0003146925224354921,2026
23801,Scotland,-5.34712436067084,58.0157450857346,0.0009554047637614257,2026
23802,Scotland,-5.26263877983391,58.0179412243064,0.00035371973559389017,2026
23803,Scotland,-5.17814098122374,58.0200813310567,0.000209246458843226,2026
23804,Scotland,-5.09363127827053,58.0221653894625,0.00020855358442601574,2026
23805,Scotland,-5.00910998468183,58.0241933834296,0.00020855358442601574,2026
23806,Scotland,-4.92457741443533,58.0261652972926,0.00019087568425803686,2026
23807,Scotland,-4.84003388177166,58.0280811158157,0.00020855358442601574,2026
23808,Scotland,-4.75547970118719,58.0299408241928,0.00020855358442601574,2026
23809,Scotland,-4.67091518742673,58.0317444080484,0.00037191384893703387,2026
23810,Scotland,-4.58634065547637,58.0334918534376,0.0005170329809170123,2026
23811,Scotland,-4.50175642055615,58.0351831468467,0.0005170329809170123,2026
23812,Scotland,-4.4171627981128,58.0368182751934,0.0010261177416118217,2026
23813,Scotland,-4.33256010381244,58.0383972258273,0.0005100288528916931,2026
23814,Scotland,-4.2479486535333,58.0399199865303,0.0005100288528916931,2026
23815,Scotland,-4.16332876335839,58.0413865455169,0.0005593577948985514,2026
23816,Scotland,-4.07870074956815,58.0427968914344,0.0005170329809170123,2026
23817,Scotland,-3.99406492863314,58.0441510133634,0.0005582694328117258,2026
23818,Scotland,-3.90942161720667,58.0454489008179,0.0006040795661084606,2026
23819,Scotland,-3.82477113211746,58.0466905437461,0.0005828061676077007,2026
23913,Scotland,-7.040084447353,58.0048203772708,0.0003053224890996489,2026
23914,Scotland,-6.9558043667385,58.0081387549817,0.00013721483672032606,2026
23915,Scotland,-6.8715057925485,58.0114014254044,0.00012301475342457784,2026
23916,Scotland,-6.78718903243148,58.0146083634619,0.00012977349095769417,2026
23918,Scotland,-6.61850218710406,58.0208549442673,0.00012301475342457784,2026
23919,Scotland,-6.53413271926381,58.0238945389573,0.0001708462378450635,2026
23920,Scotland,-6.44974630022309,58.0268783051673,0.0002068251782735727,2026
23933,Scotland,-5.3513217035195,58.0605769975029,0.0006487583761755828,2026
23934,Scotland,-5.26673065005012,58.0627769452287,0.0009235228711077051,2026
23935,Scotland,-5.18212732789168,58.0649207643973,0.0003196945063309691,2026
23936,Scotland,-5.09751205177049,58.0670084384221,0.000209246458843226,2026
23937,Scotland,-5.0128851366921,58.0690399511469,0.000209246458843226,2026
23938,Scotland,-4.92824689793415,58.071015286846,0.000209246458843226,2026
23939,Scotland,-4.84359765103903,58.0729344302251,0.000209246458843226,2026
23940,Scotland,-4.75893771180667,58.0747973664211,0.000209246458843226,2026
23941,Scotland,-4.67426739628719,58.0766040810031,0.00037376306616796596,2026
23942,Scotland,-4.58958702077367,58.0783545599725,0.0003725256335479075,2026
23943,Scotland,-4.50489690179479,58.0800487897635,0.0009497174963008296,2026
23944,Scotland,-4.4201973561075,58.0816867572436,0.0009024660458237122,2026
23945,Scotland,-4.3354887006897,58.0832684497134,0.0005170329809170123,2026
23946,Scotland,-4.25077125273288,58.0847938549079,0.0005170329809170123,2026
23947,Scotland,-4.16604532963472,58.086262960996,0.0004732194146588813,2026
23948,Scotland,-4.08131124899176,58.0876757565813,0.0005170329809170123,2026
23949,Scotland,-3.99656932859198,58.0890322307024,0.0010104702863032652,2026
23950,Scotland,-3.91181988640739,58.0903323728328,0.0004956696078558119,2026
23951,Scotland,-3.82706324058663,58.0915761728818,0.00041321551610710446,2026
23952,Scotland,-3.74229970944755,58.0927636211944,0.0004616726177109363,2026
24045,Scotland,-7.04639737470695,58.0495551531415,0.0002795553057240293,2026
24046,Scotland,-6.96201280130766,58.0528792731306,0.0001838000621618218,2026
24047,Scotland,-6.87760965755139,58.0561475904731,0.00017010885553822797,2026
24048,Scotland,-6.79318825234048,58.0593600799958,0.00017010885553822797,2026
24049,Scotland,-6.70874889500034,58.0625167169462,0.0001708462378450635,2026
24050,Scotland,-6.62429189527249,58.0656174769923,0.0002852012283373032,2026
24051,Scotland,-6.53981756330772,58.068662336224,0.00018001995194112194,2026
24052,Scotland,-6.45532620965912,58.0716512711531,0.00022762902782341634,2026
24066,Scotland,-5.27083478900501,58.1076121654903,0.0006127843773585829,2026
24067,Scotland,-5.18612562857082,58.1097597063652,0.0001677641108334247,2026
24068,Scotland,-5.10140446427486,58.1118510050572,0.00019740271121170515,2026
24069,Scotland,-5.01667161242798,58.1138860453475,0.00019740271121170515,2026
24070,Scotland,-4.93192738961498,58.1158648114502,0.00019740271121170515,2026
24071,Scotland,-4.84717211268729,58.1177872880117,0.00019740271121170515,2026
24072,Scotland,-4.7624060987557,58.1196534601117,0.00019740271121170515,2026
24073,Scotland,-4.67762966518293,58.1214633132638,0.00019740271121170515,2026
24074,Scotland,-4.59284312957637,58.1232168334153,0.0006878014447434003,2026
24075,Scotland,-4.50804680978066,58.1249140069481,0.0003700517465848162,2026
24076,Scotland,-4.42324102387032,58.1265548206788,0.00027419927803383097,2026
24077,Scotland,-4.33842609014239,58.1281392618594,0.0002779657045988007,2026
24078,Scotland,-4.25360232710897,58.1296673181773,0.0002779657045988007,2026
24079,Scotland,-4.16877005348982,58.1311389777558,0.0005170329809170123,2026
24080,Scotland,-4.08392958820495,58.1325542291545,0.0004732194146588813,2026
24081,Scotland,-3.99908125036716,58.1339130613695,0.0004732194146588813,2026
24082,Scotland,-3.91422535927458,58.1352154638339,0.0005100288528916931,2026
24083,Scotland,-3.82936223440321,58.1364614264179,0.0005232277837210014,2026
24084,Scotland,-3.74449219539943,58.1376509394291,0.000457729815076202,2026
24085,Scotland,-3.65961556207256,58.138783993613,0.00046061884609063114,2026
24177,Scotland,-7.05272918096469,58.0942891769697,0.0003146925224354921,2026
24178,Scotland,-6.96823980630703,58.0976190535323,0.0001838000621618218,2026
24179,Scotland,-6.88373178408099,58.1008930318577,0.00017010885553822797,2026
24180,Scotland,-6.79920542444967,58.1041110866764,0.00017010885553822797,2026
24181,Scotland,-6.71466103800214,58.1072731931409,0.0002852012283373032,2026
24182,Scotland,-6.63009893574651,58.1103793268259,0.0002779297714773788,2026
24183,Scotland,-6.545519429103,58.1134294637296,0.0001573377251733297,2026
24184,Scotland,-6.46092282989693,58.1164235802737,0.0001777996657936373,2026
24199,Scotland,-5.19013593316047,58.1545981564749,0.00026173449652817574,2026
24200,Scotland,-5.1053085643777,58.1566930889207,0.00014943034096885228,2026
24201,Scotland,-5.02046945917632,58.1587316656221,0.00014943034096885228,2026
24202,Scotland,-4.93561893545562,58.1607138707321,0.00014943034096885228,2026
24203,Scotland,-4.85075731138341,58.1626396888379,0.00014943034096885228,2026
24204,Scotland,-4.76588490538862,58.1645091049617,0.0001677641108334247,2026
24205,Scotland,-4.68100203615397,58.166322104561,0.0001677641108334247,2026
24206,Scotland,-4.59610902260851,58.1680786735289,0.00019740271121170515,2026
24207,Scotland,-4.51120618392022,58.1697787981946,0.00019740271121170515,2026
24208,Scotland,-4.4262938394886,58.1714224653239,0.000209246458843226,2026
24209,Scotland,-4.34137230893721,58.1730096621194,0.00027888912152519826,2026
24210,Scotland,-4.25644191210619,58.174540376221,0.0002779657045988007,2026
24211,Scotland,-4.17150296904482,58.1760145957059,0.0004956696078558119,2026
24212,Scotland,-4.08655580000402,58.1774323090897,0.0005170329809170123,2026
24213,Scotland,-4.00160072542886,58.1787935053258,0.0005100288528916931,2026
24214,Scotland,-3.91663806595106,58.1800981738064,0.0005757092990815545,2026
24215,Scotland,-3.83166814238144,58.1813463043625,0.0004889547430002859,2026
24216,Scotland,-3.74669127570245,58.1825378872644,0.0004956696078558119,2026
24217,Scotland,-3.66170778706055,58.1836729132215,0.0004152700067540574,2026
24218,Scotland,-3.57671799775874,58.1847513733832,0.0003518166245997816,2026
24219,,-3.49172222924896,58.1857732593388,0.0006629570137647754,2026
24309,Scotland,-7.05907994459585,58.1390224471619,0.0003146925224354921,2026
24310,Scotland,-6.97448545894847,58.1423580946535,0.0001838000621618218,2026
24312,Scotland,-6.80524062344651,58.1488613820884,0.0001838000621618218,2026
24313,Scotland,-6.72059089688233,58.1520289717223,0.0002843987395261449,2026
24314,Scotland,-6.63592338067756,58.1551404924671,0.00016715317606021157,2026
24315,Scotland,-6.55123838752882,58.1581959202288,0.00012143657142523847,2026
24316,Scotland,-6.46653623054068,58.1611952313385,0.00019768497315052913,2026
24317,Scotland,-6.38181722321861,58.1641384025536,0.00024811794208779635,2026
24330,Scotland,-5.27908007822995,58.1972811019269,0.0003935855362914586,2026
24331,Scotland,-5.19415829184123,58.1994361142375,0.00024810479880267556,2026
24332,Scotland,-5.10922440094702,58.2015346895626,0.00014943034096885228,2026
24333,Scotland,-5.02427872449064,58.2035768115582,0.00014164799940215327,2026
24334,Scotland,-4.93932158169322,58.2055624643161,0.00014164799940215327,2026
24335,Scotland,-4.85435329204631,58.2074916323638,0.00014164799940215327,2026
24336,Scotland,-4.76937417530442,58.2093643006657,0.00014164799940215327,2026
24337,Scotland,-4.6843845514776,58.2111804546229,0.00014943034096885228,2026
24338,Scotland,-4.59938474082403,58.2129400800741,0.0001677641108334247,2026
24339,Scotland,-4.51437506384245,58.2146431632955,0.00019740271121170515,2026
24340,Scotland,-4.42935584126477,58.2162896910018,0.00019740271121170515,2026
24341,Scotland,-4.34432739404853,58.2178796503459,0.000209246458843226,2026
24342,Scotland,-4.25929004336941,58.2194130289198,0.00027888912152519826,2026
24343,Scotland,-4.17424411061366,58.2208898147548,0.0005187501800091844,2026
24344,Scotland,-4.08918991737062,58.2223099963218,0.0005117228013890106,2026
24345,Scotland,-4.00412778542514,58.2236735625314,0.0005776212646458837,2026
24346,Scotland,-3.91905803675004,58.2249805027348,0.0006144010346420638,2026
24347,Scotland,-3.83398099349852,58.2262308067236,0.0005187501800091844,2026
24348,Scotland,-3.74889697799657,58.2274244647303,0.0005187501800091844,2026
24349,Scotland,-3.66380631273542,58.2285614674283,0.0004973158890131004,2026
24350,Scotland,-3.57870932036388,58.2296418059329,0.0003369767763810544,2026
24351,Scotland,-3.4936063236808,58.2306654718004,0.000694571363621453,2026
24442,Scotland,-6.98074983687676,58.1870963949517,0.00023800307370183462,2026
24444,Scotland,-6.81129392443751,58.193610964808,0.0001905666477124278,2026
24445,Scotland,-6.72653854547388,58.1967840513245,0.000312481486903993,2026
24446,Scotland,-6.64176530262218,58.1999009726071,0.00015944290389594465,2026
24447,Scotland,-6.55697450986247,58.2029617044687,0.00012091241832503245,2026
24448,Scotland,-6.47216648158563,58.2059662231496,0.00014521786982783249,2026
24450,,-6.30249997805539,58.2118065280687,0.0003171316520267926,2026
24451,Scotland,-6.21764213357376,58.2146422689284,0.0006660331247794769,2026
24461,Scotland,-5.36823743323134,58.2398995370149,0.00043458670260613006,2026
24462,,-5.28322133177288,58.242114817041,0.0007481942192641755,2026
24463,Scotland,-5.19819275507687,58.2442735791605,0.0006892576801347211,2026
24464,Scotland,-5.11315202312669,58.2463758065294,0.0001426867527071099,2026
24465,Scotland,-5.02809945619296,58.2484214827404,0.00013205765857899804,2026
24466,Scotland,-4.94303537482607,58.2504105918236,0.00014164799940215327,2026
24467,Scotland,-4.85796009984872,58.2523431182468,0.00014164799940215327,2026
24468,Scotland,-4.77287395234842,58.2542190469159,0.00014943034096885228,2026
24469,Scotland,-4.68777725367007,58.2560383631757,0.00014943034096885228,2026
24470,Scotland,-4.60267032540838,58.2578010528099,0.00014943034096885228,2026
24471,Scotland,-4.51755348940037,58.2595071020416,0.0001677641108334247,2026
24472,Scotland,-4.43242706771785,58.2611564975338,0.00019740271121170515,2026
24473,Scotland,-4.34729138265987,58.2627492263898,0.00035203155926206997,2026
24474,Scotland,-4.26214675674513,58.2642852761535,0.00035261064977389783,2026
24475,Scotland,-4.17699351270442,58.2657646348097,0.00034783313845579715,2026
24476,Scotland,-4.09183197347304,58.2671872907845,0.00039263456588174516,2026
24477,Scotland,-4.00666246218319,58.2685532329456,0.0003593587772133949,2026
24478,Scotland,-3.92148530215635,58.2698624506029,0.00038530673175715544,2026
24479,Scotland,-3.83630081689566,58.2711149335083,0.00035261064977389783,2026
24480,Scotland,-3.75110933007829,58.2723106718563,0.0004893965082605846,2026
24481,Scotland,-3.6659111655478,58.2734496562843,0.00037552783775655826,2026
24482,Scotland,-3.58070664730646,58.2745318778729,0.0003632155780874848,2026
24483,Scotland,-3.49549609950761,58.2755573281459,0.00036874033326335425,2026
24484,Scotland,-3.41027984644797,58.2765259990706,0.00040448149677742187,2026
24577,Scotland,-6.73250405802474,58.2415384305735,0.0001656017936871245,2026
24578,Scotland,-6.64762477454489,58.2446607659288,0.000125533466850654,2026
24579,Scotland,-6.56272786778219,58.2477268151886,0.0001275556630569128,2026
24580,Scotland,-6.47781365342089,58.2507365545015,0.00013211154563012466,2026
24581,Scotland,-6.39288244755179,58.2536899604454,0.00019149215464734522,2026
24597,Scotland,-5.03193170237573,58.2932656787504,0.00013459060606598678,2026
24598,Scotland,-4.94676036161544,58.2952582528735,0.00013205765857899804,2026
24599,Scotland,-4.86157778021887,58.2971941461416,0.00013205765857899804,2026
24600,Scotland,-4.77638428061407,58.2990733434023,0.00014943034096885228,2026
24601,Scotland,-4.69118018548823,58.3008958299432,0.00014943034096885228,2026
24602,Scotland,-4.60596581778015,58.3026615914931,0.00014943034096885228,2026
24603,Scotland,-4.52074150067265,58.3043706142215,0.0004623119762625903,2026
24604,Scotland,-4.43550755758501,58.3060228847397,0.0005047668379688342,2026
24605,Scotland,-4.35026431216533,58.3076183901008,0.0005440288612922265,2026
24606,Scotland,-4.26501208828293,58.3091571178004,0.0005600437799653337,2026
24607,Scotland,-4.17975121002071,58.3106390557767,0.00045604880298258973,2026
24608,Scotland,-4.09448200166755,58.3120641924107,0.00029991808018135286,2026
24609,Scotland,-4.00920478771059,58.313432516527,0.00027401506864535173,2026
24610,Scotland,-3.9239198928276,58.3147440173937,0.0002928821977017393,2026
24611,Scotland,-3.83862764187932,58.3159986847231,0.000274465857577559,2026
24612,Scotland,-3.75332835990172,58.3171965086715,0.000274465857577559,2026
24613,Scotland,-3.66802237209835,58.3183374798399,0.0002707468409866308,2026
24614,Scotland,-3.5827100038326,58.3194215892742,0.0003632155780874848,2026
24615,Scotland,-3.49739158061999,58.3204488284652,0.00026168793596080927,2026
24616,Scotland,-3.41206742812044,58.3214191893491,0.00034377989143350167,2026
24617,Scotland,-3.32673787213056,58.3223326643077,0.0003767908690363354,2026
24618,Scotland,-3.24140323857584,58.3231892461687,0.00037831263606610246,2026
24709,Scotland,-6.73848750920075,58.2862921080867,0.00026619679160107626,2026
24710,Scotland,-6.65350186982101,58.2894198711074,0.00024315970848974642,2026
24711,Scotland,-6.56849853336988,58.2924912511202,0.0001549538974691724,2026
24712,Scotland,-6.48347781683216,58.2955062241817,0.0001324305704561999,2026
24713,Scotland,-6.39844003760203,58.2984647667791,0.000125533466850654,2026
24714,Scotland,-6.31338551347585,58.3013668558315,0.00018278964262818918,2026
24728,Scotland,-5.12104282228369,58.3360565876087,0.00023800307370183462,2026
24729,Scotland,-5.03577551140371,58.3381093991666,0.00013291609640360852,2026
24730,Scotland,-4.95049658908744,58.3401054470816,0.00012301475342457784,2026
24731,Scotland,-4.86520637884239,58.3420447157006,0.0001245645390738681,2026
24732,Scotland,-4.77990520444463,58.3439271898122,0.00013931316666278382,2026
24733,Scotland,-4.69459338993125,58.3457528546472,0.00013931316666278382,2026
24734,Scotland,-4.60927125959271,58.3475216958786,0.00014943034096885228,2026
24735,Scotland,-4.52393913796521,58.3492336996222,0.00014943034096885228,2026
24736,Scotland,-4.43859734982309,58.3508888524374,0.00025120235298014393,2026
24737,Scotland,-4.35324622017113,58.3524871413269,0.00025120235298014393,2026
24738,Scotland,-4.26788607423689,58.3540285537376,0.0005129420786015767,2026
24739,Scotland,-4.18251723746305,58.3555130775607,0.0002928821977017393,2026
24740,Scotland,-4.09714003549969,58.3569407011321,0.000274465857577559,2026
24741,Scotland,-4.01175479419657,58.3583114132329,0.00027401506864535173,2026
24742,Scotland,-3.92636183959545,58.3596252030895,0.000274465857577559,2026
24743,Scotland,-3.84096149792232,58.3608820603739,0.000274465857577559,2026
24744,Scotland,-3.75555409557968,58.3620819752044,0.00025120235298014393,2026
24745,Scotland,-3.67013995913877,58.3632249381452,0.0002783012782169979,2026
24746,Scotland,-3.58471941533181,58.3643109402072,0.0003104022361186607,2026
24747,Scotland,-3.49929279104424,58.3653399728483,0.00028938962152745426,2026
24748,Scotland,-3.41386041330693,58.3663120279733,0.0002912534103440373,2026
24749,Scotland,-3.32842260928836,58.3672270979342,0.0002931010916354757,2026
24750,Scotland,-3.24297970628688,58.3680851755306,0.00036937013405068895,2026
24751,Scotland,-3.15753203172284,58.3688862540099,0.0006178482682630903,2026
24842,Scotland,-6.65939666223955,58.3341782868099,0.0002764638054638764,2026
24843,Scotland,-6.57428657911402,58.3372550109874,0.0003281662487233171,2026
24844,Scotland,-6.4891590430045,58.3402752309698,0.00016817109220533422,2026
24845,Scotland,-6.40401437261579,58.3432389231533,0.000125533466850654,2026
24846,Scotland,-6.31885288705769,58.3461460643677,0.00012164877543489689,2026
24847,Scotland,-6.2336749058377,58.3489966318766,0.00027517610637546065,2026
24860,Scotland,-5.12500609894574,58.3808962507984,0.00044617923459540647,2026
24861,,-5.03963093191589,58.3829526435648,0.00021996893825429348,2026
24862,Scotland,-4.95424410453491,58.3849521740611,0.00020308232937386183,2026
24863,Scotland,-4.86884594166403,58.3868948265733,0.00012301475342457784,2026
24864,Scotland,-4.78343676843499,58.3887805858309,0.00012301475342457784,2026
24865,Scotland,-4.69801691024235,58.3906094370071,0.00013140841450732068,2026
24866,Scotland,-4.61258669273587,58.3923813657192,0.00013931316666278382,2026
24867,Scotland,-4.52714644181278,58.394096358029,0.00014943034096885228,2026
24868,Scotland,-4.44169648361013,58.3957544004434,0.0002664916444732899,2026
24869,Scotland,-4.35623714449706,58.3973554799146,0.00027401506864535173,2026
24870,Scotland,-4.27076875106706,58.3988995838405,0.000274465857577559,2026
24871,Scotland,-4.18529163013025,58.4003867000653,0.0004982734008305679,2026
24872,Scotland,-4.09980610870564,58.4018168168794,0.000274465857577559,2026
24873,Scotland,-4.01431251401334,58.40318992302,0.00025120235298014393,2026
24874,Scotland,-3.92881117346682,58.4045060076716,0.00027174025201482077,2026
24875,Scotland,-3.84330241466507,58.4057650604661,0.0002928821977017393,2026
24876,Scotland,-3.75778656538486,58.4069670714829,0.0002608015425223214,2026
24877,Scotland,-3.6722639535729,58.4081120312497,0.0002952484341291527,2026
24878,Scotland,-3.58673490733802,58.4091999307422,0.00028938962152745426,2026
24879,Scotland,-3.50119975494334,58.4102307613851,0.0003023826070852384,2026
24880,Scotland,-3.41565882479847,58.4112045150513,0.00042235416019671657,2026
24881,Scotland,-3.33011244545161,58.4121211840634,0.00042235416019671657,2026
24882,Scotland,-3.24456094558172,58.4129807611926,0.00036937013405068895,2026
24883,Scotland,-3.15900465399065,58.41378323966,0.0005630124324477824,2026
24976,Scotland,-6.49485740352517,58.3850435736381,0.0002171155674633045,2026
24977,Scotland,-6.40960552286689,58.3880124283956,0.0001711884324104301,2026
24978,Scotland,-6.32433675636815,58.3909246345185,0.00012629796260973792,2026
24979,Scotland,-6.23905142486,58.3937801691823,0.00020187369604817335,2026
24993,Scotland,-5.04349801282745,58.4277954115173,0.00037771964168200223,2026
24994,Scotland,-4.95800295551925,58.4297984334221,0.00013291609640360852,2026
24995,Scotland,-4.87249651488957,58.4317444784066,0.00012301475342457784,2026
24996,Scotland,-4.78697901743341,58.4336335311408,0.00012301475342457784,2026
24997,Scotland,-4.7014507899105,58.43546557674,0.00012301475342457784,2026
24998,Scotland,-4.61591215933757,58.4372406007655,0.00021938705500861662,2026
24999,Scotland,-4.53036345298058,58.4389585892248,0.00013931316666278382,2026
25000,Scotland,-4.444804998347,58.4406195285722,0.00040518309329479874,2026
25001,Scotland,-4.35923712317804,58.4422234057088,0.0002554650462995923,2026
25002,Scotland,-4.27366015544086,58.4437702079836,0.000274465857577559,2026
25003,Scotland,-4.1880744233208,58.4452599231931,0.0005129420786015767,2026
25004,Scotland,-4.10248025521355,58.4466925395822,0.0002783012782169979,2026
25005,Scotland,-4.01687797971734,58.448068045844,0.00028212403433393297,2026
25006,Scotland,-3.93126792562511,58.4493864311209,0.00046947501408595236,2026
25007,Scotland,-3.8456504219167,58.4506476850042,0.000249911299904137,2026
25008,Scotland,-3.76002579775093,58.4518517975346,0.00023102283340903186,2026
25009,Scotland,-3.67439438245779,58.4529987592027,0.0003045513108492474,2026
25010,Scotland,-3.58875650553056,58.4540885609492,0.0002912534103440373,2026
25011,Scotland,-3.50311249661791,58.4551211941649,0.00036937013405068895,2026
25012,Scotland,-3.41746268551598,58.4560966506914,0.0005126540514938519,2026
25013,Scotland,-3.33180740216056,58.4570149228209,0.0005148755228748289,2026
25014,Scotland,-3.2461469766191,58.4578760032966,0.000592222588645269,2026
25015,Scotland,-3.16048173908282,58.458679885313,0.0009655906870271988,2026
25016,Scotland,-3.07481201985879,58.459426562516,0.0009516530745245655,2026
25109,Scotland,-6.41521355902684,58.432785281326,0.00021776609264203943,2026
25110,Scotland,-6.32983719075522,58.4357025651585,0.00021266449469344308,2026
25111,Scotland,-6.2444441877335,58.4385630795355,0.00027633630454208943,2026
25125,Scotland,-5.04737680333169,58.4726377025936,0.00041898883423032,2026
25126,Scotland,-4.96177318987241,58.4746442247721,0.00013721483672032606,2026
25127,Scotland,-4.87615814498761,58.4765936708449,0.00013291609640360852,2026
25128,Scotland,-4.79053199654333,58.4784860254221,0.00013291609640360852,2026
25130,Scotland,-4.61924770176554,58.4820994007663,0.0004625390356537879,2026
25131,Scotland,-4.5335902124659,58.4838203929911,0.00024413672841796846,2026
25133,Scotland,-4.36224619446561,58.487090918553,0.00026742382424758433,2026
25134,Scotland,-4.27656032423464,58.4886404260396,0.0004228654965066385,2026
25135,Scotland,-4.19086565253435,58.4901327468453,0.00041490956907293047,2026
25136,Scotland,-4.10516250914492,58.4915678691689,0.00024594982294543887,2026
25137,Scotland,-4.01945122405055,58.4929457816597,0.0004645487968733147,2026
25138,Scotland,-3.93373212743152,58.4942664734172,0.00043769871576738653,2026
25139,Scotland,-3.84800554965631,58.4955299339921,0.0003024751573859403,2026
25140,Scotland,-3.76227182127369,58.4967361533863,0.00025479090161899823,2026
25141,Scotland,-3.67653127300481,58.4978851220531,0.00031822480769251994,2026
25142,Scotland,-3.59078423573527,58.4989768308977,0.00032024353790793424,2026
25143,Scotland,-3.50503104050716,58.5000112712774,0.0008041360007024564,2026
25144,Scotland,-3.41927201851111,58.5009884350016,0.00055200921928355,2026
25145,Scotland,-3.33350750107838,58.5019083143324,0.0008955805709765076,2026
25146,Scotland,-3.24773781967282,58.5027709019846,0.001517136272914763,2026
25147,Scotland,-3.16196330588295,58.5035761911262,0.0012396548897731475,2026
25243,Scotland,-6.24985326286566,58.4833453618576,0.000235425760760125,2026
25257,Scotland,-5.05126735290203,58.5174795163598,0.0005690430573094749,2026
25258,Scotland,-4.9655548556987,58.5194895477154,0.00017211590632999757,2026
25259,Scotland,-4.8798308786915,58.5214424035296,0.00013291609640360852,2026
25260,Scotland,-4.7940957511252,58.5233380683523,0.00025161768115324247,2026
25261,Scotland,-4.70834980251307,58.5251765271824,0.0004058376237898912,2026
25263,Scotland,-4.53682676149978,58.5286817691071,0.00039043746802695393,2026
25264,Scotland,-4.45105032939702,58.5303485244479,0.0008094067687447402,2026
25266,Scotland,-4.27946929453508,58.5335102378799,0.0007577446380875488,2026
25267,Scotland,-4.19366535347305,58.5350051709218,0.0007493095047698522,2026
25268,Scotland,-4.10785290481598,58.5364428055672,0.0004615143142388566,2026
25269,Scotland,-4.02203227994187,58.5378231304208,0.0006409416214352492,2026
25270,Scotland,-3.93620381042624,58.5391461345395,0.00041869663113116337,2026
25271,Scotland,-3.85036782803415,58.5404118074332,0.0004103891588143964,2026
25272,Scotland,-3.76452466471223,58.5416201390645,0.000796440859463979,2026
25273,Scotland,-3.67867465258071,58.5427711198493,0.0009228908313182367,2026
25274,Scotland,-3.59281812392545,58.5438647406572,0.0009581326379374727,2026
25275,Scotland,-3.50695541118992,58.5449009928116,0.0011318296161941014,2026
25276,Scotland,-3.42108684696721,58.5458798680897,0.00048132419476396075,2026
25277,Scotland,-3.33521276399197,58.5468013587234,0.0014409565488016087,2026
25278,Scotland,-3.24933349513248,58.547665457399,0.001473792855318132,2026
25279,Scotland,-3.16344937338253,58.5484721572575,0.0006940056412956077,2026
25390,Scotland,-4.96934800137681,58.5643344018536,0.0002948506082917088,2026
25391,Scotland,-4.88351476300114,58.5662906760995,0.00030694325783909416,2026
25393,,-4.71181502366998,58.5700313373146,0.00043100176277796837,2026
25395,Scotland,-4.54007314154868,58.5735427173503,0.0004263623974771808,2026
25401,Scotland,-4.02462118050836,58.5827000920801,0.0005296986193370053,2026
25405,Scotland,-3.68082454870874,58.5876567526393,0.0014803098794683375,2026
25406,Scotland,-3.59485819622298,58.5887522902967,0.0005403064651245825,2026
25407,Scotland,-3.50888563338564,58.5897903588565,0.0011182387969253405,2026
25408,Scotland,-3.42290719420024,58.5907709500637,0.0005825364258982136,2026
25409,Scotland,-3.33692321281294,58.5916940561197,0.0011955826993991269,2026
25410,Scotland,-3.2509340235044,58.5925596696819,0.0006038660281217443,2026
25411,Scotland,-3.16493996068173,58.5933677838646,0.0005997301964708771,2026
25412,Scotland,-3.07894135887039,58.5941183922384,0.0004915601508352636,2026
25522,Scotland,-4.97315267556173,58.6091787867851,0.0004649157606076683,2026
25523,Scotland,-4.88720984518494,58.6111384881908,0.00034897411643810216,2026
25541,Scotland,-3.3386388695784,58.6365864066467,0.0007166402274870054,2026
25542,Scotland,-3.25253942541236,58.6374535389757,0.0006624170239826853,2026
25543,Scotland,-3.1664350869902,58.6382630711055,0.0005719854825152564,2026
25544,Scotland,-3.08032619025961,58.6390149965814,0.001056886604687105,2026
26070,Scotland,-3.25901018504057,58.8170255891114,0.0009831685367470255,2026
26074,Scotland,-2.91278847362039,58.8199384512864,0.0008017677021113628,2026
26201,Scotland,-3.34729605277423,58.8610429606414,0.0005477505014302367,2026
26202,Scotland,-3.26064026815762,58.8619177455988,0.0008454809878234266,2026
26333,Scotland,-3.34904342713077,58.9059332325912,0.0007998267029664417,2026
26338,Scotland,-2.91515628152543,58.9097326998388,0.0007030651236545612,2026
26339,Scotland,-2.82836654692055,58.9103179128973,0.0008096468374516377,2026
26467,Scotland,-3.17702970036873,58.9525205928507,0.0008249031999950172,2026
26468,Scotland,-3.09013924879306,58.9532818335145,0.0007678072414143048,2026
26469,Scotland,-3.00324444676903,58.9539847481451,0.0005988831181315483,2026
26470,Scotland,-2.91634564065693,58.9546293310505,0.0006708967872810941,2026
26471,,-2.8294431769166,58.9552155770106,0.0007679759990366825,2026
26472,Scotland,-2.74253740209885,58.9557434812771,0.0008239857279018493,2026
26597,Scotland,-3.35255429630614,58.995712738646,0.0006470993641852295,2026
26598,Scotland,-3.26556060227811,58.9965921628351,0.0007202752442772875,2026
26599,Scotland,-3.17856184369436,58.9974131708723,0.0005032426866877458,2026
26601,Scotland,-3.00455052347568,58.9988799123169,0.0008753890904325185,2026
26602,Scotland,-2.91753865743407,58.9995256338212,0.0007059643887279678,2026
26730,Scotland,-3.26721081389125,59.0414829516485,0.0007780124554906245,2026
26731,Scotland,-3.18009870397292,59.0423054109576,0.0006111194458152644,2026
26732,Scotland,-3.09298185677522,59.0430693442408,0.000602185480449958,2026
26862,Scotland,-3.26886611192959,59.0863733989009,0.0006028362903765188,2026
26863,Scotland,-3.18164030155277,59.0871973132664,0.0003777084594980902,2026
26864,Scotland,-3.0944097334299,59.0879625981249,0.0005995875292994717,2026
26869,Scotland,-2.65819780650079,59.0909093781994,0.0011368530626597489,2026
26870,Scotland,-2.57094606117772,59.0913227717352,0.0011174661465120938,2026
26994,Scotland,-3.27052651836653,59.1312635047355,0.0008512957555569476,2026
26995,Scotland,-3.18318665690074,59.1320888779583,0.0005914657154175502,2026
26997,Scotland,-3.0084929512376,59.1335634183673,0.0007281728387064615,2026
27128,Scotland,-3.09727872686416,59.1777481038111,0.0007735876429128591,2026
27129,,-3.00981521787676,59.178457258861,0.0007153605707584779,2026
27264,Scotland,-2.74838342546911,59.2251282645352,0.000888818805759031,2026
27265,Scotland,-2.6607908166491,59.225602832463,0.0011519134351941941,2026
27399,Scotland,-2.48623712696727,59.2712735976504,0.0012498144645287485,2026
27525,Scotland,-3.01380663713031,59.3131367984344,0.0008005369214646116,2026
29260,,-1.3336075372161,59.8990689894862,0.0007463051558079454,2026
29392,Scotland,-1.33270724796267,59.9439614748264,0.0007746536751508505,2026
29657,Scotland,-1.24117538894258,60.0332610353308,0.000630324745269263,2026
29788,Scotland,-1.32998924912227,60.0786370375505,0.0006805294459446765,2026
29789,Scotland,-1.24014462763191,60.0781517002602,0.0006142674153939445,2026
29921,Scotland,-1.23911059452457,60.1230420478404,0.0006097860103740207,2026
30053,Scotland,-1.2380732749766,60.1679320783088,0.0005698463702867497,2026
30183,Scotland,-1.41746083950792,60.2137363978048,0.0005318073419999152,2026
30184,,-1.3272452849049,60.2133097655262,0.00048060255458667276,2026
30185,Scotland,-1.23703265425571,60.2128217919034,0.0006029609269519706,2026
30313,Scotland,-1.59734909299207,60.2592978890697,0.0006182614448013475,2026
30314,Scotland,-1.50700538126671,60.2589933996041,0.0004715648307674256,2026
30315,Scotland,-1.41666381883537,60.2586274508806,0.0003705954891194649,2026
30316,Scotland,-1.32632479963676,60.258200046067,0.0003725815237736708,2026
30317,Scotland,-1.23598871754061,60.2577111888625,0.0004774436669852364,2026
30318,Scotland,-1.14565596633701,60.257160883498,0.0005826098382717758,2026
30445,,-1.59679727860247,60.3041898454765,0.0005493360604328848,2026
30446,Scotland,-1.5063296872743,60.3038848041051,0.000572338986517773,2026
30447,Scotland,-1.41586425492103,60.3035181920964,0.00036557439085543013,2026
30448,Scotland,-1.32540137725533,60.3030900126313,0.0003725815237736708,2026
30449,Scotland,-1.23494144992039,60.3026002694247,0.0004774436669852364,2026
30450,Scotland,-1.14448486847914,60.3020489667251,0.0005833069592018019,2026
30581,Scotland,-1.23389083639379,60.3474890338294,0.0004650647704123033,2026
30712,Scotland,-1.32354566815876,60.3928690048327,0.0003482998530181838,2026
30713,Scotland,-1.23283686186853,60.3923774823161,0.0004650647704123033,2026
30714,Scotland,-1.142131431748,60.3918241767229,0.0005833069592018019,2026
30843,Scotland,-1.41345018882985,60.4381885471862,0.00046483014042840887,2026
30845,Scotland,-1.23177951116065,60.437265615125,0.0005452995019892574,2026
30847,,-1.05012239918214,60.4360951022844,0.000558279270630104,2026
30973,Scotland,-1.59457230916644,60.4837545912176,0.0007673565169433952,2026
30975,Scotland,-1.4126403367013,60.4830780435672,0.0003705954891194649,2026
30976,Scotland,-1.32167805082119,60.4826467441385,0.0003705954891194649,2026
30977,Scotland,-1.23071876899376,60.4821534324966,0.0005833069592018019,2026
31106,,-1.5029186368939,60.5283371853031,0.0007332113785343097,2026
31107,Scotland,-1.41182788335593,60.5279672293938,0.0004612849137066908,2026
31110,Scotland,-1.13857291944229,60.5264846039912,0.00046732094590564127,2026
31111,Scotland,-1.0474950456602,60.5258661574272,0.00045340843165484493,2026
31239,Scotland,-1.41101281698596,60.5728561049286,0.0005785666345042774,2026
31240,Scotland,-1.31979841714485,60.5724232325654,0.0005598634653083448,2026
31242,Scotland,-1.13737911811382,60.5713707772654,0.00046732094590564127,2026
31243,Scotland,-1.04617503168594,60.5707512035895,0.00046732094590564127,2026
31245,Scotland,-0.86378001612878,60.5693253914423,0.0005953240318387147,2026
31372,Scotland,-1.31885406003769,60.6173110083315,0.0005380830902676841,2026
31374,Scotland,-1.13618147260051,60.6162566330131,0.00046483014042840887,2026
31375,Scotland,-1.04485076729807,60.6156359290983,0.0003725815237736708,2026
31377,Scotland,-0.862202573890211,60.614207516129,0.000559854368990529,2026
31378,,-0.77088590156803,60.6133998196707,0.0005182715408756505,2026
31639,Scotland,-1.04218940976091,60.7054044190148,0.00046483014042840887,2026
31640,Scotland,-0.950608549422748,60.7047188802689,0.0006895363412577897,2026
31641,,-0.859032409574281,60.7039707826835,0.0005231834293257198,2026
31772,,-0.949143588228514,60.7496013909936,0.00045219969231423114,2026
31773,Scotland,-0.857439640983434,60.7488519249145,0.0005912260479281217,2026
31905,Scotland,-0.855841716856702,60.7937327400235,0.0005912260479281217,2026
